{
	"type" : "FeatureCollection",
	"name" : "COMM_USE_SITES",
	"features" : [
		{
			"type" : "Feature",
			"geometry" : {
				"type" : "MultiPolygon",
				"coordinates" : [
					[
						[
							[ 103.94190278665077, 1.3601511581689016 ],
							[ 103.94190806099093, 1.3601458493209098 ],
							[ 103.94192920287084, 1.3601154708197072 ],
							[ 103.94194476451571, 1.3600818459088586 ],
							[ 103.94195428770401, 1.3600460146263622 ],
							[ 103.94195746697238, 1.3600090622213505 ],
							[ 103.94195739059043, 1.359908479002273 ],
							[ 103.9419841287402, 1.359637141842035 ],
							[ 103.94198434077065, 1.3600383686870328 ],
							[ 103.94198240769325, 1.3601329316542834 ],
							[ 103.94198174806286, 1.3601511545930856 ],
							[ 103.94190330781856, 1.360151158145309 ],
							[ 103.94190278665077, 1.3601511581689016 ]
						]
					],
					[
						[
							[ 103.94194674044105, 1.3583920268696121 ],
							[ 103.94193886074424, 1.3586696204642703 ],
							[ 103.94192608464938, 1.3587030734198282 ],
							[ 103.94190371151058, 1.3587281614540405 ],
							[ 103.94187558755767, 1.3587532497480852 ],
							[ 103.94185449896376, 1.3587693393145641 ],
							[ 103.9418372380536, 1.35878091593783 ],
							[ 103.94181358843495, 1.3587944281859228 ],
							[ 103.94178163596371, 1.3588053633750925 ],
							[ 103.94175607194289, 1.358808584061151 ],
							[ 103.94120128009232, 1.358807324858201 ],
							[ 103.94113352811648, 1.358802824174948 ],
							[ 103.94107123011459, 1.3587912420845762 ],
							[ 103.94101179801547, 1.358767939322551 ],
							[ 103.9409539198211, 1.358730781651737 ],
							[ 103.94089639200504, 1.358692186026875 ],
							[ 103.94082416236567, 1.3586240003088321 ],
							[ 103.94074244241658, 1.3585224892445755 ],
							[ 103.94070384673651, 1.3584696761846073 ],
							[ 103.94042908068074, 1.3581978189142436 ],
							[ 103.9404036137912, 1.358162088675976 ],
							[ 103.94038431071269, 1.3581185896862968 ],
							[ 103.94037813603717, 1.3580836363397115 ],
							[ 103.94037736169975, 1.358047905000439 ],
							[ 103.94038199699342, 1.3580183863924322 ],
							[ 103.94038816866144, 1.3579849879995864 ],
							[ 103.94040823165585, 1.3579407095032325 ],
							[ 103.94055875232198, 1.3577855322226455 ],
							[ 103.9407520527052, 1.3576097878121736 ],
							[ 103.94085961442403, 1.3574874046299765 ],
							[ 103.94095003118126, 1.3573571723426092 ],
							[ 103.94096633670188, 1.3573408225421144 ],
							[ 103.94194674044105, 1.3583920268696121 ]
						]
					],
					[
						[
							[ 103.94373569778702, 1.3565881658661818 ],
							[ 103.94359369804656, 1.3565946476185649 ],
							[ 103.9435128727183, 1.3566053499341848 ],
							[ 103.9434741897791, 1.3566104794429026 ],
							[ 103.94344145529604, 1.3566148128394517 ],
							[ 103.94329110005451, 1.356646680418079 ],
							[ 103.94314476208017, 1.3566938857958037 ],
							[ 103.94300268381954, 1.3567528024680122 ],
							[ 103.94286575483423, 1.3568230957808274 ],
							[ 103.94273657207256, 1.3569069903493662 ],
							[ 103.94261354486619, 1.3569998287792078 ],
							[ 103.94250068995545, 1.3571051740780662 ],
							[ 103.94239648858297, 1.3572189205094771 ],
							[ 103.94230310633475, 1.3573420989498584 ],
							[ 103.94222001295185, 1.3574723219068074 ],
							[ 103.94218259813285, 1.3575436407430967 ],
							[ 103.941497124542, 1.3568085848431288 ],
							[ 103.94177310612918, 1.3565318500683234 ],
							[ 103.94205999555575, 1.3562402976938748 ],
							[ 103.94206023815704, 1.3562400535049755 ],
							[ 103.94233484488464, 1.3559649077022824 ],
							[ 103.94263581523623, 1.3562870361923451 ],
							[ 103.94272965298889, 1.3563036450694084 ],
							[ 103.94272620256335, 1.3562649366926958 ],
							[ 103.94272548050957, 1.356233629496481 ],
							[ 103.9427271575816, 1.3562214612196457 ],
							[ 103.94272779765716, 1.3562080901875448 ],
							[ 103.9427342296691, 1.3561701428347528 ],
							[ 103.94274245062982, 1.3561501741316973 ],
							[ 103.94275764408077, 1.356122111065 ],
							[ 103.94282955981487, 1.3560041879360456 ],
							[ 103.94284575924388, 1.3559669726722927 ],
							[ 103.94288189262276, 1.3559945341944126 ],
							[ 103.94290683663453, 1.3560119981114083 ],
							[ 103.9429479470215, 1.356036513512047 ],
							[ 103.94299879786595, 1.3560616343909153 ],
							[ 103.94305725947676, 1.3560852355920847 ],
							[ 103.94311663727795, 1.356101167754052 ],
							[ 103.94315895998324, 1.356109133257665 ],
							[ 103.94320615280688, 1.35611495519844 ],
							[ 103.94326917810004, 1.3561158657251648 ],
							[ 103.94334712823051, 1.3561100380654565 ],
							[ 103.94341716172454, 1.3560977807467047 ],
							[ 103.94348263014055, 1.356077248716188 ],
							[ 103.94352529314286, 1.3560596207330606 ],
							[ 103.94367552164236, 1.3562062291283354 ],
							[ 103.94378877218253, 1.3563069247169037 ],
							[ 103.94383984304291, 1.3563486523788728 ],
							[ 103.94386502981813, 1.3563692318033331 ],
							[ 103.94397178914987, 1.3564501583117743 ],
							[ 103.94397179120733, 1.3564954578389383 ],
							[ 103.94397024715562, 1.3565279968796333 ],
							[ 103.94395727324599, 1.3565577419654646 ],
							[ 103.94394989632423, 1.3565640547564048 ],
							[ 103.94393268051194, 1.3565787966601914 ],
							[ 103.94392611209663, 1.3565806870803117 ],
							[ 103.94390140191658, 1.356587814594684 ],
							[ 103.94375005681358, 1.356587667807393 ],
							[ 103.94374994898592, 1.356587667812344 ],
							[ 103.94374978724444, 1.3565876678197712 ],
							[ 103.94374652545795, 1.356587667969546 ],
							[ 103.94373569778702, 1.3565881658661818 ]
						]
					]
				]
			},
			"properties" : {
				"OBJECTID" : 5576,
				"DESCRIPTION" : "SITE AREA:38014, FOR ENQUIRIES, PLEASE CALL  HDB AT 6490-1111 OR EMAIL at HDBMAILBOX@HDB.GOV.SG",
				"INC_CRC" : "E2836C684E0D1A1C",
				"FMEL_UPD_D" : "20250214152432",
				"NAME" : "STATE LAND AT TAMPINES CENTRAL 3 ",
				"SHAPE.AREA" : 38014.0057649,
				"SHAPE.LEN" : 1377.54435918832
			}
		},
		{
			"type" : "Feature",
			"geometry" : {
				"type" : "Polygon",
				"coordinates" : [
					[
						[ 103.91889882853987, 1.326331554179487 ],
						[ 103.91886700292638, 1.3263649986523685 ],
						[ 103.91874838874503, 1.326477460388475 ],
						[ 103.91862434706029, 1.3265832209734265 ],
						[ 103.9184351707816, 1.3267347355628076 ],
						[ 103.9183569808017, 1.3267977543240694 ],
						[ 103.91830303782633, 1.3267155857115305 ],
						[ 103.91833146735017, 1.3266947572349916 ],
						[ 103.91836737265223, 1.3266684570997933 ],
						[ 103.91789164991131, 1.3258289346686825 ],
						[ 103.91822476399012, 1.3256361400051542 ],
						[ 103.91837428086298, 1.325566525975 ],
						[ 103.918446066109, 1.325561703235158 ],
						[ 103.91889882853987, 1.326331554179487 ]
					]
				]
			},
			"properties" : {
				"OBJECTID" : 5577,
				"DESCRIPTION" : "SITE AREA:7754.8, FOR ENQUIRIES, PLEASE CALL SLA AT 6323-9829 OR EMAIL at SLA_ENQUIRY@SLA.GOV.SG",
				"INC_CRC" : "6B9ED3F521E3FD15",
				"FMEL_UPD_D" : "20250214152432",
				"NAME" : "CHAI CHEE DRIVE / CHAI CHEE STREET",
				"SHAPE.AREA" : 7754.8277105,
				"SHAPE.LEN" : 374.040934760376
			}
		},
		{
			"type" : "Feature",
			"geometry" : {
				"type" : "Polygon",
				"coordinates" : [
					[
						[ 103.76800030269783, 1.3235075837314472 ],
						[ 103.76800001343366, 1.3235049149454796 ],
						[ 103.76799972416948, 1.3235022461595292 ],
						[ 103.76799914653972, 1.323496907683289 ],
						[ 103.76799798948309, 1.3234862316351061 ],
						[ 103.7679942928315, 1.3234521008381965 ],
						[ 103.7679882829654, 1.3233966179449366 ],
						[ 103.76793964461122, 1.3233505754817072 ],
						[ 103.7678797180209, 1.3232938476567555 ],
						[ 103.76777115308536, 1.3231910773641382 ],
						[ 103.76768718991809, 1.3231116041399218 ],
						[ 103.76760322675618, 1.3230321309130635 ],
						[ 103.76757984699942, 1.3230099959798607 ],
						[ 103.76755646724308, 1.3229878610464532 ],
						[ 103.76767881311494, 1.32302790050329 ],
						[ 103.7678392662818, 1.3230804121469668 ],
						[ 103.76798136194118, 1.3231361156990373 ],
						[ 103.76812345760725, 1.32319181924321 ],
						[ 103.76820447448459, 1.3232350273772415 ],
						[ 103.76828549136485, 1.3232782355087351 ],
						[ 103.76837877781561, 1.3233279870349302 ],
						[ 103.76847899164275, 1.3233958079337618 ],
						[ 103.7682396471751, 1.323451695844505 ],
						[ 103.76800030269783, 1.3235075837314472 ]
					]
				]
			},
			"properties" : {
				"OBJECTID" : 5578,
				"DESCRIPTION" : "SITE AREA:1891.5, FOR ENQUIRIES, PLEASE CALL SLA AT 6323-9829 OR EMAIL at SLA_ENQUIRY@SLA.GOV.SG",
				"INC_CRC" : "0F52393324E32C18",
				"FMEL_UPD_D" : "20250214152432",
				"NAME" : "SUNSET WAY",
				"SHAPE.AREA" : 1891.48239813,
				"SHAPE.LEN" : 245.6371200851
			}
		},
		{
			"type" : "Feature",
			"geometry" : {
				"type" : "Polygon",
				"coordinates" : [
					[
						[ 103.69739033752161, 1.352579702606906 ],
						[ 103.69746808380386, 1.3526918749894798 ],
						[ 103.69754583009296, 1.3528040473701866 ],
						[ 103.69737909098434, 1.3529212884893986 ],
						[ 103.69720165136943, 1.353046053281726 ],
						[ 103.69681582800085, 1.3533173400145564 ],
						[ 103.69673976571364, 1.3532198816749026 ],
						[ 103.69664830326136, 1.35310143222233 ],
						[ 103.69665489896161, 1.3530968203509697 ],
						[ 103.69702261827909, 1.3528382615112169 ],
						[ 103.69739033752161, 1.352579702606906 ]
					]
				]
			},
			"properties" : {
				"OBJECTID" : 5579,
				"DESCRIPTION" : "SITE AREA:3022.8, FOR ENQUIRIES, PLEASE CALL SLA AT 6323-9829 OR EMAIL at SLA_ENQUIRY@SLA.GOV.SG",
				"INC_CRC" : "D808A6724B2BD2B3",
				"FMEL_UPD_D" : "20250214152432",
				"NAME" : "SL at WESTWOOD TERRACE",
				"SHAPE.AREA" : 3022.77331395,
				"SHAPE.LEN" : 260.376870345264
			}
		},
		{
			"type" : "Feature",
			"geometry" : {
				"type" : "Polygon",
				"coordinates" : [
					[
						[ 103.9647285154732, 1.3792851744833585 ],
						[ 103.96466484152333, 1.3792637989064405 ],
						[ 103.96465120354613, 1.379306458411077 ],
						[ 103.96458916788612, 1.3793378251229962 ],
						[ 103.96453283995614, 1.3793200665821672 ],
						[ 103.96447651202686, 1.3793023080399132 ],
						[ 103.96420540445831, 1.3792118733077767 ],
						[ 103.96426804459072, 1.3789289311948905 ],
						[ 103.96475638236804, 1.379046657451921 ],
						[ 103.96473700067723, 1.3792195200565958 ],
						[ 103.96472960635876, 1.3792855343587531 ],
						[ 103.9647285154732, 1.3792851744833585 ]
					]
				]
			},
			"properties" : {
				"OBJECTID" : 5580,
				"DESCRIPTION" : "SITE AREA:1887.9, FOR ENQUIRIES, PLEASE CALL SLA AT 6323-9829 OR EMAIL at SLA_ENQUIRY@SLA.GOV.SG",
				"INC_CRC" : "42A15BD652D85593",
				"FMEL_UPD_D" : "20250214152432",
				"NAME" : "JALAN LOYANG BESAR (SITE A)",
				"SHAPE.AREA" : 1887.881658485,
				"SHAPE.LEN" : 179.720262882219
			}
		},
		{
			"type" : "Feature",
			"geometry" : {
				"type" : "Polygon",
				"coordinates" : [
					[
						[ 103.77305462540502, 1.3350426684490309 ],
						[ 103.77305190773993, 1.3350233692532683 ],
						[ 103.77304919007487, 1.3350040700575188 ],
						[ 103.77308107641157, 1.3349613622519736 ],
						[ 103.77311296274716, 1.3349186544459473 ],
						[ 103.7731321380207, 1.334915914695373 ],
						[ 103.77315131329419, 1.3349131749446461 ],
						[ 103.77316835498272, 1.3348903582593856 ],
						[ 103.77318539667091, 1.3348675415739872 ],
						[ 103.77318501035776, 1.3348648103850453 ],
						[ 103.77318462404462, 1.3348620791961199 ],
						[ 103.77319941477425, 1.3348422649438418 ],
						[ 103.77321420550366, 1.3348224506914432 ],
						[ 103.77323258552973, 1.334820687633657 ],
						[ 103.77325096555576, 1.3348189245757143 ],
						[ 103.77327328970993, 1.334839295924674 ],
						[ 103.77329561386448, 1.3348596672734432 ],
						[ 103.77331511279709, 1.3348495388750683 ],
						[ 103.77333461172952, 1.3348394104765122 ],
						[ 103.77336302347436, 1.3348653121603196 ],
						[ 103.77344897745772, 1.3349471637366939 ],
						[ 103.77353493144678, 1.3350290153102313 ],
						[ 103.77345734751536, 1.3351329293614826 ],
						[ 103.77337976357735, 1.3352368434098865 ],
						[ 103.77335100066367, 1.3352409485166312 ],
						[ 103.7733222377499, 1.3352450536230327 ],
						[ 103.77318843157191, 1.335143861039488 ],
						[ 103.77312152893637, 1.3350932647451343 ],
						[ 103.77308807717034, 1.3350679670494798 ],
						[ 103.77307135083832, 1.3350553172971085 ],
						[ 103.77306298812165, 1.3350489928730747 ],
						[ 103.77305880721259, 1.3350458311132567 ],
						[ 103.77305671630882, 1.3350442493289547 ],
						[ 103.77305567040763, 1.3350434588889737 ],
						[ 103.7730551483556, 1.335043063669005 ],
						[ 103.7730548868803, 1.3350428665112075 ],
						[ 103.77305475569341, 1.3350427670279268 ],
						[ 103.77305469099846, 1.3350427181906712 ],
						[ 103.77305465775248, 1.33504269286765 ],
						[ 103.77305464157874, 1.3350426811105218 ],
						[ 103.77305463349188, 1.335042674779768 ],
						[ 103.77305462540502, 1.3350426684490309 ]
					]
				]
			},
			"properties" : {
				"OBJECTID" : 5581,
				"DESCRIPTION" : "SITE AREA:1476.9, FOR ENQUIRIES, PLEASE CALL SLA AT 6323-9829 OR EMAIL at SLA_ENQUIRY@SLA.GOV.SG",
				"INC_CRC" : "EB1BC84364D76D22",
				"FMEL_UPD_D" : "20250214152432",
				"NAME" : "SL at CHENG SOON GARDEN",
				"SHAPE.AREA" : 1476.853011025,
				"SHAPE.LEN" : 151.60878497841
			}
		},
		{
			"type" : "Feature",
			"geometry" : {
				"type" : "Polygon",
				"coordinates" : [
					[
						[ 103.74194134008867, 1.3742018340758366 ],
						[ 103.74194136794468, 1.3742018259376383 ],
						[ 103.74194139669929, 1.3742018168951127 ],
						[ 103.74194145241134, 1.3742017997143545 ],
						[ 103.74194156563257, 1.3742017653529235 ],
						[ 103.74194179027789, 1.374201696629976 ],
						[ 103.74194224136565, 1.3742015600885111 ],
						[ 103.74194314174407, 1.3742012851968062 ],
						[ 103.74194494339949, 1.374200736317757 ],
						[ 103.74194854671029, 1.374199638559672 ],
						[ 103.74195575333185, 1.374197443947863 ],
						[ 103.74197016657503, 1.3741930529154365 ],
						[ 103.74199899306113, 1.3741842726590499 ],
						[ 103.74205664603285, 1.3741667112408031 ],
						[ 103.74217195197403, 1.3741315874955535 ],
						[ 103.74240256384725, 1.3740613408919213 ],
						[ 103.742449885216, 1.3742294954588825 ],
						[ 103.74249720659066, 1.374397650025123 ],
						[ 103.74242685208912, 1.3744212014686497 ],
						[ 103.74235649758633, 1.3744447529099937 ],
						[ 103.74230766911903, 1.3744479796140865 ],
						[ 103.74225884065166, 1.374451206317149 ],
						[ 103.74220271530547, 1.3744671661715187 ],
						[ 103.74214658995861, 1.374483126024509 ],
						[ 103.74211292938656, 1.3744858694729885 ],
						[ 103.74208592096615, 1.3744877992499476 ],
						[ 103.74207813214284, 1.3744880702594162 ],
						[ 103.74205910524779, 1.3744789852004278 ],
						[ 103.74203894168129, 1.3744693574797089 ],
						[ 103.74202241335531, 1.3744460152323215 ],
						[ 103.74200588502966, 1.374422672984836 ],
						[ 103.74197361255783, 1.374312253530507 ],
						[ 103.74194134008867, 1.3742018340758366 ]
					]
				]
			},
			"properties" : {
				"OBJECTID" : 5582,
				"DESCRIPTION" : "SITE AREA:1968.4, FOR ENQUIRIES, PLEASE CALL SLA AT 6323-9829 OR EMAIL at SLA_ENQUIRY@SLA.GOV.SG",
				"INC_CRC" : "4B4FCFE9573691DE",
				"FMEL_UPD_D" : "20250214152432",
				"NAME" : "SL at JUNCTION OF KEAT HONG CLOSE & CHOA CHU KANG AVE 6",
				"SHAPE.AREA" : 1968.41530019,
				"SHAPE.LEN" : 176.912400776661
			}
		},
		{
			"type" : "Feature",
			"geometry" : {
				"type" : "Polygon",
				"coordinates" : [
					[
						[ 103.69513861075755, 1.3445218466314692 ],
						[ 103.6953249400626, 1.3442863840236 ],
						[ 103.69551126933109, 1.3440509213972724 ],
						[ 103.69567297110657, 1.3441805346718654 ],
						[ 103.69583467289948, 1.3443101479373145 ],
						[ 103.69564829871084, 1.3445455834557398 ],
						[ 103.69546192448561, 1.3447810189557055 ],
						[ 103.69530026761286, 1.3446514327981567 ],
						[ 103.6952194396323, 1.344586639715972 ],
						[ 103.69517902519438, 1.3445542431739976 ],
						[ 103.69515881752656, 1.3445380449027793 ],
						[ 103.6951487145913, 1.3445299457671591 ],
						[ 103.69514366222512, 1.3445258966514733 ],
						[ 103.69514113649134, 1.3445238716414725 ],
						[ 103.69513987407375, 1.3445228586843165 ],
						[ 103.69513924241562, 1.3445223531100732 ],
						[ 103.6951389261373, 1.3445220998707372 ],
						[ 103.69513876889671, 1.3445219732511202 ],
						[ 103.69513868982713, 1.3445219099412948 ],
						[ 103.69513865029234, 1.3445218782863821 ],
						[ 103.69513863052498, 1.344521862006737 ],
						[ 103.69513862064125, 1.3445218547712747 ],
						[ 103.69513861075755, 1.3445218466314692 ]
					]
				]
			},
			"properties" : {
				"OBJECTID" : 5583,
				"DESCRIPTION" : "SITE AREA:3062.6, FOR ENQUIRIES, PLEASE CALL  HDB AT 6490-1111 OR EMAIL at HDBMAILBOX@HDB.GOV.SG",
				"INC_CRC" : "E05BD257503B09DA",
				"FMEL_UPD_D" : "20250214152432",
				"NAME" : "SL at JURONG WEST ST 81",
				"SHAPE.AREA" : 3062.59888961,
				"SHAPE.LEN" : 225.151876201189
			}
		},
		{
			"type" : "Feature",
			"geometry" : {
				"type" : "Polygon",
				"coordinates" : [
					[
						[ 103.74792639153814, 1.3573159299748048 ],
						[ 103.74792237495951, 1.3573157688553878 ],
						[ 103.74791835838086, 1.3573156077359638 ],
						[ 103.74791032612217, 1.3573152854971113 ],
						[ 103.74789426070619, 1.3573146410193113 ],
						[ 103.74786212987428, 1.3573133529677521 ],
						[ 103.74779786821071, 1.3573107750546447 ],
						[ 103.74766934398566, 1.357305620127597 ],
						[ 103.7474122964371, 1.3572953102530516 ],
						[ 103.74741954886697, 1.3571392942672664 ],
						[ 103.74742680129526, 1.3569832782812146 ],
						[ 103.74743326757854, 1.356824413522185 ],
						[ 103.74743973386029, 1.3566655487628911 ],
						[ 103.74744618527109, 1.3566735480872925 ],
						[ 103.74745263668191, 1.3566815474116956 ],
						[ 103.7474959713606, 1.3566416258383247 ],
						[ 103.74753930603785, 1.3566017042640688 ],
						[ 103.74767711866834, 1.3566073569264332 ],
						[ 103.74781493129996, 1.3566130095809565 ],
						[ 103.74788490696811, 1.3566141199137685 ],
						[ 103.74795488263642, 1.356615230244531 ],
						[ 103.74794794422884, 1.3567858833672883 ],
						[ 103.74794100581954, 1.3569565364897056 ],
						[ 103.7479336986798, 1.357136233232443 ],
						[ 103.74792639153814, 1.3573159299748048 ]
					]
				]
			},
			"properties" : {
				"OBJECTID" : 5584,
				"DESCRIPTION" : "SITE AREA:4354.8, FOR ENQUIRIES, PLEASE CALL  HDB AT 6490-1111 OR EMAIL at HDBMAILBOX@HDB.GOV.SG",
				"INC_CRC" : "CBFD62D6796FAAA2",
				"FMEL_UPD_D" : "20250214152432",
				"NAME" : "SL at BUKIT BATOK ST 31",
				"SHAPE.AREA" : 4354.839593595,
				"SHAPE.LEN" : 266.13682101563
			}
		},
		{
			"type" : "Feature",
			"geometry" : {
				"type" : "Polygon",
				"coordinates" : [
					[
						[ 103.699935196718, 1.3423698510630004 ],
						[ 103.69996372296578, 1.3421757403626655 ],
						[ 103.69999224920755, 1.3419816296612341 ],
						[ 103.7003083341579, 1.342027391420729 ],
						[ 103.70051610782487, 1.3420574655861552 ],
						[ 103.70063277205173, 1.3420743527804206 ],
						[ 103.70060387288281, 1.3422698290605197 ],
						[ 103.70057497370779, 1.3424653053395017 ],
						[ 103.70025508520465, 1.3424175782217018 ],
						[ 103.70009514140857, 1.3423937141953057 ],
						[ 103.70001516861348, 1.3423817830825864 ],
						[ 103.69997518311492, 1.3423758166209658 ],
						[ 103.69995518946715, 1.3423728338420382 ],
						[ 103.69994519309255, 1.342371342904728 ],
						[ 103.69994019535459, 1.342370596531722 ],
						[ 103.69993769558701, 1.3423702237973378 ],
						[ 103.69993644660178, 1.3423700374301941 ],
						[ 103.69993582121062, 1.342369944246581 ],
						[ 103.69993550941356, 1.3423698981069956 ],
						[ 103.6999353530658, 1.3423698745850066 ],
						[ 103.6999352748919, 1.342369862824012 ],
						[ 103.6999352353557, 1.3423698564913014 ],
						[ 103.699935196718, 1.3423698510630004 ]
					]
				]
			},
			"properties" : {
				"OBJECTID" : 5585,
				"DESCRIPTION" : "SITE AREA:3135.5, FOR ENQUIRIES, PLEASE CALL  HDB AT 6490-1111 OR EMAIL at HDBMAILBOX@HDB.GOV.SG",
				"INC_CRC" : "99D8FC25EF4CCF19",
				"FMEL_UPD_D" : "20250214152432",
				"NAME" : "SL at JURONG WEST ST 65",
				"SHAPE.AREA" : 3135.47737209,
				"SHAPE.LEN" : 231.095780890268
			}
		},
		{
			"type" : "Feature",
			"geometry" : {
				"type" : "Polygon",
				"coordinates" : [
					[
						[ 103.83394367219904, 1.4567374394165489 ],
						[ 103.83379265817443, 1.4564037654553177 ],
						[ 103.8342018219555, 1.4561251155311083 ],
						[ 103.83445836083625, 1.4564390869494144 ],
						[ 103.8341293165066, 1.4566195655099063 ],
						[ 103.83403615378447, 1.456678657563629 ],
						[ 103.83398957287089, 1.4567082031368368 ],
						[ 103.83396628196432, 1.4567229759230829 ],
						[ 103.83394367219904, 1.4567374394165489 ]
					]
				]
			},
			"properties" : {
				"OBJECTID" : 5586,
				"DESCRIPTION" : "SITE AREA:2531.4, FOR ENQUIRIES, PLEASE CALL SLA AT 6323-9829 OR EMAIL at SLA_ENQUIRY@SLA.GOV.SG",
				"INC_CRC" : "80C673E4D8A6D4A6",
				"FMEL_UPD_D" : "20250214152432",
				"NAME" : "ST HELENA ROAD (OPP HOUSE NO 144)",
				"SHAPE.AREA" : 2531.44488343,
				"SHAPE.LEN" : 206.599044813926
			}
		},
		{
			"type" : "Feature",
			"geometry" : {
				"type" : "Polygon",
				"coordinates" : [
					[
						[ 103.75907457667945, 1.3527050405539174 ],
						[ 103.75907453897776, 1.3527037916265516 ],
						[ 103.75907450127607, 1.3527025426992028 ],
						[ 103.75907442677129, 1.3527000439401369 ],
						[ 103.75907427686309, 1.3526950482307014 ],
						[ 103.75907397614817, 1.3526850550030778 ],
						[ 103.75907337651546, 1.352665070356625 ],
						[ 103.75907217545293, 1.352625099254914 ],
						[ 103.75906977422643, 1.3525451579558472 ],
						[ 103.75916006643057, 1.35254251094892 ],
						[ 103.7592503586347, 1.352539863938602 ],
						[ 103.75930470550745, 1.3526297186585918 ],
						[ 103.75935905238408, 1.3527195733775121 ],
						[ 103.75921681453111, 1.352712306969895 ],
						[ 103.75907457667945, 1.3527050405539174 ]
					]
				]
			},
			"properties" : {
				"OBJECTID" : 5587,
				"DESCRIPTION" : "SITE AREA:482.6, FOR ENQUIRIES, PLEASE CALL SLA AT 6323-9829 OR EMAIL at SLA_ENQUIRY@SLA.GOV.SG",
				"INC_CRC" : "9C0FBA24A6380BF5",
				"FMEL_UPD_D" : "20250214152432",
				"NAME" : "HILLVIEW TERRACE",
				"SHAPE.AREA" : 482.63814267,
				"SHAPE.LEN" : 92.7559210906129
			}
		},
		{
			"type" : "Feature",
			"geometry" : {
				"type" : "Polygon",
				"coordinates" : [
					[
						[ 103.94491797758938, 1.37980755709712 ],
						[ 103.94491832404117, 1.3797990334643395 ],
						[ 103.94491867139149, 1.3797905098314998 ],
						[ 103.94491936429505, 1.3797734625659193 ],
						[ 103.94492075100071, 1.379739368034711 ],
						[ 103.94492352441203, 1.379671178972255 ],
						[ 103.94488279439416, 1.3796233627275882 ],
						[ 103.94484206437795, 1.379575546482067 ],
						[ 103.94491245417616, 1.3795785004268972 ],
						[ 103.9449828439744, 1.3795814543696183 ],
						[ 103.94498432947533, 1.379642733901546 ],
						[ 103.94498581497648, 1.3797040134334349 ],
						[ 103.94502694504531, 1.379755750068476 ],
						[ 103.94507317931465, 1.379814079263907 ],
						[ 103.944995578452, 1.3798108181818045 ],
						[ 103.94491797758938, 1.37980755709712 ]
					]
				]
			},
			"properties" : {
				"OBJECTID" : 5588,
				"DESCRIPTION" : "SITE AREA:281.3, FOR ENQUIRIES, PLEASE CALL SLA AT 6323-9829 OR EMAIL at SLA_ENQUIRY@SLA.GOV.SG",
				"INC_CRC" : "AE4CB2D455AC82F5",
				"FMEL_UPD_D" : "20250214152432",
				"NAME" : "SL at PASIR RIS VIEW",
				"SHAPE.AREA" : 281.279002875,
				"SHAPE.LEN" : 91.1222135724725
			}
		},
		{
			"type" : "Feature",
			"geometry" : {
				"type" : "Polygon",
				"coordinates" : [
					[
						[ 103.8917369857495, 1.3135233599003806 ],
						[ 103.89171035719849, 1.3135215924943946 ],
						[ 103.89168372864754, 1.3135198250881384 ],
						[ 103.89166046966167, 1.3135182746498744 ],
						[ 103.89163721067584, 1.3135167242113746 ],
						[ 103.89156774409396, 1.3135283152689825 ],
						[ 103.89149827751136, 1.313539906324675 ],
						[ 103.89137645715172, 1.3135602709357723 ],
						[ 103.89125463678985, 1.3135806355409787 ],
						[ 103.89120311370972, 1.313569386451051 ],
						[ 103.89115159063002, 1.3135581373600154 ],
						[ 103.89123090178023, 1.313392903643526 ],
						[ 103.8913102129204, 1.3132276699247327 ],
						[ 103.89133794471641, 1.3131440924559317 ],
						[ 103.89135369968382, 1.3130966807926319 ],
						[ 103.89136900540841, 1.3130506709043042 ],
						[ 103.89138431113247, 1.3130046610158908 ],
						[ 103.89139958091435, 1.312958664693705 ],
						[ 103.89141485069571, 1.3129126683714165 ],
						[ 103.89156852723434, 1.3132007047841474 ],
						[ 103.8917222038092, 1.3134887411851415 ],
						[ 103.89172650804987, 1.3134968984493105 ],
						[ 103.89173081229056, 1.313505055713487 ],
						[ 103.89173389902002, 1.3135142078069366 ],
						[ 103.89173544283403, 1.3135187838536404 ],
						[ 103.89173621384249, 1.3135210718770214 ],
						[ 103.89173660024527, 1.313522215888682 ],
						[ 103.89173679254812, 1.3135227883467233 ],
						[ 103.89173688959809, 1.3135230741235415 ],
						[ 103.89173693722452, 1.3135232170119633 ],
						[ 103.89173696148701, 1.3135232884561636 ],
						[ 103.8917369857495, 1.3135233599003806 ]
					]
				]
			},
			"properties" : {
				"OBJECTID" : 5589,
				"DESCRIPTION" : "SITE AREA:2235.5, FOR ENQUIRIES, PLEASE CALL SLA AT 6323-9829 OR EMAIL at SLA_ENQUIRY@SLA.GOV.SG",
				"INC_CRC" : "1F1855B7262B99AE",
				"FMEL_UPD_D" : "20250214152432",
				"NAME" : "SL at GUILLEMARD RD",
				"SHAPE.AREA" : 2235.53660053,
				"SHAPE.LEN" : 219.813054955374
			}
		},
		{
			"type" : "Feature",
			"geometry" : {
				"type" : "Polygon",
				"coordinates" : [
					[
						[ 103.85793594349487, 1.322921240523411 ],
						[ 103.85783779559169, 1.3230285172240197 ],
						[ 103.85799596063846, 1.3232029404379169 ],
						[ 103.85799729949731, 1.3232044145387452 ],
						[ 103.85787926453719, 1.3231015623364029 ],
						[ 103.85779790926863, 1.323074558819493 ],
						[ 103.85768944362572, 1.3229421880536691 ],
						[ 103.85766795854957, 1.3228732937740437 ],
						[ 103.85752625504499, 1.3226995848243912 ],
						[ 103.85752902235217, 1.3226752031287774 ],
						[ 103.85768398559209, 1.3225506886914327 ],
						[ 103.85789719255732, 1.3223793908866708 ],
						[ 103.8578968865561, 1.322329216744086 ],
						[ 103.85835065209724, 1.3219627365351878 ],
						[ 103.85870416524162, 1.3224078973331945 ],
						[ 103.85890326918779, 1.3226611173509817 ],
						[ 103.85878682661965, 1.3227509943043327 ],
						[ 103.85862428861981, 1.3228753641893505 ],
						[ 103.85842111833333, 1.3230298136424976 ],
						[ 103.8584050343151, 1.32303807969807 ],
						[ 103.85838726994484, 1.3230406120993967 ],
						[ 103.85836962232574, 1.323037085256917 ],
						[ 103.85835413117778, 1.323027924201289 ],
						[ 103.8583457386027, 1.3230190615138582 ],
						[ 103.85815184621812, 1.3227585431768707 ],
						[ 103.85815181926118, 1.3227585070025705 ],
						[ 103.85793594349487, 1.322921240523411 ]
					]
				]
			},
			"properties" : {
				"OBJECTID" : 5590,
				"DESCRIPTION" : "SITE AREA:9697.4, FOR ENQUIRIES, PLEASE CALL SLA AT 6323-9829 OR EMAIL at SLA_ENQUIRY@SLA.GOV.SG",
				"INC_CRC" : "3BD7476A9CB1FA8F",
				"FMEL_UPD_D" : "20250214152432",
				"NAME" : "May Road",
				"SHAPE.AREA" : 9697.375366,
				"SHAPE.LEN" : 488.101061191888
			}
		},
		{
			"type" : "Feature",
			"geometry" : {
				"type" : "Polygon",
				"coordinates" : [
					[
						[ 103.7263419675618, 1.3270949745282739 ],
						[ 103.7265781239613, 1.326497173702926 ],
						[ 103.72642819402881, 1.326436466343184 ],
						[ 103.72619318696952, 1.3263421898364292 ],
						[ 103.72595818082812, 1.326247913308658 ],
						[ 103.72580150917935, 1.326185062278405 ],
						[ 103.72573334614572, 1.32615774753465 ],
						[ 103.72579969352425, 1.3259902533627022 ],
						[ 103.72597738367176, 1.3255416880223267 ],
						[ 103.72600182626654, 1.3254960368431725 ],
						[ 103.72603595496335, 1.3254571959395707 ],
						[ 103.72607799054062, 1.3254272000503735 ],
						[ 103.72612058268041, 1.3254097386561543 ],
						[ 103.72721819158467, 1.3256197250661663 ],
						[ 103.7268892301971, 1.3267013290580734 ],
						[ 103.72674166824316, 1.3271581345207375 ],
						[ 103.7263419675618, 1.3270949745282739 ]
					]
				]
			},
			"properties" : {
				"OBJECTID" : 5591,
				"DESCRIPTION" : "SITE AREA:16931.2, FOR ENQUIRIES, PLEASE CALL SLA AT 6323-9829 OR EMAIL at SLA_ENQUIRY@SLA.GOV.SG",
				"INC_CRC" : "C029C1DD840162D6",
				"FMEL_UPD_D" : "20250214152432",
				"NAME" : "Yuan Ching Road",
				"SHAPE.AREA" : 16931.208361775,
				"SHAPE.LEN" : 615.57892550548
			}
		},
		{
			"type" : "Feature",
			"geometry" : {
				"type" : "Polygon",
				"coordinates" : [
					[
						[ 103.88210721219667, 1.3078766802373856 ],
						[ 103.88206179018128, 1.3078538504455268 ],
						[ 103.8820163681665, 1.3078310116091603 ],
						[ 103.88201623950417, 1.307449062342778 ],
						[ 103.88201611084402, 1.3070671130752447 ],
						[ 103.88201606992779, 1.30704210287791 ],
						[ 103.88201602901155, 1.3070170926805702 ],
						[ 103.88164791078104, 1.3069426299451414 ],
						[ 103.88127979257031, 1.3068681671545628 ],
						[ 103.88139167379836, 1.3067961956812815 ],
						[ 103.88150355501995, 1.3067242242031811 ],
						[ 103.88155226484086, 1.306702400949028 ],
						[ 103.8816009746609, 1.3066805776939348 ],
						[ 103.8816291214695, 1.3066712531522713 ],
						[ 103.88165726827786, 1.3066619286102976 ],
						[ 103.88169099510408, 1.3066547427817983 ],
						[ 103.8817247219301, 1.3066475569528504 ],
						[ 103.88181047450283, 1.3066337501661267 ],
						[ 103.88189622707452, 1.306619943376491 ],
						[ 103.88198639616891, 1.3066147189162831 ],
						[ 103.88207656526284, 1.3066094944528488 ],
						[ 103.88216051647997, 1.3066078513908923 ],
						[ 103.8822444676969, 1.3066062083261338 ],
						[ 103.88248479266015, 1.306584403901821 ],
						[ 103.88256362564482, 1.3065772596783596 ],
						[ 103.8826082083498, 1.3065976097113454 ],
						[ 103.88262129878258, 1.3065720204617202 ],
						[ 103.8827251176184, 1.3065625994545451 ],
						[ 103.88284301637017, 1.3065830086241617 ],
						[ 103.88296091512365, 1.3066034177881511 ],
						[ 103.88302141038064, 1.3066328988647187 ],
						[ 103.883081905639, 1.306662379939759 ],
						[ 103.88305266221604, 1.3066517135441018 ],
						[ 103.88302341879336, 1.306641047148109 ],
						[ 103.8829929309708, 1.3066348392930474 ],
						[ 103.88296244314839, 1.306628631437624 ],
						[ 103.88293137136765, 1.3066273749886035 ],
						[ 103.88290029958694, 1.3066261185391785 ],
						[ 103.88286941210589, 1.3066298406118126 ],
						[ 103.88283852462474, 1.306633562684068 ],
						[ 103.88280862114784, 1.306642159260652 ],
						[ 103.88277871767075, 1.3066507558368854 ],
						[ 103.88275054398775, 1.3066640234207372 ],
						[ 103.88272237030445, 1.3066772910042805 ],
						[ 103.88269665423141, 1.3066948814008346 ],
						[ 103.88267093815801, 1.3067124717971346 ],
						[ 103.88264833562556, 1.3067339463768348 ],
						[ 103.88262573309274, 1.3067554209563583 ],
						[ 103.88260679669656, 1.3067802280461835 ],
						[ 103.8825878603, 1.3068050351358917 ],
						[ 103.88257308872164, 1.3068325507147396 ],
						[ 103.88255831714298, 1.3068600662934888 ],
						[ 103.88250390354172, 1.3069840828586483 ],
						[ 103.88244948993531, 1.3071080994226851 ],
						[ 103.88239516095037, 1.3071942276366846 ],
						[ 103.88235227012187, 1.3072624853840344 ],
						[ 103.88231515277393, 1.3073470758387282 ],
						[ 103.88227803542358, 1.3074316662929073 ],
						[ 103.88223864044993, 1.3075264173254542 ],
						[ 103.88219924547343, 1.3076211683574357 ],
						[ 103.8821635705088, 1.3077173889081726 ],
						[ 103.88212789554157, 1.3078136094584276 ],
						[ 103.88211755386925, 1.3078451448479271 ],
						[ 103.882112383033, 1.3078609125426615 ],
						[ 103.8821097980641, 1.3078687959378346 ],
						[ 103.88210850513039, 1.307872738087619 ],
						[ 103.88210721219667, 1.3078766802373856 ]
					]
				]
			},
			"properties" : {
				"OBJECTID" : 5592,
				"DESCRIPTION" : "SITE AREA:8293.8, FOR ENQUIRIES, PLEASE CALL SLA AT 6323-9829 OR EMAIL at SLA_ENQUIRY@SLA.GOV.SG",
				"INC_CRC" : "2DD8238BE4F6EEF3",
				"FMEL_UPD_D" : "20250214152432",
				"NAME" : "Jalam Lima",
				"SHAPE.AREA" : 8293.85024435,
				"SHAPE.LEN" : 588.797303157828
			}
		},
		{
			"type" : "Feature",
			"geometry" : {
				"type" : "Polygon",
				"coordinates" : [
					[
						[ 103.8773753867156, 1.299515906654792 ],
						[ 103.87764354045147, 1.3001963892187733 ],
						[ 103.87755411030687, 1.3001575980801325 ],
						[ 103.87744038063603, 1.3001083076932702 ],
						[ 103.87732665096945, 1.3000590173010982 ],
						[ 103.87716322243013, 1.2999884571183047 ],
						[ 103.87699979389959, 1.299917896924517 ],
						[ 103.87688941584436, 1.2998699539566991 ],
						[ 103.87677903779317, 1.299822010983866 ],
						[ 103.87676511653746, 1.2998159926788018 ],
						[ 103.87688421206617, 1.2995373739866254 ],
						[ 103.8770033138592, 1.2992587417234962 ],
						[ 103.87701045692337, 1.2992375161633845 ],
						[ 103.87717246512608, 1.2992742305401732 ],
						[ 103.87729527435448, 1.2993124106636165 ],
						[ 103.87733235262486, 1.2994065353709405 ],
						[ 103.87729377879833, 1.299394498954709 ],
						[ 103.8772552040736, 1.299382461633524 ],
						[ 103.87728605785347, 1.2994608514117818 ],
						[ 103.87731691073678, 1.299539241189562 ],
						[ 103.8773461491756, 1.2995275743745254 ],
						[ 103.8773753867156, 1.299515906654792 ]
					]
				]
			},
			"properties" : {
				"OBJECTID" : 5594,
				"DESCRIPTION" : "SITE AREA:4982.4, FOR ENQUIRIES, PLEASE CALL SLA AT 6323-9829 OR EMAIL at SLA_ENQUIRY@SLA.GOV.SG",
				"INC_CRC" : "D19A9AAA9011221D",
				"FMEL_UPD_D" : "20250214152432",
				"NAME" : "SLat Jalan Benaan Kapal",
				"SHAPE.AREA" : 4982.431232765,
				"SHAPE.LEN" : 335.546946954869
			}
		},
		{
			"type" : "Feature",
			"geometry" : {
				"type" : "Polygon",
				"coordinates" : [
					[
						[ 103.79047288493298, 1.415753389152457 ],
						[ 103.79197938497887, 1.4177743349122185 ],
						[ 103.79211128636814, 1.4179093045149573 ],
						[ 103.79208327635793, 1.4179664326666341 ],
						[ 103.79206473795473, 1.4179960773755906 ],
						[ 103.79204095185733, 1.418022194971851 ],
						[ 103.79201276276298, 1.4180434198812648 ],
						[ 103.79198115014655, 1.4180589924557685 ],
						[ 103.79194721029513, 1.418068406271326 ],
						[ 103.79191212036604, 1.4180713086471637 ],
						[ 103.79187711142743, 1.4180676001254533 ],
						[ 103.79184339657155, 1.4180574163826425 ],
						[ 103.7912383904431, 1.417810622632921 ],
						[ 103.79120326501781, 1.417788962480089 ],
						[ 103.79117696391583, 1.41775703796074 ],
						[ 103.79116233559976, 1.4177182857093513 ],
						[ 103.79114749165687, 1.4176776614211304 ],
						[ 103.79112114566891, 1.4176434488602732 ],
						[ 103.79108575970976, 1.4176188585626404 ],
						[ 103.79104464952832, 1.4176061786288452 ],
						[ 103.79100165207426, 1.4176065938455722 ],
						[ 103.79096077505135, 1.4176200500246643 ],
						[ 103.79092586443878, 1.4176453263461386 ],
						[ 103.79090017316932, 1.4176800263065263 ],
						[ 103.79088609154697, 1.4177209032846303 ],
						[ 103.7908849585381, 1.417764149934347 ],
						[ 103.79089687306173, 1.4178057237519373 ],
						[ 103.79091845656853, 1.4178378200165036 ],
						[ 103.79090321625506, 1.4178518645032563 ],
						[ 103.79086076776723, 1.4178066364930568 ],
						[ 103.79084088167394, 1.4178249675774102 ],
						[ 103.78908309991674, 1.4158925263621303 ],
						[ 103.78979893437075, 1.4158044007159998 ],
						[ 103.79047288493298, 1.415753389152457 ]
					]
				]
			},
			"properties" : {
				"OBJECTID" : 5595,
				"DESCRIPTION" : "SITE AREA:33952.5, FOR ENQUIRIES, PLEASE CALL SLA AT 6323-9829 OR EMAIL at SLA_ENQUIRY@SLA.GOV.SG",
				"INC_CRC" : "4860F4FE3C628648",
				"FMEL_UPD_D" : "20250214152432",
				"NAME" : "SL at Lorong Lada Hitam",
				"SHAPE.AREA" : 33952.538397,
				"SHAPE.LEN" : 939.30904246376
			}
		},
		{
			"type" : "Feature",
			"geometry" : {
				"type" : "Polygon",
				"coordinates" : [
					[
						[ 103.7723984334805, 1.4323396842451688 ],
						[ 103.77249026930699, 1.4323566163811507 ],
						[ 103.77250051322933, 1.4323583439886898 ],
						[ 103.77254046437416, 1.4323708704870226 ],
						[ 103.7725879272721, 1.4324020270688484 ],
						[ 103.77261054426694, 1.4324251431977257 ],
						[ 103.7726236266764, 1.4324675039230885 ],
						[ 103.77263958488493, 1.4324985149657141 ],
						[ 103.77264307103673, 1.4325134099220325 ],
						[ 103.7726406977336, 1.432552008084042 ],
						[ 103.77263659839281, 1.432618632418412 ],
						[ 103.77263929285665, 1.432668698041985 ],
						[ 103.7725930352896, 1.4329323458379302 ],
						[ 103.77256259997182, 1.4329301564665595 ],
						[ 103.77250209782103, 1.4329234625624134 ],
						[ 103.7725158482785, 1.4328487353914383 ],
						[ 103.77253254726674, 1.4327306169484886 ],
						[ 103.77235106800204, 1.432702495440665 ],
						[ 103.77208468981252, 1.432666395152317 ],
						[ 103.77172528991375, 1.432603776387054 ],
						[ 103.77173440384664, 1.4321851740036375 ],
						[ 103.77182764140431, 1.4322044575483168 ],
						[ 103.77190610569966, 1.432238201459753 ],
						[ 103.77195946346855, 1.4322652795347866 ],
						[ 103.77207959591082, 1.43228563998624 ],
						[ 103.7720763604125, 1.432306774869153 ],
						[ 103.77221227199949, 1.432333303495688 ],
						[ 103.772215849053, 1.4323087410848407 ],
						[ 103.7723984334805, 1.4323396842451688 ]
					],
					[
						[ 103.7725444226345, 1.4328839791918477 ],
						[ 103.77255085757645, 1.4328456705348216 ],
						[ 103.77254862457866, 1.432845367513497 ],
						[ 103.77254639158089, 1.4328450644921868 ],
						[ 103.77254058565197, 1.4328834726459545 ],
						[ 103.77254250414323, 1.4328837259188933 ],
						[ 103.7725444226345, 1.4328839791918477 ]
					]
				]
			},
			"properties" : {
				"OBJECTID" : 5596,
				"DESCRIPTION" : "SITE AREA:4389.5, FOR ENQUIRIES, PLEASE CALL SLA AT 6323-9829 OR EMAIL at SLA_ENQUIRY@SLA.GOV.SG",
				"INC_CRC" : "FDAF147FC5ADB16A",
				"FMEL_UPD_D" : "20250214152432",
				"NAME" : "Sl at Junction of Woodlands Centre Rd & Woodlands Ave 3",
				"SHAPE.AREA" : 4389.475126,
				"SHAPE.LEN" : 343.300545535331
			}
		},
		{
			"type" : "Feature",
			"geometry" : {
				"type" : "Polygon",
				"coordinates" : [
					[
						[ 103.84957453395558, 1.3167238346701442 ],
						[ 103.84936815317586, 1.3164729923923975 ],
						[ 103.84886546410144, 1.3158599358402576 ],
						[ 103.849039683093, 1.3157019151064748 ],
						[ 103.84907747614666, 1.315704618917089 ],
						[ 103.84956462914924, 1.3162947046664917 ],
						[ 103.84977678765419, 1.3165514433473287 ],
						[ 103.84957453395558, 1.3167238346701442 ]
					]
				]
			},
			"properties" : {
				"OBJECTID" : 5597,
				"DESCRIPTION" : "SITE AREA:3641.7, FOR ENQUIRIES, PLEASE CALL SLA AT 6323-9829 OR EMAIL at SLA_ENQUIRY@SLA.GOV.SG",
				"INC_CRC" : "A2E5D0E992E0BC81",
				"FMEL_UPD_D" : "20250214152432",
				"NAME" : "Cambridge Road",
				"SHAPE.AREA" : 3641.7254405,
				"SHAPE.LEN" : 305.475503278333
			}
		},
		{
			"type" : "Feature",
			"geometry" : {
				"type" : "Polygon",
				"coordinates" : [
					[
						[ 103.77419453166489, 1.4387084478184544 ],
						[ 103.77418424569946, 1.4392911830638764 ],
						[ 103.77386938650065, 1.4392912833488398 ],
						[ 103.77387845954317, 1.4387046050525443 ],
						[ 103.7738785225547, 1.4387003635904894 ],
						[ 103.77419453166489, 1.4387084478184544 ]
					]
				]
			},
			"properties" : {
				"OBJECTID" : 5598,
				"DESCRIPTION" : "SITE AREA:2278.2, FOR ENQUIRIES, PLEASE CALL SLA AT 6323-9829 OR EMAIL at SLA_ENQUIRY@SLA.GOV.SG",
				"INC_CRC" : "88C7F9CC5918D738",
				"FMEL_UPD_D" : "20250214152432",
				"NAME" : "SL at Marsiling Rd",
				"SHAPE.AREA" : 2278.246991,
				"SHAPE.LEN" : 200.012358092787
			}
		},
		{
			"type" : "Feature",
			"geometry" : {
				"type" : "Polygon",
				"coordinates" : [
					[
						[ 103.82508159120772, 1.4389465181081125 ],
						[ 103.82510684174423, 1.4389554985318167 ],
						[ 103.82512729359574, 1.4390144269472944 ],
						[ 103.82513299064072, 1.4390308321261562 ],
						[ 103.82511535984233, 1.4391228962910438 ],
						[ 103.82509931076353, 1.439161820048163 ],
						[ 103.8250722268186, 1.439227503887967 ],
						[ 103.82496702715434, 1.4394826516433779 ],
						[ 103.82495576763466, 1.4395099905175328 ],
						[ 103.82487473140942, 1.4397136257987644 ],
						[ 103.82482279201604, 1.439844116247419 ],
						[ 103.82472511358951, 1.4400898043734986 ],
						[ 103.82452797070532, 1.4399973595551794 ],
						[ 103.82463253238963, 1.4397550447406857 ],
						[ 103.82466346237126, 1.4396834011642479 ],
						[ 103.82468809313112, 1.4396263087758088 ],
						[ 103.82472060465378, 1.439550984444122 ],
						[ 103.82478232981374, 1.4394079052911901 ],
						[ 103.82483595853854, 1.4392836278281198 ],
						[ 103.82489064761064, 1.4391569357163856 ],
						[ 103.82499292676275, 1.4389199927951353 ],
						[ 103.82499532603623, 1.4389144309669513 ],
						[ 103.82508159120772, 1.4389465181081125 ]
					]
				]
			},
			"properties" : {
				"OBJECTID" : 5599,
				"DESCRIPTION" : "SITE AREA:2909.4, FOR ENQUIRIES, PLEASE CALL SLA AT 6323-9829 OR EMAIL at SLA_ENQUIRY@SLA.GOV.SG",
				"INC_CRC" : "3088FC22D9AA1A63",
				"FMEL_UPD_D" : "20250214152432",
				"NAME" : "SL at Sembawang Place",
				"SHAPE.AREA" : 2909.4269185,
				"SHAPE.LEN" : 302.562931968576
			}
		},
		{
			"type" : "Feature",
			"geometry" : {
				"type" : "Polygon",
				"coordinates" : [
					[
						[ 103.86635637347598, 1.3437712726176159 ],
						[ 103.86635716427173, 1.3437759210395268 ],
						[ 103.86628343784159, 1.3438107762427451 ],
						[ 103.86627793857431, 1.3438050788220857 ],
						[ 103.86622202000108, 1.343719363928862 ],
						[ 103.86618303994346, 1.3436819599477936 ],
						[ 103.86613197446337, 1.3436607352073149 ],
						[ 103.86608943654625, 1.343656213959956 ],
						[ 103.8660433134902, 1.3436605283997114 ],
						[ 103.865528502483, 1.343759499871129 ],
						[ 103.86551186094754, 1.3437447408657486 ],
						[ 103.86551198644472, 1.343721715748014 ],
						[ 103.86552692026962, 1.343702461633219 ],
						[ 103.865557291135, 1.343665662645295 ],
						[ 103.86603066436074, 1.3431804196307264 ],
						[ 103.86607814362999, 1.343130724170597 ],
						[ 103.86621856860546, 1.342978219314883 ],
						[ 103.86626268730203, 1.342932295096053 ],
						[ 103.86635738543154, 1.342847383042705 ],
						[ 103.86645899358976, 1.3427704292977407 ],
						[ 103.86660212396438, 1.3426754148245765 ],
						[ 103.86670310342157, 1.3426210249684765 ],
						[ 103.86687360417736, 1.3425449203618587 ],
						[ 103.8668748442261, 1.3425475430013243 ],
						[ 103.86684614440418, 1.3425614344335517 ],
						[ 103.86677945818944, 1.3425928484476555 ],
						[ 103.86671277197297, 1.3426242624599811 ],
						[ 103.86665365614574, 1.3426572590042942 ],
						[ 103.86659454031691, 1.342690255547183 ],
						[ 103.86653779674712, 1.3427278236179863 ],
						[ 103.86648105317559, 1.3427653916874795 ],
						[ 103.86642729733633, 1.3428045378307636 ],
						[ 103.86637354149534, 1.342843683972871 ],
						[ 103.86630388592543, 1.3429049827341732 ],
						[ 103.86625562489482, 1.342952973482386 ],
						[ 103.86620736386232, 1.343000964229685 ],
						[ 103.86618879088485, 1.3430207564945473 ],
						[ 103.86617021790708, 1.3430405487592716 ],
						[ 103.86614323006052, 1.3430715190807714 ],
						[ 103.86611624221327, 1.34310248940198 ],
						[ 103.86609923277697, 1.3431258584060213 ],
						[ 103.86608222334036, 1.3431492274099637 ],
						[ 103.86612784400721, 1.3432059937438836 ],
						[ 103.86617001423836, 1.3432653194745825 ],
						[ 103.86620314472137, 1.3433072679661457 ],
						[ 103.86623627520551, 1.3433492164571976 ],
						[ 103.86626145770822, 1.3433750809358413 ],
						[ 103.86628664021143, 1.3434009454142222 ],
						[ 103.86632088937424, 1.343440519932467 ],
						[ 103.86635513853815, 1.3434800944501886 ],
						[ 103.86641900106908, 1.343616634507771 ],
						[ 103.8663326496057, 1.3436318832656786 ],
						[ 103.86635637347598, 1.3437712726176159 ]
					]
				]
			},
			"properties" : {
				"OBJECTID" : 5600,
				"DESCRIPTION" : "SITE AREA:3515.9, FOR ENQUIRIES, PLEASE CALL SLA AT 6323-9829 OR EMAIL at SLA_ENQUIRY@SLA.GOV.SG",
				"INC_CRC" : "ABC710963931DEC3",
				"FMEL_UPD_D" : "20250214152432",
				"NAME" : "SL at Woodleigh Park",
				"SHAPE.AREA" : 3515.9066505,
				"SHAPE.LEN" : 510.72520729894
			}
		},
		{
			"type" : "Feature",
			"geometry" : {
				"type" : "Polygon",
				"coordinates" : [
					[
						[ 103.8653297233666, 1.3052622891068182 ],
						[ 103.86530607402219, 1.3052944124409178 ],
						[ 103.86492085548208, 1.3058090279420478 ],
						[ 103.86489387238699, 1.3058306245102969 ],
						[ 103.8648569604468, 1.3058601796122704 ],
						[ 103.8648175952217, 1.3058695764571677 ],
						[ 103.86476749229753, 1.3058739361256622 ],
						[ 103.86469384745557, 1.3058793270644837 ],
						[ 103.86420320864353, 1.3054519033210767 ],
						[ 103.86467723011184, 1.3048943928004717 ],
						[ 103.86469530004749, 1.3049075782101636 ],
						[ 103.8647251680072, 1.3049293730228684 ],
						[ 103.86484004823622, 1.3050132152223466 ],
						[ 103.86489576618436, 1.3049386225248156 ],
						[ 103.86491624372006, 1.304911210974269 ],
						[ 103.8653297233666, 1.3052622891068182 ]
					]
				]
			},
			"properties" : {
				"OBJECTID" : 5601,
				"DESCRIPTION" : "SITE AREA:7799, FOR ENQUIRIES, PLEASE CALL SLA AT 6323-9829 OR EMAIL at SLA_ENQUIRY@SLA.GOV.SG",
				"INC_CRC" : "8B6CEB0F4425405B",
				"FMEL_UPD_D" : "20250214152432",
				"NAME" : "SL at Crawford Street",
				"SHAPE.AREA" : 7799.006453,
				"SHAPE.LEN" : 353.121902222015
			}
		},
		{
			"type" : "Feature",
			"geometry" : {
				"type" : "Polygon",
				"coordinates" : [
					[
						[ 103.85609822389621, 1.3912873293574288 ],
						[ 103.8554760133679, 1.3914014027542783 ],
						[ 103.85543094076392, 1.391410889958477 ],
						[ 103.85538544581824, 1.3914193552343885 ],
						[ 103.85504452581249, 1.3914893652379576 ],
						[ 103.85503762452515, 1.3914669370732509 ],
						[ 103.85504590027101, 1.3914492838102344 ],
						[ 103.85506577673011, 1.3914388563084998 ],
						[ 103.8552307913577, 1.3914050586882485 ],
						[ 103.85525181805228, 1.391400735631593 ],
						[ 103.85527996147412, 1.3913949474383502 ],
						[ 103.85530168007263, 1.3913904887201427 ],
						[ 103.85537216442714, 1.3913760001464683 ],
						[ 103.855376881954, 1.3913749600834526 ],
						[ 103.8554222780555, 1.3913665219395572 ],
						[ 103.85546523001781, 1.3913574778939464 ],
						[ 103.85558997931784, 1.3913216186782797 ],
						[ 103.85571254492058, 1.3912700506732516 ],
						[ 103.85582819133037, 1.391204284212622 ],
						[ 103.85592862472234, 1.3911300168708933 ],
						[ 103.85593530111349, 1.3911252327206973 ],
						[ 103.85602177951101, 1.3910439114698816 ],
						[ 103.85603240959722, 1.391034017624258 ],
						[ 103.85611813298306, 1.3909319140912577 ],
						[ 103.85619127617593, 1.3908203329425146 ],
						[ 103.85625012292135, 1.3907022585972981 ],
						[ 103.85625930614692, 1.3906770900559071 ],
						[ 103.85627936192287, 1.3906265992145876 ],
						[ 103.85645065307331, 1.3901339813876672 ],
						[ 103.85647144567241, 1.3900832644463414 ],
						[ 103.85649262580556, 1.390150214308645 ],
						[ 103.8564980713559, 1.3901674695211153 ],
						[ 103.8566209466987, 1.390555060651767 ],
						[ 103.85654348053161, 1.3905804559621326 ],
						[ 103.85660977065506, 1.3907865236984416 ],
						[ 103.85668641014045, 1.3907615624888088 ],
						[ 103.85681607002383, 1.3911705507920404 ],
						[ 103.85648148492805, 1.3912253404930102 ],
						[ 103.85609822389621, 1.3912873293574288 ]
					],
					[
						[ 103.85625858806482, 1.3907579673403632 ],
						[ 103.85626024146868, 1.3907600473615325 ],
						[ 103.8562591362263, 1.3907609517363866 ],
						[ 103.85626592957799, 1.3907714061184444 ],
						[ 103.85627208492983, 1.3907808837935494 ],
						[ 103.85627865371615, 1.3907995226724648 ],
						[ 103.8562851238898, 1.390842054850619 ],
						[ 103.85630817634703, 1.3912480688661357 ],
						[ 103.85630927261198, 1.3912480055499168 ],
						[ 103.85628654364288, 1.3908420096185155 ],
						[ 103.85628654364122, 1.3908418377893508 ],
						[ 103.85628005549466, 1.3907991699567626 ],
						[ 103.85627412471612, 1.3907823217124462 ],
						[ 103.85628891521705, 1.390772436868622 ],
						[ 103.85627556214905, 1.3907520707207575 ],
						[ 103.85627309102274, 1.3907482995468234 ],
						[ 103.85625858806482, 1.3907579673403632 ]
					]
				]
			},
			"properties" : {
				"OBJECTID" : 5602,
				"DESCRIPTION" : "SITE AREA:6645.6, FOR ENQUIRIES, PLEASE CALL SLA AT 6323-9829 OR EMAIL at SLA_ENQUIRY@SLA.GOV.SG",
				"INC_CRC" : "B3DCB20010426EDE",
				"FMEL_UPD_D" : "20250214152432",
				"NAME" : "SL at Sunrise Avenue",
				"SHAPE.AREA" : 6645.634567,
				"SHAPE.LEN" : 701.571485269799
			}
		},
		{
			"type" : "Feature",
			"geometry" : {
				"type" : "Polygon",
				"coordinates" : [
					[
						[ 103.87572367473885, 1.3790540876564024 ],
						[ 103.87599134241567, 1.3790869112564483 ],
						[ 103.87626396087764, 1.3790995493324898 ],
						[ 103.87628898621635, 1.3791031572903496 ],
						[ 103.87630385766853, 1.3791064760359768 ],
						[ 103.87631872912074, 1.379109794781509 ],
						[ 103.87633009615656, 1.3791142576110549 ],
						[ 103.87634238424071, 1.3791192965036392 ],
						[ 103.8763523899519, 1.3791245533893832 ],
						[ 103.87636331671142, 1.3791303863381688 ],
						[ 103.87637468830609, 1.3791385118414599 ],
						[ 103.87638605990085, 1.379146637344676 ],
						[ 103.8763868937916, 1.3791474422134355 ],
						[ 103.87637519064772, 1.3791406823058243 ],
						[ 103.87636348750392, 1.3791339223981527 ],
						[ 103.87635215640267, 1.3791290028643202 ],
						[ 103.87634082530148, 1.379124083330432 ],
						[ 103.8763283799931, 1.379120502275403 ],
						[ 103.87631593468477, 1.379116921220307 ],
						[ 103.87629993552608, 1.3791137924116725 ],
						[ 103.87628393636741, 1.3791106636029289 ],
						[ 103.87621699256184, 1.3791065273524332 ],
						[ 103.87615004875641, 1.3791023911000353 ],
						[ 103.87614892231313, 1.3791732661241665 ],
						[ 103.87614779586987, 1.3792441411482734 ],
						[ 103.87628268178823, 1.379251528260595 ],
						[ 103.87641756590968, 1.3792588954692229 ],
						[ 103.87645072839635, 1.379543326372986 ],
						[ 103.87652934520494, 1.38007432223311 ],
						[ 103.87645399806195, 1.3799789041682657 ],
						[ 103.87572367473885, 1.3790540876564024 ]
					]
				]
			},
			"properties" : {
				"OBJECTID" : 5603,
				"DESCRIPTION" : "SITE AREA:3430.1, FOR ENQUIRIES, PLEASE CALL SLA AT 6323-9829 OR EMAIL at SLA_ENQUIRY@SLA.GOV.SG",
				"INC_CRC" : "51418C44DD7D629C",
				"FMEL_UPD_D" : "20250214152432",
				"NAME" : "SL at Yoi Chu Kang Rd / Ang Mo Kio Ave 5",
				"SHAPE.AREA" : 3430.125260875,
				"SHAPE.LEN" : 383.345196871403
			}
		},
		{
			"type" : "Feature",
			"geometry" : {
				"type" : "Polygon",
				"coordinates" : [
					[
						[ 103.82069514863923, 1.456163140194315 ],
						[ 103.82070831340677, 1.45612251625606 ],
						[ 103.82073651661156, 1.4560263237814135 ],
						[ 103.82076471981392, 1.4559301313063253 ],
						[ 103.82079405078235, 1.4558300952918108 ],
						[ 103.82082338174816, 1.455730059276784 ],
						[ 103.82084034949484, 1.4556722217021147 ],
						[ 103.8210744871964, 1.4557801171894706 ],
						[ 103.82088681076844, 1.4563481017088575 ],
						[ 103.82069514863923, 1.456163140194315 ]
					]
				]
			},
			"properties" : {
				"OBJECTID" : 5604,
				"DESCRIPTION" : "SITE AREA:1683.5, FOR ENQUIRIES, PLEASE CALL SLA AT 6323-9829 OR EMAIL at SLA_ENQUIRY@SLA.GOV.SG",
				"INC_CRC" : "4E6EC09B771DF422",
				"FMEL_UPD_D" : "20250214152432",
				"NAME" : "SL at Canberra Road",
				"SHAPE.AREA" : 1683.4939123,
				"SHAPE.LEN" : 181.032852500742
			}
		},
		{
			"type" : "Feature",
			"geometry" : {
				"type" : "Polygon",
				"coordinates" : [
					[
						[ 103.84910825664937, 1.3222298717994092 ],
						[ 103.84909146327675, 1.3223220357038319 ],
						[ 103.84881298339666, 1.322264999191192 ],
						[ 103.8487302988405, 1.3223110047362505 ],
						[ 103.84872203217878, 1.3223151106031523 ],
						[ 103.84870911102695, 1.3223215135851532 ],
						[ 103.84858394298155, 1.3223836351670855 ],
						[ 103.84853183605235, 1.3224094641419044 ],
						[ 103.84840086145157, 1.322157445659616 ],
						[ 103.84844043814837, 1.3221467151314934 ],
						[ 103.84848001484484, 1.3221359846027392 ],
						[ 103.84849439167235, 1.322132936805704 ],
						[ 103.84850842165883, 1.3221299631686088 ],
						[ 103.84851589421223, 1.3221608634526383 ],
						[ 103.8486796464092, 1.3221477853272432 ],
						[ 103.84876654546458, 1.3221488609790815 ],
						[ 103.84885077583459, 1.32215261356387 ],
						[ 103.8490272248182, 1.3221772925579338 ],
						[ 103.84908266562259, 1.3221917801256557 ],
						[ 103.84910248780072, 1.3222078415144687 ],
						[ 103.84910825664937, 1.3222298717994092 ]
					]
				]
			},
			"properties" : {
				"OBJECTID" : 5605,
				"DESCRIPTION" : "SITE AREA:1315.7, FOR ENQUIRIES, PLEASE CALL SLA AT 6323-9829 OR EMAIL at SLA_ENQUIRY@SLA.GOV.SG",
				"INC_CRC" : "37DFA68E00BB2D6E",
				"FMEL_UPD_D" : "20250214152432",
				"NAME" : "Along Mandalay Road",
				"SHAPE.AREA" : 1315.6580488,
				"SHAPE.LEN" : 193.334017390482
			}
		},
		{
			"type" : "Feature",
			"geometry" : {
				"type" : "Polygon",
				"coordinates" : [
					[
						[ 103.86899318142808, 1.4073207988083236 ],
						[ 103.86898222730333, 1.4072956667061705 ],
						[ 103.86896199803486, 1.4072733979623853 ],
						[ 103.86899116258854, 1.4072208621150528 ],
						[ 103.86902161926973, 1.4071659984149845 ],
						[ 103.86906204200588, 1.4071018196135743 ],
						[ 103.86911132714678, 1.4071339807441743 ],
						[ 103.86916061228902, 1.4071661409693035 ],
						[ 103.86949576041981, 1.4073707390358559 ],
						[ 103.86971695521129, 1.4070334078706723 ],
						[ 103.86993814993994, 1.4066960766850536 ],
						[ 103.86998474197861, 1.4067251286368054 ],
						[ 103.87003133401844, 1.4067541805875834 ],
						[ 103.87006344524174, 1.4067746358843443 ],
						[ 103.870095555567, 1.406795091180673 ],
						[ 103.86999422567014, 1.4069576359024034 ],
						[ 103.86978811355998, 1.407288270041834 ],
						[ 103.86958200139252, 1.4076189041635203 ],
						[ 103.86956779053409, 1.4076354045035604 ],
						[ 103.86955357967547, 1.407651904843516 ],
						[ 103.86954524986855, 1.4076565127073344 ],
						[ 103.8695369200616, 1.4076611205711236 ],
						[ 103.86952699521964, 1.407662644579169 ],
						[ 103.8695189097757, 1.4076638845882237 ],
						[ 103.86948811764488, 1.4076420211692138 ],
						[ 103.86924612658392, 1.4074939760529523 ],
						[ 103.86900413555307, 1.4073459309104306 ],
						[ 103.86899318142808, 1.4073207988083236 ]
					]
				]
			},
			"properties" : {
				"OBJECTID" : 5606,
				"DESCRIPTION" : "SITE AREA:3972.4, FOR ENQUIRIES, PLEASE CALL SLA AT 6323-9829 OR EMAIL at SLA_ENQUIRY@SLA.GOV.SG",
				"INC_CRC" : "6BA3E1E00E0EB982",
				"FMEL_UPD_D" : "20250214152432",
				"NAME" : "SL at Lambeth Walk",
				"SHAPE.AREA" : 3972.448725385,
				"SHAPE.LEN" : 381.879715586977
			}
		},
		{
			"type" : "Feature",
			"geometry" : {
				"type" : "Polygon",
				"coordinates" : [
					[
						[ 103.77796085113944, 1.446258294340942 ],
						[ 103.77800013360519, 1.4464354781562667 ],
						[ 103.77753706475772, 1.446544795222129 ],
						[ 103.7773901449441, 1.4464968693734026 ],
						[ 103.7772108671107, 1.4456955176806228 ],
						[ 103.77711885170902, 1.4452840391502673 ],
						[ 103.77771514716349, 1.4451503166815982 ],
						[ 103.77796085113944, 1.446258294340942 ]
					]
				]
			},
			"properties" : {
				"OBJECTID" : 5607,
				"DESCRIPTION" : "SITE AREA:9839.4, FOR ENQUIRIES, PLEASE CALL SLA AT 6323-9829 OR EMAIL at SLA_ENQUIRY@SLA.GOV.SG",
				"INC_CRC" : "250B04608B7894B8",
				"FMEL_UPD_D" : "20250214152432",
				"NAME" : "Sl at Junction of Admiralty Rd & RiversideRd",
				"SHAPE.AREA" : 9839.351934,
				"SHAPE.LEN" : 421.17179001919
			}
		},
		{
			"type" : "Feature",
			"geometry" : {
				"type" : "Polygon",
				"coordinates" : [
					[
						[ 103.7290593450427, 1.3275244196011449 ],
						[ 103.72882764561409, 1.3274878011399647 ],
						[ 103.72937164202538, 1.3261187993380614 ],
						[ 103.72977164678665, 1.326215384106078 ],
						[ 103.73039908265825, 1.3263521953695017 ],
						[ 103.731732144446, 1.3266819183119496 ],
						[ 103.73169560461119, 1.3267962283074335 ],
						[ 103.7316595314059, 1.3269255869245342 ],
						[ 103.73159447148892, 1.3270397600834396 ],
						[ 103.7315182310831, 1.3272145703274472 ],
						[ 103.73150475812035, 1.3273037761522164 ],
						[ 103.73148607507864, 1.3273555411257463 ],
						[ 103.73142272468509, 1.3276331870345799 ],
						[ 103.73139511775885, 1.3277153201517577 ],
						[ 103.7313679024326, 1.3278892551890678 ],
						[ 103.73063943185954, 1.3277741355906687 ],
						[ 103.7290593450427, 1.3275244196011449 ]
					]
				]
			},
			"properties" : {
				"OBJECTID" : 5593,
				"DESCRIPTION" : "SITE AREA:41321, FOR ENQUIRIES, PLEASE CALL SLA AT 6323-9829 OR EMAIL at SLA_ENQUIRY@SLA.GOV.SG",
				"INC_CRC" : "4E43E743BDC1EA5D",
				"FMEL_UPD_D" : "20250214152432",
				"NAME" : "SL along Ayer Rajah Expressway near Yuan Ching Road",
				"SHAPE.AREA" : 41320.995494,
				"SHAPE.LEN" : 859.624093265934
			}
		},
		{
			"type" : "Feature",
			"geometry" : {
				"type" : "Polygon",
				"coordinates" : [
					[
						[ 103.75910253230214, 1.4116969211152584 ],
						[ 103.7589010072729, 1.4116740704184358 ],
						[ 103.75890071989063, 1.4116688793644305 ],
						[ 103.75887939646316, 1.411668733979386 ],
						[ 103.75887939638002, 1.4116713475890317 ],
						[ 103.75879435442211, 1.4116661176282064 ],
						[ 103.75879429159772, 1.4116637120200717 ],
						[ 103.75877349837032, 1.4116624814153278 ],
						[ 103.75877276140035, 1.4116665600695562 ],
						[ 103.75874582200748, 1.4116603462250508 ],
						[ 103.7581183261744, 1.4115255576848187 ],
						[ 103.75851120087887, 1.40998762847179 ],
						[ 103.75920765203857, 1.4101759845301238 ],
						[ 103.75910298248881, 1.4116687321287036 ],
						[ 103.75910253230214, 1.4116969211152584 ]
					]
				]
			},
			"properties" : {
				"OBJECTID" : 5608,
				"DESCRIPTION" : "SITE AREA:16501.9, FOR ENQUIRIES, PLEASE CALL SLA AT 6323-9829 OR EMAIL at SLA_ENQUIRY@SLA.GOV.SG",
				"INC_CRC" : "35A0F83B5DE99785",
				"FMEL_UPD_D" : "20250214152432",
				"NAME" : "SL at Mandai Rd (Former SCAL Dormitory)",
				"SHAPE.AREA" : 16501.8998805,
				"SHAPE.LEN" : 537.240445892352
			}
		},
		{
			"type" : "Feature",
			"geometry" : {
				"type" : "Polygon",
				"coordinates" : [
					[
						[ 103.86152761346493, 1.3245573150557575 ],
						[ 103.8616924015468, 1.3247618171108624 ],
						[ 103.86122164485597, 1.325173163643098 ],
						[ 103.86106309625708, 1.3252842485274114 ],
						[ 103.86059315606244, 1.3256055383145515 ],
						[ 103.86055173230292, 1.325567284154123 ],
						[ 103.86053919734903, 1.3255558259943434 ],
						[ 103.86081069253225, 1.3252910702665017 ],
						[ 103.86084492695409, 1.3252472805542934 ],
						[ 103.86152761346493, 1.3245573150557575 ]
					]
				]
			},
			"properties" : {
				"OBJECTID" : 5609,
				"DESCRIPTION" : "SITE AREA:3199.3, FOR ENQUIRIES, PLEASE CALL SLA AT 6323-9829 OR EMAIL at SLA_ENQUIRY@SLA.GOV.SG",
				"INC_CRC" : "5FD8E0E35EFC9B76",
				"FMEL_UPD_D" : "20250214152432",
				"NAME" : "SL at St. Wilfred Road",
				"SHAPE.AREA" : 3199.290887,
				"SHAPE.LEN" : 347.263107723159
			}
		},
		{
			"type" : "Feature",
			"geometry" : {
				"type" : "Polygon",
				"coordinates" : [
					[
						[ 103.8295011709709, 1.3340994016183163 ],
						[ 103.82939792260984, 1.3338748432139538 ],
						[ 103.82943848348904, 1.3338686167289504 ],
						[ 103.82947904436804, 1.3338623902432565 ],
						[ 103.8295350019742, 1.3338882415915865 ],
						[ 103.8295909595815, 1.3339140929386342 ],
						[ 103.82966434922771, 1.333920559256403 ],
						[ 103.82973773887433, 1.3339270255719702 ],
						[ 103.82997991800062, 1.3339270259160625 ],
						[ 103.83022209712696, 1.333927026236171 ],
						[ 103.83025053645082, 1.3339353328606083 ],
						[ 103.83027897577486, 1.3339436394847317 ],
						[ 103.83035652576935, 1.3339286090414655 ],
						[ 103.8304340757629, 1.333913578595753 ],
						[ 103.83044749573932, 1.3338918738623105 ],
						[ 103.83046091571552, 1.3338701691287898 ],
						[ 103.83045941972497, 1.3337778515932228 ],
						[ 103.83045923284236, 1.3337629711786143 ],
						[ 103.83047348215698, 1.3337663707016691 ],
						[ 103.83048062927831, 1.33376799856623 ],
						[ 103.83048049517149, 1.333960605607172 ],
						[ 103.83048070811884, 1.3339699024750293 ],
						[ 103.83051463134798, 1.3339699025143674 ],
						[ 103.8305350375815, 1.333969902537804 ],
						[ 103.83053503744846, 1.3340876598463736 ],
						[ 103.83053481459471, 1.3340978873048461 ],
						[ 103.83064144458342, 1.334097897372573 ],
						[ 103.83074131023336, 1.3340979065241252 ],
						[ 103.83074131928697, 1.334032887234542 ],
						[ 103.83074132834058, 1.3339678679449238 ],
						[ 103.83086037817924, 1.3339696677536879 ],
						[ 103.83096773779067, 1.333969912038322 ],
						[ 103.83097014147008, 1.333929079981011 ],
						[ 103.83103006174215, 1.3339423832407753 ],
						[ 103.83118199871917, 1.3340052593248317 ],
						[ 103.83133393570391, 1.3340681353994281 ],
						[ 103.83164461174444, 1.3342387575722316 ],
						[ 103.8319552878278, 1.3344093797053738 ],
						[ 103.8320740950721, 1.3344231035015361 ],
						[ 103.83219290231773, 1.334436827291924 ],
						[ 103.83222482805529, 1.334448005252465 ],
						[ 103.83225675379317, 1.3344591832125883 ],
						[ 103.83230513663402, 1.3344110484301517 ],
						[ 103.83235351947299, 1.3343629136467372 ],
						[ 103.83232597870415, 1.334330795128463 ],
						[ 103.83229843793602, 1.334298676609871 ],
						[ 103.83232632916916, 1.3342627823924254 ],
						[ 103.83235422040148, 1.3342268881746333 ],
						[ 103.83238385930727, 1.3342420815108158 ],
						[ 103.83241349821346, 1.3342572748466373 ],
						[ 103.83246328726251, 1.3342857713919338 ],
						[ 103.83230437732391, 1.334481222597227 ],
						[ 103.83221817866817, 1.3345872502593794 ],
						[ 103.8317408524947, 1.334433696129149 ],
						[ 103.83169207331775, 1.3345737116254113 ],
						[ 103.8315814428179, 1.334733440415427 ],
						[ 103.83113176843577, 1.3350584053647012 ],
						[ 103.8306820939356, 1.3353833702301583 ],
						[ 103.83024416347857, 1.335699852087215 ],
						[ 103.82999218164267, 1.3351595753338186 ],
						[ 103.82974019991654, 1.334619298552329 ],
						[ 103.8295011709709, 1.3340994016183163 ]
					]
				]
			},
			"properties" : {
				"OBJECTID" : 5610,
				"DESCRIPTION" : "SITE AREA:30582.4, FOR ENQUIRIES, PLEASE CALL SLA AT 6323-9829 OR EMAIL at SLA_ENQUIRY@SLA.GOV.SG",
				"INC_CRC" : "22EC9299ECF657D1",
				"FMEL_UPD_D" : "20250214152432",
				"NAME" : "SL at Jalan Mashhor",
				"SHAPE.AREA" : 30582.399163175,
				"SHAPE.LEN" : 994.246928315869
			}
		},
		{
			"type" : "Feature",
			"geometry" : {
				"type" : "Polygon",
				"coordinates" : [
					[
						[ 103.76390976060613, 1.4251772287149813 ],
						[ 103.76312860939659, 1.425681658668606 ],
						[ 103.76247328090162, 1.4252284530441142 ],
						[ 103.76259242142363, 1.4250526666170706 ],
						[ 103.76201750638171, 1.4246545028984539 ],
						[ 103.76201718287467, 1.4246549731572142 ],
						[ 103.76201659880309, 1.4246545752192352 ],
						[ 103.76217944863228, 1.4244179265328745 ],
						[ 103.76234651430525, 1.4244262789893851 ],
						[ 103.76245846952949, 1.424431364977844 ],
						[ 103.76256913082815, 1.4244350129834469 ],
						[ 103.76262383697323, 1.4244363169561343 ],
						[ 103.76276359472428, 1.4244368910157343 ],
						[ 103.7628467053719, 1.424436260521017 ],
						[ 103.76290228321746, 1.424435348824112 ],
						[ 103.76301317836268, 1.4244320332189924 ],
						[ 103.76306844173479, 1.42443002722893 ],
						[ 103.76312390282193, 1.4244271892294778 ],
						[ 103.76323461835464, 1.4244203737225674 ],
						[ 103.76329002555399, 1.4244166132669716 ],
						[ 103.76336301823468, 1.4244106376575485 ],
						[ 103.76343460910805, 1.4244048609628968 ],
						[ 103.76390976060613, 1.4251772287149813 ]
					]
				]
			},
			"properties" : {
				"OBJECTID" : 5612,
				"DESCRIPTION" : "SITE AREA:17540.2, FOR ENQUIRIES, PLEASE CALL SLA AT 6323-9829 OR EMAIL at SLA_ENQUIRY@SLA.GOV.SG",
				"INC_CRC" : "5D206D0A21A15103",
				"FMEL_UPD_D" : "20250214152432",
				"NAME" : "SL along Kranji Road (Behind Kranji MRT Station)",
				"SHAPE.AREA" : 17540.1629205,
				"SHAPE.LEN" : 565.22033180825
			}
		},
		{
			"type" : "Feature",
			"geometry" : {
				"type" : "Polygon",
				"coordinates" : [
					[
						[ 103.86903585307934, 1.34245679542396 ],
						[ 103.86852700228656, 1.3427217544620567 ],
						[ 103.86852437845666, 1.3427193669782762 ],
						[ 103.86844201429595, 1.3425698224859268 ],
						[ 103.86843908469812, 1.3425493658073133 ],
						[ 103.8684456798437, 1.342529334042303 ],
						[ 103.86854274112738, 1.3424467822625532 ],
						[ 103.86855446731033, 1.342444946233044 ],
						[ 103.86855976886743, 1.3424486178753312 ],
						[ 103.86861299899832, 1.3424089155094028 ],
						[ 103.86860734689343, 1.3423976110374487 ],
						[ 103.868611911453, 1.3423888476809307 ],
						[ 103.86882638613658, 1.3422071577660346 ],
						[ 103.86903585307934, 1.34245679542396 ]
					]
				]
			},
			"properties" : {
				"OBJECTID" : 5613,
				"DESCRIPTION" : "SITE AREA:1749.4, FOR ENQUIRIES, PLEASE CALL SLA AT 6323-9829 OR EMAIL at SLA_ENQUIRY@SLA.GOV.SG",
				"INC_CRC" : "5352BC05DB3B9FB0",
				"FMEL_UPD_D" : "20250214152432",
				"NAME" : "SL at Woodleigh park",
				"SHAPE.AREA" : 1749.3647605,
				"SHAPE.LEN" : 181.052765847187
			}
		},
		{
			"type" : "Feature",
			"geometry" : {
				"type" : "Polygon",
				"coordinates" : [
					[
						[ 103.8678747946486, 1.3429565187140244 ],
						[ 103.8679045292562, 1.3430453178238742 ],
						[ 103.86746497373304, 1.3432049172132252 ],
						[ 103.86733667791738, 1.3432508968953243 ],
						[ 103.86727789083658, 1.343014659667997 ],
						[ 103.8677159104863, 1.342904104011941 ],
						[ 103.8678747946486, 1.3429565187140244 ]
					]
				]
			},
			"properties" : {
				"OBJECTID" : 5614,
				"DESCRIPTION" : "SITE AREA:1487.5, FOR ENQUIRIES, PLEASE CALL SLA AT 6323-9829 OR EMAIL at SLA_ENQUIRY@SLA.GOV.SG",
				"INC_CRC" : "A2BC7BFE0CDB0246",
				"FMEL_UPD_D" : "20250214152432",
				"NAME" : "SL at Woodleigh Park (In Front of PUB Recreation Club)",
				"SHAPE.AREA" : 1487.4979255,
				"SHAPE.LEN" : 173.314175735824
			}
		},
		{
			"type" : "Feature",
			"geometry" : {
				"type" : "Polygon",
				"coordinates" : [
					[
						[ 103.87912497775667, 1.3651123401036565 ],
						[ 103.87910620418877, 1.3647437849885153 ],
						[ 103.87908743062847, 1.364375229871899 ],
						[ 103.8790868642416, 1.3643599325650362 ],
						[ 103.8794610410446, 1.364338577862344 ],
						[ 103.88033220807047, 1.3642890044612228 ],
						[ 103.88033312317555, 1.364307703978128 ],
						[ 103.88036891925802, 1.3650389991515461 ],
						[ 103.87912497775667, 1.3651123401036565 ]
					]
				]
			},
			"properties" : {
				"OBJECTID" : 5615,
				"DESCRIPTION" : "SITE AREA:11540, FOR ENQUIRIES, PLEASE CALL SLA AT 6323-9829 OR EMAIL at SLA_ENQUIRY@SLA.GOV.SG",
				"INC_CRC" : "8A21E12B8BF5D28E",
				"FMEL_UPD_D" : "20250214152432",
				"NAME" : "SL at Parry Avenue",
				"SHAPE.AREA" : 11540.0378228,
				"SHAPE.LEN" : 443.823887515597
			}
		},
		{
			"type" : "Feature",
			"geometry" : {
				"type" : "Polygon",
				"coordinates" : [
					[
						[ 103.83645726343005, 1.3808203902822564 ],
						[ 103.83577007051274, 1.3816998491004127 ],
						[ 103.83565872812046, 1.381711687340035 ],
						[ 103.83559471359902, 1.3816564940553149 ],
						[ 103.83565167418408, 1.3815836203330913 ],
						[ 103.83632821003637, 1.3807180706834683 ],
						[ 103.83702637403614, 1.3798251637838637 ],
						[ 103.8370850238499, 1.379750101462117 ],
						[ 103.83716122277505, 1.379652556616264 ],
						[ 103.83719558417481, 1.3796083693250527 ],
						[ 103.83724986710338, 1.3796525655147358 ],
						[ 103.83732352331619, 1.3797121991676022 ],
						[ 103.83718810848461, 1.3798852223527918 ],
						[ 103.83709999448378, 1.379997969580689 ],
						[ 103.83706468047562, 1.3799700066953797 ],
						[ 103.83699407043329, 1.379914099010412 ],
						[ 103.8369107188562, 1.3800207236781932 ],
						[ 103.83698135585698, 1.380076631365556 ],
						[ 103.8370313524262, 1.3800126565638058 ],
						[ 103.8370666664346, 1.3800406194496018 ],
						[ 103.83645726343005, 1.3808203902822564 ]
					]
				]
			},
			"properties" : {
				"OBJECTID" : 5616,
				"DESCRIPTION" : "SITE AREA:5051.5, FOR ENQUIRIES, PLEASE CALL SLA AT 6323-9829 OR EMAIL at SLA_ENQUIRY@SLA.GOV.SG",
				"INC_CRC" : "B72E782C3025A0A7",
				"FMEL_UPD_D" : "20250214152432",
				"NAME" : "SL at Yio Chu Kang Gardens",
				"SHAPE.AREA" : 5051.481049,
				"SHAPE.LEN" : 655.909561834323
			}
		},
		{
			"type" : "Feature",
			"geometry" : {
				"type" : "MultiPolygon",
				"coordinates" : [
					[
						[
							[ 103.79024783098181, 1.3070767298995598 ],
							[ 103.79026990816197, 1.307084137025826 ],
							[ 103.79028340425786, 1.3070890750888169 ],
							[ 103.7902961814398, 1.3070984897435987 ],
							[ 103.78996575812049, 1.3071294223326841 ],
							[ 103.78946949863766, 1.3071758799064974 ],
							[ 103.7894011368221, 1.3071953044530304 ],
							[ 103.78937040621904, 1.3072117181272012 ],
							[ 103.78937042500439, 1.3071648901345794 ],
							[ 103.7893754120623, 1.3071579627904988 ],
							[ 103.79012003937838, 1.307089090352665 ],
							[ 103.79011974292766, 1.307085002620027 ],
							[ 103.79022820673049, 1.3070754996249694 ],
							[ 103.79024783098181, 1.3070767298995598 ]
						]
					],
					[
						[
							[ 103.79011535887597, 1.307034756052871 ],
							[ 103.7901159698037, 1.3070396938935849 ],
							[ 103.78938248458054, 1.307103257907442 ],
							[ 103.78937045305672, 1.3071018740178513 ],
							[ 103.78937045306316, 1.3071015032284197 ],
							[ 103.78937049014651, 1.3070358644548226 ],
							[ 103.78936864046369, 1.306959698845345 ],
							[ 103.78937041115131, 1.3069280913377752 ],
							[ 103.78936945904493, 1.3069077521637344 ],
							[ 103.78935750096993, 1.3068164382709893 ],
							[ 103.7893381028499, 1.3067294651965562 ],
							[ 103.78930697882339, 1.3066349133408002 ],
							[ 103.78926392225246, 1.3065312724109848 ],
							[ 103.78920933734194, 1.3064267540432006 ],
							[ 103.78914164264337, 1.3063217742164182 ],
							[ 103.78908155814274, 1.3062453905278413 ],
							[ 103.78904776451681, 1.3062039700353196 ],
							[ 103.78897656490894, 1.306132578239171 ],
							[ 103.7889708772251, 1.306125840622733 ],
							[ 103.78896689679993, 1.3061179906682796 ],
							[ 103.78896394971278, 1.3061096252444384 ],
							[ 103.7889622336403, 1.3061009523585225 ],
							[ 103.7889618204629, 1.3060921619283676 ],
							[ 103.78896265626582, 1.3060833624767723 ],
							[ 103.78896534306777, 1.3060749971529995 ],
							[ 103.78896907217822, 1.3060669664626183 ],
							[ 103.78897449053805, 1.3060600029523006 ],
							[ 103.78898083438644, 1.3060538805173971 ],
							[ 103.78898823850045, 1.3060488795132636 ],
							[ 103.78913335508848, 1.3059764244027725 ],
							[ 103.78930550012063, 1.3058945824566484 ],
							[ 103.7893185471127, 1.3058892921543124 ],
							[ 103.78936871328617, 1.3058718116721304 ],
							[ 103.78940270549354, 1.3058613939912098 ],
							[ 103.78941302985228, 1.3058581836788044 ],
							[ 103.78942276117196, 1.3058548648322075 ],
							[ 103.78955475855612, 1.30580539841115 ],
							[ 103.7895955708164, 1.3057901063224304 ],
							[ 103.7896025705413, 1.3057874837879282 ],
							[ 103.78961973290096, 1.3057807827473862 ],
							[ 103.78965020283708, 1.3057683753994938 ],
							[ 103.78976561302478, 1.3057197406922032 ],
							[ 103.78978341334899, 1.3057132024472484 ],
							[ 103.78980166291677, 1.3057083915461818 ],
							[ 103.78982011913237, 1.3057046206677552 ],
							[ 103.7898276669388, 1.3057038340020821 ],
							[ 103.78983431619052, 1.3057035085466437 ],
							[ 103.78987484065452, 1.3057032469862222 ],
							[ 103.78989746599493, 1.3057071723216358 ],
							[ 103.78991601191629, 1.3057120742996047 ],
							[ 103.78993406360938, 1.305718586037675 ],
							[ 103.78995148629332, 1.3057266442279754 ],
							[ 103.78998527130086, 1.3057471648449732 ],
							[ 103.79000269384473, 1.3057634256209472 ],
							[ 103.79001235305884, 1.3057730030085408 ],
							[ 103.79008583570183, 1.3058031015323817 ],
							[ 103.79015377072486, 1.3058854866962908 ],
							[ 103.79011464492659, 1.3059073327529043 ],
							[ 103.7900755182291, 1.3059291788088796 ],
							[ 103.79007342468336, 1.3059251769596982 ],
							[ 103.7900713311376, 1.3059211751105155 ],
							[ 103.79003402760772, 1.3059420517186473 ],
							[ 103.78999672407723, 1.305962928326181 ],
							[ 103.79000031813985, 1.3059702175664025 ],
							[ 103.79000391220252, 1.305977506806619 ],
							[ 103.78998763487725, 1.3059861839015647 ],
							[ 103.78997135755189, 1.3059948609964 ],
							[ 103.78996671203538, 1.3059965611210134 ],
							[ 103.78996206651888, 1.3059982612456005 ],
							[ 103.7899621562728, 1.3060041396164055 ],
							[ 103.78996224602672, 1.3060100179872105 ],
							[ 103.79002719096081, 1.3061288887838907 ],
							[ 103.7900178729523, 1.306133378792036 ],
							[ 103.79000855494375, 1.306137868800145 ],
							[ 103.79002458450148, 1.306168215028919 ],
							[ 103.79004061405959, 1.3061985612575961 ],
							[ 103.790036220126, 1.306200840179959 ],
							[ 103.79003182619239, 1.3062031191023138 ],
							[ 103.7900665764215, 1.3062659323408599 ],
							[ 103.79010132665228, 1.3063287455789658 ],
							[ 103.79016976334297, 1.3062903266458574 ],
							[ 103.79023819913309, 1.3062519077107935 ],
							[ 103.79039143887931, 1.3065313743556952 ],
							[ 103.79029788937258, 1.3065826366465485 ],
							[ 103.79019305401516, 1.3066394868069682 ],
							[ 103.79019732653825, 1.3066434977373331 ],
							[ 103.79020159906136, 1.306647508667708 ],
							[ 103.79027310768126, 1.3067797686880913 ],
							[ 103.79035056450127, 1.3069231886668806 ],
							[ 103.79035733960752, 1.3069196436747272 ],
							[ 103.79036411471375, 1.3069160986825379 ],
							[ 103.79039636436919, 1.3069750448111133 ],
							[ 103.79043384341011, 1.3070434787171152 ],
							[ 103.79043470044651, 1.3070539503683583 ],
							[ 103.79042777455317, 1.3070475310700873 ],
							[ 103.7904220059708, 1.3070421680894546 ],
							[ 103.79040115086714, 1.3070316771026178 ],
							[ 103.79038152673144, 1.307023655051873 ],
							[ 103.79035454346257, 1.3070174777778296 ],
							[ 103.79033062414534, 1.3070168623979461 ],
							[ 103.79011535887597, 1.307034756052871 ]
						]
					]
				]
			},
			"properties" : {
				"OBJECTID" : 5617,
				"DESCRIPTION" : "SITE AREA:15754.9, FOR ENQUIRIES, PLEASE CALL SLA AT 6323-9829 OR EMAIL at SLA_ENQUIRY@SLA.GOV.SG",
				"INC_CRC" : "C030BB9D8F1B9F27",
				"FMEL_UPD_D" : "20250214152432",
				"NAME" : "SL Adjacent to Bouna Vista MRT Station",
				"SHAPE.AREA" : 15754.93462797,
				"SHAPE.LEN" : 813.198004698032
			}
		},
		{
			"type" : "Feature",
			"geometry" : {
				"type" : "Polygon",
				"coordinates" : [
					[
						[ 103.8920621534937, 1.3154766252055172 ],
						[ 103.89209398089758, 1.3155091725195183 ],
						[ 103.89210852127052, 1.3155875082029385 ],
						[ 103.89214378437916, 1.3157584774207622 ],
						[ 103.89215851533646, 1.315917301513626 ],
						[ 103.8918952575384, 1.3158932787897974 ],
						[ 103.89170926623844, 1.3158762901730603 ],
						[ 103.89168527425505, 1.315846455762437 ],
						[ 103.8917215687106, 1.3155465767771422 ],
						[ 103.89172432658803, 1.3155177003627134 ],
						[ 103.89173076732474, 1.3154373836247877 ],
						[ 103.8917599427317, 1.315415343581558 ],
						[ 103.8920621534937, 1.3154766252055172 ]
					]
				]
			},
			"properties" : {
				"OBJECTID" : 5618,
				"DESCRIPTION" : "SITE AREA:2298.4, FOR ENQUIRIES, PLEASE CALL SLA AT 6323-9829 OR EMAIL at SLA_ENQUIRY@SLA.GOV.SG",
				"INC_CRC" : "F74A1FCC57AE03BF",
				"FMEL_UPD_D" : "20250214152432",
				"NAME" : "SL at Paya Lebar Road & Sims Avenue",
				"SHAPE.AREA" : 2298.4255275,
				"SHAPE.LEN" : 189.144736007538
			}
		},
		{
			"type" : "Feature",
			"geometry" : {
				"type" : "Polygon",
				"coordinates" : [
					[
						[ 103.78512598955096, 1.4271827930331134 ],
						[ 103.78512954561701, 1.42729602846462 ],
						[ 103.78499065915189, 1.4273008819633248 ],
						[ 103.78500431775015, 1.427731187457461 ],
						[ 103.78500789179428, 1.4278438350525238 ],
						[ 103.78501367709572, 1.4279219812262034 ],
						[ 103.78502585140045, 1.427999521611388 ],
						[ 103.78504428892128, 1.428075732714511 ],
						[ 103.78506880995039, 1.4281501352190067 ],
						[ 103.78533575801163, 1.4288587820063516 ],
						[ 103.78535774518639, 1.4289254883210702 ],
						[ 103.78537151917851, 1.428994500590018 ],
						[ 103.7853790479364, 1.4290643085675676 ],
						[ 103.78537884878806, 1.4291346047390183 ],
						[ 103.7853719731019, 1.4292046294610818 ],
						[ 103.78535719881421, 1.4292732793845309 ],
						[ 103.78533571207532, 1.429340138526923 ],
						[ 103.78530779145673, 1.4294048089739415 ],
						[ 103.7851362969376, 1.429744556639478 ],
						[ 103.78510006991922, 1.429756421123087 ],
						[ 103.7850638429005, 1.4297682856060903 ],
						[ 103.78422430573434, 1.4293376097962374 ],
						[ 103.78338476888884, 1.4289069336868276 ],
						[ 103.7831606296676, 1.4288516766850896 ],
						[ 103.7829364904578, 1.4287964196617007 ],
						[ 103.78293720936252, 1.4287950088705463 ],
						[ 103.78216549789433, 1.428401277069697 ],
						[ 103.78209754690725, 1.4283759171945432 ],
						[ 103.78197662467144, 1.4283161541405414 ],
						[ 103.78110124421094, 1.427867271573585 ],
						[ 103.78091620831708, 1.4277708531475173 ],
						[ 103.7805059608945, 1.4275620894830536 ],
						[ 103.78046545275522, 1.4275452221678278 ],
						[ 103.7804228148036, 1.42753492048126 ],
						[ 103.78038194692621, 1.4275312749499502 ],
						[ 103.7803737158242, 1.4275312747592088 ],
						[ 103.78037371180397, 1.4273142275303208 ],
						[ 103.78037371656207, 1.4271062239357837 ],
						[ 103.7803737127472, 1.42688013307152 ],
						[ 103.78019212534241, 1.426880137901563 ],
						[ 103.78010416950384, 1.4269534887751285 ],
						[ 103.78008697093938, 1.4269325885352173 ],
						[ 103.78000712208191, 1.4269325957177168 ],
						[ 103.780007072947, 1.4267249900423893 ],
						[ 103.77992370198164, 1.4267092159978654 ],
						[ 103.7797734222374, 1.426678319427159 ],
						[ 103.77965223875401, 1.4266534013723584 ],
						[ 103.77959369581527, 1.4266403771635898 ],
						[ 103.77941396046015, 1.4266004362426725 ],
						[ 103.77938169220471, 1.4265932638794536 ],
						[ 103.7792342341551, 1.426558035439518 ],
						[ 103.77911211624959, 1.4265288487389869 ],
						[ 103.77884783308976, 1.426461232246815 ],
						[ 103.77985520905472, 1.4264185700705958 ],
						[ 103.77997424490545, 1.42644302683883 ],
						[ 103.78024239243324, 1.4264936864768818 ],
						[ 103.78037240912724, 1.4265161267490702 ],
						[ 103.78051580580012, 1.4265408463189422 ],
						[ 103.78066861074824, 1.4265647612131638 ],
						[ 103.78095769568398, 1.4266069292775259 ],
						[ 103.78124729292477, 1.4266448287218232 ],
						[ 103.78151523429639, 1.4266747782841418 ],
						[ 103.78187302575768, 1.4267089984348733 ],
						[ 103.78216329733536, 1.426730546887517 ],
						[ 103.78252220338183, 1.4267506498481786 ],
						[ 103.78279163689275, 1.4267602963346881 ],
						[ 103.78306098052589, 1.4267709556746824 ],
						[ 103.78359938909192, 1.4267991474162947 ],
						[ 103.78433004240966, 1.4268261674875036 ],
						[ 103.78436174470018, 1.4268273438393242 ],
						[ 103.784373363507, 1.4268265844228203 ],
						[ 103.78460120135992, 1.4268301343954255 ],
						[ 103.7848550625277, 1.4268290364688032 ],
						[ 103.7850294792567, 1.4268253413136032 ],
						[ 103.78514348365802, 1.42682196139978 ],
						[ 103.78516058387416, 1.4268212020947755 ],
						[ 103.78561136278972, 1.4268027534885197 ],
						[ 103.78568829125986, 1.4268011272385537 ],
						[ 103.785770368581, 1.4268033717690292 ],
						[ 103.78582589245609, 1.4268085911009996 ],
						[ 103.78588023012371, 1.4268170661157469 ],
						[ 103.78593648169588, 1.426830243859272 ],
						[ 103.78598785384554, 1.4268468490381836 ],
						[ 103.78603831829884, 1.4268693054292656 ],
						[ 103.78608400211046, 1.4268983545306673 ],
						[ 103.78619815570056, 1.4270706290972892 ],
						[ 103.7851221823298, 1.4270479252207322 ],
						[ 103.78512178694942, 1.4270479252123935 ],
						[ 103.78512598955096, 1.4271827930331134 ]
					]
				]
			},
			"properties" : {
				"OBJECTID" : 5619,
				"DESCRIPTION" : "SITE AREA:120853.8, FOR ENQUIRIES, PLEASE CALL  HDB AT 6490-1111 OR EMAIL at HDBMAILBOX@HDB.GOV.SG",
				"INC_CRC" : "2107B9650863E36F",
				"FMEL_UPD_D" : "20250214152432",
				"NAME" : "SL at Woodgrove Avenue",
				"SHAPE.AREA" : 120853.7752275,
				"SHAPE.LEN" : 2138.77075402537
			}
		},
		{
			"type" : "Feature",
			"geometry" : {
				"type" : "Polygon",
				"coordinates" : [
					[
						[ 103.76064579891175, 1.379204469827791 ],
						[ 103.76074362541749, 1.379005223468729 ],
						[ 103.7608312120361, 1.3788268314127576 ],
						[ 103.76101662420105, 1.3784491929788685 ],
						[ 103.76139006964495, 1.3776885803895234 ],
						[ 103.76145110068981, 1.3776887540721794 ],
						[ 103.76165010759422, 1.3776876477381643 ],
						[ 103.76153099038892, 1.3777685756198006 ],
						[ 103.76140986460888, 1.3777082599408963 ],
						[ 103.76128747602863, 1.3779574445409029 ],
						[ 103.76116508742192, 1.3782066291327117 ],
						[ 103.76126285071729, 1.3782539574537072 ],
						[ 103.76136061401667, 1.378301285770833 ],
						[ 103.76148070674924, 1.378052313624024 ],
						[ 103.76160079945586, 1.3778033414693 ],
						[ 103.76159051993807, 1.377798222460333 ],
						[ 103.76158024042034, 1.37779310345134 ],
						[ 103.76162708400057, 1.3777600232531497 ],
						[ 103.76168321441901, 1.3777238775426852 ],
						[ 103.7617392414979, 1.377687800559294 ],
						[ 103.7613068941931, 1.3785852443286244 ],
						[ 103.76120740302245, 1.378534774197368 ],
						[ 103.76086827066092, 1.3793128818013047 ],
						[ 103.76074144162473, 1.3792510728068477 ],
						[ 103.76064579891175, 1.379204469827791 ]
					]
				]
			},
			"properties" : {
				"OBJECTID" : 5620,
				"DESCRIPTION" : "SITE AREA:4397.4, FOR ENQUIRIES, PLEASE CALL SLA AT 6323-9829 OR EMAIL at SLA_ENQUIRY@SLA.GOV.SG",
				"INC_CRC" : "0E8032D7BE7CE6F5",
				"FMEL_UPD_D" : "20250214152432",
				"NAME" : "SL at Lorong Ah Thia",
				"SHAPE.AREA" : 4397.4341173,
				"SHAPE.LEN" : 661.646983548529
			}
		},
		{
			"type" : "Feature",
			"geometry" : {
				"type" : "Polygon",
				"coordinates" : [
					[
						[ 103.87491097574897, 1.3115148790234439 ],
						[ 103.874918640512, 1.3115234341832707 ],
						[ 103.8749238880747, 1.3115256950067262 ],
						[ 103.87493923544707, 1.3115352448389606 ],
						[ 103.874953172128, 1.3115466215109304 ],
						[ 103.87498580793657, 1.3115776768407954 ],
						[ 103.87508587095805, 1.3116149440230775 ],
						[ 103.87512343148907, 1.3116865057532638 ],
						[ 103.87503652965478, 1.3120378799420127 ],
						[ 103.8750173470413, 1.3121229900044187 ],
						[ 103.87495355065522, 1.3121592108705284 ],
						[ 103.87494367554794, 1.31215601862924 ],
						[ 103.87482947833585, 1.312119131511059 ],
						[ 103.87483757389403, 1.312096739311476 ],
						[ 103.8748350309833, 1.31209571742207 ],
						[ 103.87478865656661, 1.3120775495134451 ],
						[ 103.87480625746204, 1.311975482644942 ],
						[ 103.87481508031404, 1.3119208679269154 ],
						[ 103.87482406490479, 1.3118662712934397 ],
						[ 103.87483318427782, 1.3118116927449803 ],
						[ 103.87484243843328, 1.3117571413251317 ],
						[ 103.87485183635667, 1.3117026170337927 ],
						[ 103.87486135109089, 1.3116480836968105 ],
						[ 103.87486654422023, 1.3116187641136472 ],
						[ 103.87489805512463, 1.3115456909372385 ],
						[ 103.87476116033822, 1.3114930772956954 ],
						[ 103.87477465602993, 1.3114619398017562 ],
						[ 103.87491097574897, 1.3115148790234439 ]
					]
				]
			},
			"properties" : {
				"OBJECTID" : 5621,
				"DESCRIPTION" : "SITE AREA:1758.7, FOR ENQUIRIES, PLEASE CALL SLA AT 6323-9829 OR EMAIL at SLA_ENQUIRY@SLA.GOV.SG",
				"INC_CRC" : "B8D7A1A3CAF6EC14",
				"FMEL_UPD_D" : "20250214152432",
				"NAME" : "SL at Junction Geyland Road & Sims Way (KPE)",
				"SHAPE.AREA" : 1758.705142,
				"SHAPE.LEN" : 209.155890200987
			}
		},
		{
			"type" : "Feature",
			"geometry" : {
				"type" : "MultiPolygon",
				"coordinates" : [
					[
						[
							[ 103.79323684132034, 1.2756543417442627 ],
							[ 103.79315823332776, 1.275683089361538 ],
							[ 103.793109386211, 1.2755666651972224 ],
							[ 103.79306053909848, 1.2754502410319912 ],
							[ 103.79314895556216, 1.2754178661645754 ],
							[ 103.7932373720237, 1.2753854912940243 ],
							[ 103.79327825357186, 1.2755050037370326 ],
							[ 103.79331913512361, 1.2756245161793955 ],
							[ 103.79323684132034, 1.2756543417442627 ]
						]
					],
					[
						[
							[ 103.79167721159067, 1.2757047885040274 ],
							[ 103.79166318153908, 1.2756679761088705 ],
							[ 103.79164915148787, 1.2756311637136228 ],
							[ 103.79164094819748, 1.2756096984828955 ],
							[ 103.7916327485012, 1.2755882432001966 ],
							[ 103.79167860663127, 1.2755611754066736 ],
							[ 103.7922852410608, 1.275203219562914 ],
							[ 103.79281524747266, 1.2748903358958572 ],
							[ 103.79282710336277, 1.274909042868531 ],
							[ 103.79283895925307, 1.274927749841136 ],
							[ 103.79288349804395, 1.275032774424592 ],
							[ 103.79243832333378, 1.2752870114087111 ],
							[ 103.79199314853793, 1.2755412483120079 ],
							[ 103.79202749411334, 1.275602166875924 ],
							[ 103.79206183969035, 1.2756630854393864 ],
							[ 103.79245061737001, 1.2754410565743806 ],
							[ 103.79283939498433, 1.2752190276477264 ],
							[ 103.79286093271985, 1.2752302375896922 ],
							[ 103.79288247045552, 1.2752414475314984 ],
							[ 103.79293504363426, 1.275367587349314 ],
							[ 103.79298042520286, 1.2754764753906291 ],
							[ 103.79302954634349, 1.2755943284578757 ],
							[ 103.79307866748847, 1.27571218152423 ],
							[ 103.7929549122797, 1.275757397810407 ],
							[ 103.79269055150243, 1.2758539164712617 ],
							[ 103.79242406231573, 1.2759351060876292 ],
							[ 103.7924273148789, 1.2759438694340335 ],
							[ 103.79233668801156, 1.2759748424746875 ],
							[ 103.79223264587993, 1.276013004996094 ],
							[ 103.79212860374534, 1.2760511675131543 ],
							[ 103.79211882581677, 1.2760546582034122 ],
							[ 103.79209757823585, 1.2759913749382001 ],
							[ 103.79205932126686, 1.275877734560897 ],
							[ 103.79203046551031, 1.2758878195704448 ],
							[ 103.79198473425244, 1.27590355025583 ],
							[ 103.79193766036599, 1.2757640647987543 ],
							[ 103.79166523166646, 1.2758561970527325 ],
							[ 103.79164153842632, 1.2757839740987837 ],
							[ 103.79170047373276, 1.275764630697446 ],
							[ 103.79168884266159, 1.2757347096007536 ],
							[ 103.79167721159067, 1.2757047885040274 ]
						],
						[
							[ 103.79185938350331, 1.2754819143930505 ],
							[ 103.79182774304847, 1.2755006360385543 ],
							[ 103.79186534500444, 1.2756120778978348 ],
							[ 103.7919029469635, 1.2757235197565888 ],
							[ 103.79193697921086, 1.2757118874641515 ],
							[ 103.79197101145792, 1.2757002542669034 ],
							[ 103.79193101770605, 1.2755817239595095 ],
							[ 103.7918910239577, 1.2754631927471374 ],
							[ 103.79185938350331, 1.2754819143930505 ]
						]
					]
				]
			},
			"properties" : {
				"OBJECTID" : 5622,
				"DESCRIPTION" : "SITE AREA:9432.4, FOR ENQUIRIES, PLEASE CALL SLA AT 6323-9829 OR EMAIL at SLA_ENQUIRY@SLA.GOV.SG",
				"INC_CRC" : "5B561DD9742037BB",
				"FMEL_UPD_D" : "20250214152432",
				"NAME" : "SL Adjacent to Pasir Panjang MRT Station",
				"SHAPE.AREA" : 9432.411096805,
				"SHAPE.LEN" : 854.968269871058
			}
		},
		{
			"type" : "Feature",
			"geometry" : {
				"type" : "Polygon",
				"coordinates" : [
					[
						[ 103.84900961279105, 1.2916808753796758 ],
						[ 103.84904325464564, 1.2917525732141732 ],
						[ 103.84889723301148, 1.291824597733309 ],
						[ 103.84883353555229, 1.2918559886282912 ],
						[ 103.8486910002391, 1.2919262496027464 ],
						[ 103.84873662876468, 1.2920185578427388 ],
						[ 103.84853760227462, 1.2921195223385293 ],
						[ 103.84859879141578, 1.2918543169834593 ],
						[ 103.84851533472848, 1.2918381383998472 ],
						[ 103.84848735382288, 1.2917867525583078 ],
						[ 103.84845198682243, 1.2917218012881997 ],
						[ 103.84844219260772, 1.2917038225739872 ],
						[ 103.8484092966271, 1.291643438330815 ],
						[ 103.84842871405729, 1.2916327214915873 ],
						[ 103.84846346056442, 1.2916135577928785 ],
						[ 103.84845462780034, 1.2915973244970593 ],
						[ 103.84883493444063, 1.2913877265982703 ],
						[ 103.84900961279105, 1.2916808753796758 ]
					],
					[
						[ 103.84881906627885, 1.2914024316677604 ],
						[ 103.84884720894527, 1.2914572721784043 ],
						[ 103.84886277164098, 1.291448834358896 ],
						[ 103.84883433245368, 1.291393695409852 ],
						[ 103.84881906627885, 1.2914024316677604 ]
					]
				]
			},
			"properties" : {
				"OBJECTID" : 5623,
				"DESCRIPTION" : "SITE AREA:2686.8, FOR ENQUIRIES, PLEASE CALL SLA AT 6323-9829 OR EMAIL at SLA_ENQUIRY@SLA.GOV.SG",
				"INC_CRC" : "7B932E8FA1629ECE",
				"FMEL_UPD_D" : "20250214152432",
				"NAME" : "SL at Hill Street",
				"SHAPE.AREA" : 2686.8498805,
				"SHAPE.LEN" : 265.33088186155
			}
		},
		{
			"type" : "Feature",
			"geometry" : {
				"type" : "Polygon",
				"coordinates" : [
					[
						[ 103.82508768069576, 1.2753293508810224 ],
						[ 103.82505925085907, 1.2753750935693369 ],
						[ 103.82499347765447, 1.2754811753664785 ],
						[ 103.82497990968494, 1.2755027625139759 ],
						[ 103.82479604604117, 1.2743293935747757 ],
						[ 103.82492649556727, 1.2743087563977717 ],
						[ 103.82508768069576, 1.2753293508810224 ]
					]
				]
			},
			"properties" : {
				"OBJECTID" : 5624,
				"DESCRIPTION" : "SITE AREA:1814, FOR ENQUIRIES, PLEASE CALL SLA AT 6323-9829 OR EMAIL at SLA_ENQUIRY@SLA.GOV.SG",
				"INC_CRC" : "F1BE1F42FD19245B",
				"FMEL_UPD_D" : "20250214152432",
				"NAME" : "SL at Bukit Purmei Avenue (Adjacent to Radin Mas Pri Sch)",
				"SHAPE.AREA" : 1814.0485505,
				"SHAPE.LEN" : 282.931143754314
			}
		},
		{
			"type" : "Feature",
			"geometry" : {
				"type" : "Polygon",
				"coordinates" : [
					[
						[ 103.74401431013047, 1.3202309117408977 ],
						[ 103.74402292270861, 1.320282236492485 ],
						[ 103.74381484967212, 1.3203336519778426 ],
						[ 103.74357128623832, 1.3203938330559686 ],
						[ 103.74353843476106, 1.3204062759044093 ],
						[ 103.743525743452, 1.3204110767090962 ],
						[ 103.7434272402252, 1.3200734868791943 ],
						[ 103.7435199119553, 1.3200577181490476 ],
						[ 103.74344708015663, 1.319750262645833 ],
						[ 103.74387695721872, 1.319663407791919 ],
						[ 103.74401431013047, 1.3202309117408977 ]
					]
				]
			},
			"properties" : {
				"OBJECTID" : 5611,
				"DESCRIPTION" : "SITE AREA:3850.1, FOR ENQUIRIES, PLEASE CALL SLA AT 6323-9829 OR EMAIL at SLA_ENQUIRY@SLA.GOV.SG",
				"INC_CRC" : "3AE69229DB5675FB",
				"FMEL_UPD_D" : "20250214152432",
				"NAME" : "Teban Gardens Road",
				"SHAPE.AREA" : 3850.087487855,
				"SHAPE.LEN" : 260.623510624312
			}
		},
		{
			"type" : "Feature",
			"geometry" : {
				"type" : "Polygon",
				"coordinates" : [
					[
						[ 103.88070035227953, 1.3309383329254802 ],
						[ 103.88017904403328, 1.330825568719995 ],
						[ 103.88012868876451, 1.3308146811359927 ],
						[ 103.88014222089829, 1.33080854928783 ],
						[ 103.88041054530888, 1.3306871513327878 ],
						[ 103.88008073982081, 1.3302305531637404 ],
						[ 103.88000735288212, 1.3301289492346184 ],
						[ 103.87996135463135, 1.3300652647768394 ],
						[ 103.88004267278399, 1.3300058555397536 ],
						[ 103.88017108364582, 1.3299158688448895 ],
						[ 103.88016296123897, 1.329944202732925 ],
						[ 103.8802523069396, 1.3300678637970262 ],
						[ 103.88032479530638, 1.3301681835385288 ],
						[ 103.88039727469369, 1.330268512321414 ],
						[ 103.88046975408693, 1.330368841101865 ],
						[ 103.88054224247149, 1.3304691608360477 ],
						[ 103.88061470390547, 1.3305694896119757 ],
						[ 103.88065808731659, 1.3306295656933462 ],
						[ 103.88066688540198, 1.330693856779408 ],
						[ 103.88068369972183, 1.330816723384189 ],
						[ 103.88070035227953, 1.3309383329254802 ]
					],
					[
						[ 103.88052500691512, 1.3308756819513996 ],
						[ 103.88065053566983, 1.3309027742847375 ],
						[ 103.88066304255298, 1.330849633598874 ],
						[ 103.88053458445538, 1.3308197106623112 ],
						[ 103.88052500691512, 1.3308756819513996 ]
					]
				]
			},
			"properties" : {
				"OBJECTID" : 5625,
				"DESCRIPTION" : "SITE AREA:3415.7, FOR ENQUIRIES, PLEASE CALL SLA AT 6323-9829 OR EMAIL at SLA_ENQUIRY@SLA.GOV.SG",
				"INC_CRC" : "DF42670FF83695A2",
				"FMEL_UPD_D" : "20250214152432",
				"NAME" : "SL at Happy Avenue North",
				"SHAPE.AREA" : 3415.659209,
				"SHAPE.LEN" : 385.781181687863
			}
		},
		{
			"type" : "Feature",
			"geometry" : {
				"type" : "Polygon",
				"coordinates" : [
					[
						[ 103.88799657767414, 1.334916289031999 ],
						[ 103.88779501243098, 1.334874855567874 ],
						[ 103.88776995062143, 1.3348270152633608 ],
						[ 103.88792393616548, 1.3344111942415031 ],
						[ 103.88793338014277, 1.3344177235396617 ],
						[ 103.88815135384293, 1.334497230356153 ],
						[ 103.88799657767414, 1.334916289031999 ]
					]
				]
			},
			"properties" : {
				"OBJECTID" : 5626,
				"DESCRIPTION" : "SITE AREA:1381.5, FOR ENQUIRIES, PLEASE CALL SLA AT 6323-9829 OR EMAIL at SLA_ENQUIRY@SLA.GOV.SG",
				"INC_CRC" : "CB2A9C7466B7F0A9",
				"FMEL_UPD_D" : "20250214152432",
				"NAME" : "SL at Harper Road & Upper Paya Lebar",
				"SHAPE.AREA" : 1381.533095,
				"SHAPE.LEN" : 154.4570654543
			}
		},
		{
			"type" : "Feature",
			"geometry" : {
				"type" : "Polygon",
				"coordinates" : [
					[
						[ 103.82151014331923, 1.4111587476104224 ],
						[ 103.82169868402735, 1.4112795761125991 ],
						[ 103.82172213705155, 1.4112938697027475 ],
						[ 103.8219882146788, 1.41184690766574 ],
						[ 103.82208235978, 1.4118009031321048 ],
						[ 103.82217676431868, 1.4119958935003423 ],
						[ 103.82244194671772, 1.4118675112597783 ],
						[ 103.82246779867491, 1.4119470140161055 ],
						[ 103.82247508607017, 1.4119770660643087 ],
						[ 103.82248237346562, 1.4120071181125 ],
						[ 103.82166334251824, 1.4123851065957247 ],
						[ 103.82163416033872, 1.4123223571560366 ],
						[ 103.82160342006027, 1.4122499717102595 ],
						[ 103.82147787989685, 1.4119852664564747 ],
						[ 103.82135233976163, 1.4117205602911416 ],
						[ 103.82122993209155, 1.4114624587049367 ],
						[ 103.82110125957578, 1.4111911488432989 ],
						[ 103.82107434727936, 1.4111235836701268 ],
						[ 103.82107384407784, 1.4111223175579246 ],
						[ 103.82129706218416, 1.4110505393642043 ],
						[ 103.82132717372026, 1.411065827793361 ],
						[ 103.82151014331923, 1.4111587476104224 ]
					]
				]
			},
			"properties" : {
				"OBJECTID" : 5628,
				"DESCRIPTION" : "SITE AREA:9060.3, FOR ENQUIRIES, PLEASE CALL SLA AT 6323-9829 OR EMAIL at SLA_ENQUIRY@SLA.GOV.SG",
				"INC_CRC" : "9549021C012FE3F4",
				"FMEL_UPD_D" : "20250214152432",
				"NAME" : "SL at Sembawang Road",
				"SHAPE.AREA" : 9060.2517611,
				"SHAPE.LEN" : 487.548782831775
			}
		},
		{
			"type" : "Feature",
			"geometry" : {
				"type" : "Polygon",
				"coordinates" : [
					[
						[ 103.77579787643417, 1.4460691188620907 ],
						[ 103.77645346156844, 1.4490790923668158 ],
						[ 103.7764301520046, 1.4490739730819286 ],
						[ 103.77634930551802, 1.449050701771328 ],
						[ 103.77581942334784, 1.4488746268665622 ],
						[ 103.77569751145364, 1.4488273345968257 ],
						[ 103.77558401964998, 1.4487720750967643 ],
						[ 103.77547711487087, 1.4487057825292744 ],
						[ 103.77537548514381, 1.448629135133966 ],
						[ 103.77528900585231, 1.4485512491472365 ],
						[ 103.7752092123547, 1.448465368759169 ],
						[ 103.775134792737, 1.4483698479955602 ],
						[ 103.77422906255742, 1.447147767466728 ],
						[ 103.77416390771677, 1.4470470920460135 ],
						[ 103.77411602408706, 1.4469416149086587 ],
						[ 103.77408327308525, 1.446828035073798 ],
						[ 103.77406664277039, 1.4467216996115 ],
						[ 103.77406661581523, 1.446721591087206 ],
						[ 103.77454896164579, 1.446540224627798 ],
						[ 103.77496593369727, 1.446382903388986 ],
						[ 103.77496642792177, 1.4463831023616827 ],
						[ 103.77565238466474, 1.446124056117512 ],
						[ 103.77579787643417, 1.4460691188620907 ]
					]
				]
			},
			"properties" : {
				"OBJECTID" : 5629,
				"DESCRIPTION" : "SITE AREA:46261.8, FOR ENQUIRIES, PLEASE CALL  HDB AT 6490-1111 OR EMAIL at HDBMAILBOX@HDB.GOV.SG",
				"INC_CRC" : "DC82BFAD458A43FD",
				"FMEL_UPD_D" : "20250214152432",
				"NAME" : "SL along Marsiling Crescent",
				"SHAPE.AREA" : 46261.765560175,
				"SHAPE.LEN" : 936.281699387363
			}
		},
		{
			"type" : "Feature",
			"geometry" : {
				"type" : "Polygon",
				"coordinates" : [
					[
						[ 103.82088635202557, 1.2914952634336299 ],
						[ 103.82027131769661, 1.2915549122326389 ],
						[ 103.82027815509296, 1.291654537098701 ],
						[ 103.82027823595597, 1.2916556675551676 ],
						[ 103.82022100778507, 1.2916610844040564 ],
						[ 103.82005739218252, 1.291676584362553 ],
						[ 103.8200336077623, 1.291678890367749 ],
						[ 103.81999959982944, 1.2913173793876283 ],
						[ 103.81999490071554, 1.2912674222490266 ],
						[ 103.8200188288998, 1.2912648991973588 ],
						[ 103.82006417833246, 1.2912605856156811 ],
						[ 103.82019949872148, 1.2912650086669262 ],
						[ 103.82042079152184, 1.2912852042746805 ],
						[ 103.82044450403222, 1.2912873658277517 ],
						[ 103.82061484969319, 1.291270563592378 ],
						[ 103.82085959483646, 1.2912098095825235 ],
						[ 103.82088635202557, 1.2914952634336299 ]
					]
				]
			},
			"properties" : {
				"OBJECTID" : 5630,
				"DESCRIPTION" : "SITE AREA:3237.1, FOR ENQUIRIES, PLEASE CALL SLA AT 6323-9829 OR EMAIL at SLA_ENQUIRY@SLA.GOV.SG",
				"INC_CRC" : "9A545CBF9A015D43",
				"FMEL_UPD_D" : "20250214152432",
				"NAME" : "SL at Prince Philip Avenue",
				"SHAPE.AREA" : 3237.121748,
				"SHAPE.LEN" : 281.981071617529
			}
		},
		{
			"type" : "Feature",
			"geometry" : {
				"type" : "Polygon",
				"coordinates" : [
					[
						[ 103.81451528595426, 1.285245167656246 ],
						[ 103.81452611304732, 1.2852877181031237 ],
						[ 103.81456914275239, 1.285474813423574 ],
						[ 103.81457881048041, 1.2855516845079449 ],
						[ 103.81458323059766, 1.2856475019972056 ],
						[ 103.81457671534233, 1.2857627270753893 ],
						[ 103.81455639844798, 1.2858867063031196 ],
						[ 103.81452697052666, 1.2859872985878698 ],
						[ 103.81427670020676, 1.285982349844215 ],
						[ 103.81430041306393, 1.2859302857376562 ],
						[ 103.81432445863285, 1.2858440275982306 ],
						[ 103.81433904252084, 1.2857650133501497 ],
						[ 103.81434775907476, 1.2856680474156348 ],
						[ 103.81434608833798, 1.285593934703214 ],
						[ 103.81433802895519, 1.2855235569697951 ],
						[ 103.81431584473978, 1.2854243298915742 ],
						[ 103.81428947330757, 1.2853282047531376 ],
						[ 103.81427205984852, 1.2852955118328073 ],
						[ 103.81424988407429, 1.2852701984938038 ],
						[ 103.81421387076114, 1.28524848442252 ],
						[ 103.81417047137055, 1.2852376588478576 ],
						[ 103.81411236273854, 1.285246331267437 ],
						[ 103.81452358023377, 1.2851416450722435 ],
						[ 103.81458765517401, 1.285131878405782 ],
						[ 103.8145525759866, 1.2851587106518674 ],
						[ 103.81452718295604, 1.2851993526206529 ],
						[ 103.81451528595426, 1.285245167656246 ]
					]
				]
			},
			"properties" : {
				"OBJECTID" : 5631,
				"DESCRIPTION" : "SITE AREA:2484.7, FOR ENQUIRIES, PLEASE CALL SLA AT 6323-9829 OR EMAIL at SLA_ENQUIRY@SLA.GOV.SG",
				"INC_CRC" : "D555CF93AEDF4264",
				"FMEL_UPD_D" : "20250214152432",
				"NAME" : "SL at Jalan Bukit Merah",
				"SHAPE.AREA" : 2484.6701685,
				"SHAPE.LEN" : 279.457211245326
			}
		},
		{
			"type" : "Feature",
			"geometry" : {
				"type" : "Polygon",
				"coordinates" : [
					[
						[ 103.81524499899632, 1.2698411795843196 ],
						[ 103.81527660006951, 1.2698963370262724 ],
						[ 103.81529560383399, 1.2699308386834687 ],
						[ 103.81550314474144, 1.270307689016 ],
						[ 103.81518488258858, 1.2704796970031846 ],
						[ 103.81493991829353, 1.270026174316106 ],
						[ 103.81492947750029, 1.2700010690697694 ],
						[ 103.81523938321902, 1.269832135895051 ],
						[ 103.81524499899632, 1.2698411795843196 ]
					]
				]
			},
			"properties" : {
				"OBJECTID" : 5632,
				"DESCRIPTION" : "SITE AREA:2402.2, FOR ENQUIRIES, PLEASE CALL SLA AT 6323-9829 OR EMAIL at SLA_ENQUIRY@SLA.GOV.SG",
				"INC_CRC" : "DA51BDA124247AB5",
				"FMEL_UPD_D" : "20250214152432",
				"NAME" : "SL aat Wishart Road",
				"SHAPE.AREA" : 2402.157545,
				"SHAPE.LEN" : 199.741757153785
			}
		},
		{
			"type" : "Feature",
			"geometry" : {
				"type" : "Polygon",
				"coordinates" : [
					[
						[ 103.83346962061431, 1.2919090428332065 ],
						[ 103.83347353825735, 1.2918947095543032 ],
						[ 103.83349197093558, 1.291643441724379 ],
						[ 103.83323502564373, 1.2916144839645456 ],
						[ 103.83323273616072, 1.291559630618044 ],
						[ 103.8330573713088, 1.2915247284518092 ],
						[ 103.832890371887, 1.291494597703872 ],
						[ 103.83278799021534, 1.2914814654016602 ],
						[ 103.83296554665208, 1.2911861586526046 ],
						[ 103.83300078388176, 1.2911076199950502 ],
						[ 103.83307360443075, 1.2909169554717232 ],
						[ 103.83312769216359, 1.2908130204398618 ],
						[ 103.83324476676535, 1.2908299302609845 ],
						[ 103.83361332165146, 1.290855895466771 ],
						[ 103.83363755712249, 1.290871019157659 ],
						[ 103.83372020769303, 1.2908735052453841 ],
						[ 103.83371831806348, 1.2908990372746152 ],
						[ 103.83381773278268, 1.2911822644378188 ],
						[ 103.83385936403343, 1.2912169233086084 ],
						[ 103.83383879911271, 1.2912584047204565 ],
						[ 103.83378649051309, 1.2913659789310885 ],
						[ 103.83373418190908, 1.2914735531405301 ],
						[ 103.8336905262579, 1.2915619955089144 ],
						[ 103.83364687060372, 1.291650437876484 ],
						[ 103.83363213451732, 1.2916811139343982 ],
						[ 103.83361739843058, 1.291711789992236 ],
						[ 103.83360178177242, 1.2917442928670746 ],
						[ 103.83358616511386, 1.2917767957418256 ],
						[ 103.83357890938773, 1.2917918986357306 ],
						[ 103.8335716536615, 1.291807001529613 ],
						[ 103.83355932117296, 1.2918311842471466 ],
						[ 103.83354698868416, 1.2918553669646151 ],
						[ 103.83353156790623, 1.291885430766936 ],
						[ 103.83346962061431, 1.2919090428332065 ]
					]
				]
			},
			"properties" : {
				"OBJECTID" : 5633,
				"DESCRIPTION" : "SITE AREA:7802.3, FOR ENQUIRIES, PLEASE CALL SLA AT 6323-9829 OR EMAIL at SLA_ENQUIRY@SLA.GOV.SG",
				"INC_CRC" : "731CB5726F429B16",
				"FMEL_UPD_D" : "20250214152432",
				"NAME" : "SL at Kim Seng Road",
				"SHAPE.AREA" : 7802.282888885,
				"SHAPE.LEN" : 396.388562592215
			}
		},
		{
			"type" : "Feature",
			"geometry" : {
				"type" : "Polygon",
				"coordinates" : [
					[
						[ 103.89927661667467, 1.3149968053054701 ],
						[ 103.8990782428203, 1.3149575792565547 ],
						[ 103.89881845278674, 1.3149064262509382 ],
						[ 103.89856719903304, 1.3148571359831778 ],
						[ 103.8986120889662, 1.314795140642979 ],
						[ 103.89868339530777, 1.3146966263838455 ],
						[ 103.89871288464632, 1.314655838785855 ],
						[ 103.89874719003855, 1.3146084672899088 ],
						[ 103.8987474775643, 1.3146080784057677 ],
						[ 103.89879733624916, 1.3145376813890315 ],
						[ 103.89884794968535, 1.3144662262454625 ],
						[ 103.89885075305675, 1.3144622650566855 ],
						[ 103.89887408755257, 1.314430186645772 ],
						[ 103.89907377332482, 1.31447246942936 ],
						[ 103.89910767589205, 1.3144836374276225 ],
						[ 103.89918756145124, 1.314312511534345 ],
						[ 103.89919901731439, 1.3142879667887213 ],
						[ 103.89935569805684, 1.3143133752568756 ],
						[ 103.89940687965552, 1.3143217121317712 ],
						[ 103.89951714113722, 1.3143396517774981 ],
						[ 103.89990750866646, 1.3144031910010248 ],
						[ 103.89992928135152, 1.3144345266323754 ],
						[ 103.89990883320046, 1.3145416219758568 ],
						[ 103.89969027793016, 1.3145015735444376 ],
						[ 103.89967482505256, 1.314583979613297 ],
						[ 103.89966365765386, 1.3146435775052152 ],
						[ 103.899652436341, 1.3147031482676128 ],
						[ 103.89963718111332, 1.3147844600504082 ],
						[ 103.8998545593628, 1.314826588554152 ],
						[ 103.89984419153275, 1.3148807421533883 ],
						[ 103.89982560942912, 1.3148771161515287 ],
						[ 103.89931842944753, 1.3147784907017892 ],
						[ 103.89927661667467, 1.3149968053054701 ]
					]
				]
			},
			"properties" : {
				"OBJECTID" : 5634,
				"DESCRIPTION" : "SITE AREA:6515.1, FOR ENQUIRIES, PLEASE CALL  HDB AT 6490-1111 OR EMAIL at HDBMAILBOX@HDB.GOV.SG",
				"INC_CRC" : "1A9497532CF72C35",
				"FMEL_UPD_D" : "20250214152432",
				"NAME" : "SL at Joo Chiat Terrace",
				"SHAPE.AREA" : 6515.087185,
				"SHAPE.LEN" : 456.930495837115
			}
		},
		{
			"type" : "Feature",
			"geometry" : {
				"type" : "Polygon",
				"coordinates" : [
					[
						[ 103.75754708921728, 1.3400480726096895 ],
						[ 103.75746194025848, 1.3398646830833716 ],
						[ 103.75764212368695, 1.339777538777827 ],
						[ 103.75772914528757, 1.3399597988064396 ],
						[ 103.75754708921728, 1.3400480726096895 ]
					]
				]
			},
			"properties" : {
				"OBJECTID" : 5635,
				"DESCRIPTION" : "SITE AREA:500.4, FOR ENQUIRIES, PLEASE CALL  HDB AT 6490-1111 OR EMAIL at HDBMAILBOX@HDB.GOV.SG",
				"INC_CRC" : "3D60C4955DD6ADEC",
				"FMEL_UPD_D" : "20250214152432",
				"NAME" : "SL at Bukit Batok Street 23",
				"SHAPE.AREA" : 500.39931007,
				"SHAPE.LEN" : 89.4798655329802
			}
		},
		{
			"type" : "Feature",
			"geometry" : {
				"type" : "Polygon",
				"coordinates" : [
					[
						[ 103.82905828288871, 1.3330631618888686 ],
						[ 103.8290657904176, 1.3330129561034403 ],
						[ 103.82917125404215, 1.3330073311375283 ],
						[ 103.82940592104882, 1.333066969846314 ],
						[ 103.8296345048391, 1.333125080147308 ],
						[ 103.82988132939818, 1.3331450624429186 ],
						[ 103.83012815396131, 1.3331650447136378 ],
						[ 103.83028125003032, 1.3332082644917185 ],
						[ 103.83059809913681, 1.3332338312525456 ],
						[ 103.83091494824994, 1.3332593979723484 ],
						[ 103.83118942586769, 1.3333426811605642 ],
						[ 103.83146390350394, 1.3334259643179427 ],
						[ 103.83176350032721, 1.3334977891617963 ],
						[ 103.83206309716789, 1.333569613968953 ],
						[ 103.83221435119786, 1.3337368310494928 ],
						[ 103.83207103136179, 1.3336966229315306 ],
						[ 103.8320800572833, 1.3338633741949317 ],
						[ 103.83208908320601, 1.3340301254580575 ],
						[ 103.83220116472486, 1.33405987006273 ],
						[ 103.83231324624641, 1.33408961466226 ],
						[ 103.83257075024916, 1.33419769084214 ],
						[ 103.83277651984268, 1.334284056808147 ],
						[ 103.83270307626846, 1.3342599880321044 ],
						[ 103.83209982094854, 1.3340623117979986 ],
						[ 103.83154949072802, 1.3338821077772431 ],
						[ 103.83099916058772, 1.33370190363247 ],
						[ 103.83096801840689, 1.3336909083382689 ],
						[ 103.83096833755889, 1.3335188457466478 ],
						[ 103.83091778114805, 1.3335177767383357 ],
						[ 103.83086892390891, 1.333516363167808 ],
						[ 103.83087043805367, 1.333439721890485 ],
						[ 103.83079051141077, 1.3334387197727813 ],
						[ 103.83071098462584, 1.3334377149397891 ],
						[ 103.83071098463668, 1.333427473915543 ],
						[ 103.83071097566682, 1.3334126197276597 ],
						[ 103.83063441771498, 1.3334116284608395 ],
						[ 103.83055230218883, 1.3334101705332009 ],
						[ 103.83055206220013, 1.33347611137031 ],
						[ 103.83055171169778, 1.3335341109820928 ],
						[ 103.8304892808547, 1.3335340078127502 ],
						[ 103.83022176526254, 1.333447911981216 ],
						[ 103.83013491526867, 1.3334232272385866 ],
						[ 103.83004806527654, 1.3333985424928898 ],
						[ 103.82998624457896, 1.3333822728906848 ],
						[ 103.82991543831577, 1.333363706188413 ],
						[ 103.82979727811768, 1.3333343865214982 ],
						[ 103.82963324660297, 1.3332969094116274 ],
						[ 103.82919440053259, 1.3332070148714918 ],
						[ 103.8291381463939, 1.3331975415569226 ],
						[ 103.82908189225563, 1.3331880682410775 ],
						[ 103.82906840496784, 1.3331583327109258 ],
						[ 103.82905077535949, 1.3331133676742524 ],
						[ 103.82905828288871, 1.3330631618888686 ]
					]
				]
			},
			"properties" : {
				"OBJECTID" : 5636,
				"DESCRIPTION" : "SITE AREA:11387, FOR ENQUIRIES, PLEASE CALL SLA AT 6323-9829 OR EMAIL at SLA_ENQUIRY@SLA.GOV.SG",
				"INC_CRC" : "E86313DCB96F1554",
				"FMEL_UPD_D" : "20250214152432",
				"NAME" : "SL at Jalan Msshor",
				"SHAPE.AREA" : 11387.021542875,
				"SHAPE.LEN" : 991.675955494742
			}
		},
		{
			"type" : "Feature",
			"geometry" : {
				"type" : "Polygon",
				"coordinates" : [
					[
						[ 103.82326173134163, 1.286240588565849 ],
						[ 103.82363592038726, 1.285980775035313 ],
						[ 103.8234706991869, 1.2853689172871048 ],
						[ 103.82417276509472, 1.2851513749426262 ],
						[ 103.82430144509811, 1.2851169100575428 ],
						[ 103.82451715773298, 1.2850609306287162 ],
						[ 103.82475709500932, 1.2849991000225431 ],
						[ 103.82490506664209, 1.2849655937985964 ],
						[ 103.8249354283215, 1.2849587749878637 ],
						[ 103.82494601293182, 1.2850162745432305 ],
						[ 103.82496795485527, 1.285144432165579 ],
						[ 103.82498794682239, 1.2853117306940083 ],
						[ 103.82501289866417, 1.2855000738094933 ],
						[ 103.82502470506726, 1.2856273089454613 ],
						[ 103.82501800195654, 1.2856281409392079 ],
						[ 103.82503156956385, 1.2857352449182289 ],
						[ 103.82504213611624, 1.2858213766653814 ],
						[ 103.82505364610863, 1.285916117969303 ],
						[ 103.82505543413289, 1.2859379855182702 ],
						[ 103.82505012368534, 1.2859614989881691 ],
						[ 103.82503923331511, 1.2859815125476906 ],
						[ 103.82501867464207, 1.2860050350112582 ],
						[ 103.8249917273454, 1.286029543211377 ],
						[ 103.82495306306798, 1.286059369038097 ],
						[ 103.82483765433184, 1.2861335898808663 ],
						[ 103.82469629568575, 1.2862267480308585 ],
						[ 103.824578469817, 1.2863140640570165 ],
						[ 103.8244484686165, 1.2864313778183036 ],
						[ 103.82430036167594, 1.2865889900076848 ],
						[ 103.82424106677924, 1.2866520421156673 ],
						[ 103.82415011615714, 1.286756116098952 ],
						[ 103.82405130328654, 1.286863726116764 ],
						[ 103.82383885177035, 1.287033682622481 ],
						[ 103.82367613459361, 1.2871635307174847 ],
						[ 103.82365803796141, 1.2871706480000815 ],
						[ 103.82359049451523, 1.287212203307591 ],
						[ 103.82349288583664, 1.2872705977707852 ],
						[ 103.82340554743244, 1.2873392296808508 ],
						[ 103.82323161623513, 1.2875180581045078 ],
						[ 103.82301161684423, 1.2876942003648029 ],
						[ 103.82300890326447, 1.2876909536838461 ],
						[ 103.82275673595178, 1.2878995082272662 ],
						[ 103.82274931401629, 1.2878968403198847 ],
						[ 103.82272215124436, 1.2878691214228497 ],
						[ 103.82271294127308, 1.2878519203643373 ],
						[ 103.8226168624612, 1.2873376076548773 ],
						[ 103.82253548345714, 1.2869065689208699 ],
						[ 103.82240504340024, 1.2866594144835692 ],
						[ 103.82225272371377, 1.2864586719495545 ],
						[ 103.82224411576954, 1.2864421762964713 ],
						[ 103.82216343645028, 1.286302379218732 ],
						[ 103.82209835563707, 1.2861990281123388 ],
						[ 103.8220895320342, 1.2861850104175256 ],
						[ 103.82210648795895, 1.2860769208016487 ],
						[ 103.8223211858231, 1.285915356955987 ],
						[ 103.82249358924867, 1.2857856536863699 ],
						[ 103.82255480701336, 1.2857297461097927 ],
						[ 103.82268469984056, 1.2857568776049855 ],
						[ 103.82282033398272, 1.285871633031432 ],
						[ 103.82286560221368, 1.2859246109137892 ],
						[ 103.82328028519812, 1.2864955562318574 ],
						[ 103.82339139001992, 1.286412933893958 ],
						[ 103.82326173134163, 1.286240588565849 ]
					]
				]
			},
			"properties" : {
				"OBJECTID" : 5637,
				"DESCRIPTION" : "SITE AREA:48527.9, FOR ENQUIRIES, PLEASE CALL  HDB AT 6490-1111 OR EMAIL at HDBMAILBOX@HDB.GOV.SG",
				"INC_CRC" : "A80D4BF8F2AB3F3A",
				"FMEL_UPD_D" : "20250214152432",
				"NAME" : "SL at Bukit Merah View",
				"SHAPE.AREA" : 48527.943335,
				"SHAPE.LEN" : 1180.54001813472
			}
		},
		{
			"type" : "Feature",
			"geometry" : {
				"type" : "Polygon",
				"coordinates" : [
					[
						[ 103.87859506958243, 1.3091869625420052 ],
						[ 103.87847042149518, 1.3093537476957515 ],
						[ 103.87838628031497, 1.3092898558701032 ],
						[ 103.87828285140762, 1.3092035949346434 ],
						[ 103.87817942250727, 1.3091173339945847 ],
						[ 103.87813506948744, 1.3090783476406143 ],
						[ 103.87812404229193, 1.309066232972551 ],
						[ 103.8780924415418, 1.3090315113713065 ],
						[ 103.87804833079858, 1.3089736599686659 ],
						[ 103.87800051797588, 1.3089121821300063 ],
						[ 103.87795573300085, 1.3088359359644297 ],
						[ 103.87792345606358, 1.308773788616166 ],
						[ 103.87788881580978, 1.3087038547315897 ],
						[ 103.87787269498915, 1.3086543862834454 ],
						[ 103.87787087924143, 1.3086157699532075 ],
						[ 103.87786938676811, 1.3085656501011695 ],
						[ 103.8778707428366, 1.308523768958495 ],
						[ 103.87787191978391, 1.3085152498241943 ],
						[ 103.87787451182231, 1.3084998348855583 ],
						[ 103.87788217997999, 1.308446129064679 ],
						[ 103.87792856129771, 1.308348927142557 ],
						[ 103.87796989342584, 1.3082886052929832 ],
						[ 103.8780132295563, 1.3082420207031003 ],
						[ 103.87806921722014, 1.3081945405647353 ],
						[ 103.87817809799085, 1.3081528609725408 ],
						[ 103.87828697875784, 1.308111181375703 ],
						[ 103.87849377807515, 1.3080320186177403 ],
						[ 103.87862749900825, 1.3079808291641082 ],
						[ 103.87866813921045, 1.3081696552030788 ],
						[ 103.8787087794192, 1.3083584812408717 ],
						[ 103.878722649661, 1.308422921477764 ],
						[ 103.87873651990357, 1.3084873617145383 ],
						[ 103.87875516183473, 1.30857399496795 ],
						[ 103.87877380376725, 1.3086606282211335 ],
						[ 103.87880343136716, 1.3087982764724726 ],
						[ 103.87883305897056, 1.3089359247231942 ],
						[ 103.87884131731748, 1.30897429675606 ],
						[ 103.87901067995857, 1.3089653494930762 ],
						[ 103.87918004259805, 1.3089564022186242 ],
						[ 103.8793212735255, 1.3089489422271483 ],
						[ 103.879313200061, 1.3090469655339496 ],
						[ 103.87871971765335, 1.3090201773823773 ],
						[ 103.87859506958243, 1.3091869625420052 ]
					]
				]
			},
			"properties" : {
				"OBJECTID" : 5638,
				"DESCRIPTION" : "SITE AREA:10952.4, FOR ENQUIRIES, PLEASE CALL SLA AT 6323-9829 OR EMAIL at SLA_ENQUIRY@SLA.GOV.SG",
				"INC_CRC" : "9FC03EE203F74466",
				"FMEL_UPD_D" : "20250214152432",
				"NAME" : "MOUNTBATTEN / GULIEMARD ROAD",
				"SHAPE.AREA" : 10952.354741705,
				"SHAPE.LEN" : 517.717243230089
			}
		},
		{
			"type" : "Feature",
			"geometry" : {
				"type" : "MultiPolygon",
				"coordinates" : [
					[
						[
							[ 103.72990246877615, 1.3432733637046206 ],
							[ 103.72990552876942, 1.3432852317906625 ],
							[ 103.72989984891878, 1.3432866251721434 ],
							[ 103.72989416816955, 1.3432880185535556 ],
							[ 103.72990093159143, 1.3433101603610778 ],
							[ 103.7299076941148, 1.3433323030729099 ],
							[ 103.72991219685525, 1.34333085899696 ],
							[ 103.72991669959565, 1.3433294158253797 ],
							[ 103.73002775457701, 1.3437723820746414 ],
							[ 103.72987855948594, 1.343817611053813 ],
							[ 103.72986003709192, 1.3438055578186352 ],
							[ 103.72978518410137, 1.3432792868058976 ],
							[ 103.7298202822179, 1.3432698196216022 ],
							[ 103.72989614844363, 1.343248851580558 ],
							[ 103.72990246877615, 1.3432733637046206 ]
						]
					],
					[
						[
							[ 103.73097912963776, 1.343636850217159 ],
							[ 103.73075854709369, 1.343737984868239 ],
							[ 103.73053384950303, 1.3438302203914274 ],
							[ 103.73052982923323, 1.3438114890543285 ],
							[ 103.73053307757912, 1.3438101977614916 ],
							[ 103.73055288213054, 1.3438029184778124 ],
							[ 103.73055262157858, 1.343802194976364 ],
							[ 103.73057469054845, 1.3437937401164564 ],
							[ 103.73050791753178, 1.343604553589036 ],
							[ 103.73048708500897, 1.3436123392722332 ],
							[ 103.73048075499402, 1.3435828477260343 ],
							[ 103.73027767723663, 1.3436633545534866 ],
							[ 103.73028791056261, 1.3436935154943457 ],
							[ 103.73006371537721, 1.343761480604337 ],
							[ 103.72995114086932, 1.3433198663142114 ],
							[ 103.72996864689664, 1.3433127578618436 ],
							[ 103.73002960057613, 1.3432932135535687 ],
							[ 103.73007046054055, 1.3432769005827105 ],
							[ 103.73011132050443, 1.3432605885154985 ],
							[ 103.73016118240061, 1.343240275023676 ],
							[ 103.73019118424929, 1.3432222007945656 ],
							[ 103.73022118519896, 1.3432041274693534 ],
							[ 103.73025552109398, 1.3431789704522354 ],
							[ 103.73028985608975, 1.3431538134345342 ],
							[ 103.73032046384346, 1.3431290966829816 ],
							[ 103.73035107159659, 1.3431043790266293 ],
							[ 103.7303750148557, 1.343076819578734 ],
							[ 103.73039895721566, 1.3430492601305164 ],
							[ 103.73042601502917, 1.3430181159189887 ],
							[ 103.73045307194337, 1.3429869726114212 ],
							[ 103.7304798065319, 1.342949664247124 ],
							[ 103.73050654201813, 1.3429123567868408 ],
							[ 103.73052780173946, 1.3428737504291628 ],
							[ 103.73054906146005, 1.3428351449755962 ],
							[ 103.73056534935724, 1.34279884091536 ],
							[ 103.7305816372539, 1.3427625368549494 ],
							[ 103.73059009509535, 1.34272652818998 ],
							[ 103.73059855293653, 1.3426905195249514 ],
							[ 103.73061092741891, 1.3426156876249524 ],
							[ 103.73062330190042, 1.3425408548204418 ],
							[ 103.73063618964319, 1.3424615861367757 ],
							[ 103.73065265851928, 1.3423732658346508 ],
							[ 103.73066124754084, 1.3423158735107619 ],
							[ 103.73066983746043, 1.3422584820911674 ],
							[ 103.73078273766212, 1.3417649316336684 ],
							[ 103.73090406867993, 1.3413435460742722 ],
							[ 103.73102539965119, 1.3409221605041561 ],
							[ 103.7310612465238, 1.3408406382038338 ],
							[ 103.73109709429244, 1.3407591159027668 ],
							[ 103.73111820199811, 1.3407019610443691 ],
							[ 103.73113930880416, 1.3406448061856653 ],
							[ 103.73115534193182, 1.3406194105355604 ],
							[ 103.73117137595769, 1.3405940148853568 ],
							[ 103.73119161820728, 1.3405619524471661 ],
							[ 103.73121186045631, 1.3405298900087743 ],
							[ 103.73124416394299, 1.340478725215195 ],
							[ 103.73127646742833, 1.3404275595167006 ],
							[ 103.73129763415358, 1.3403988251722303 ],
							[ 103.73131880177687, 1.34037009173193 ],
							[ 103.73134144071625, 1.3403539633655068 ],
							[ 103.73136407965532, 1.3403378359031928 ],
							[ 103.73138911138521, 1.3403233770907468 ],
							[ 103.73141414311482, 1.3403089182780188 ],
							[ 103.73144819375558, 1.340292419599487 ],
							[ 103.73148224349733, 1.3402759218247648 ],
							[ 103.73151739832723, 1.3402627611955054 ],
							[ 103.73155255315682, 1.3402495996613462 ],
							[ 103.73157261458539, 1.340244224966063 ],
							[ 103.73159267691248, 1.3402388493663002 ],
							[ 103.7316204685898, 1.3402345864559646 ],
							[ 103.73164826116559, 1.340230323545342 ],
							[ 103.73169501110154, 1.3402143824813084 ],
							[ 103.73174176103694, 1.3401984414163455 ],
							[ 103.73176771292505, 1.3401830547615878 ],
							[ 103.73179366481283, 1.340167669010888 ],
							[ 103.73182974035852, 1.3401400476495833 ],
							[ 103.73186581500484, 1.3401124271919826 ],
							[ 103.73188781093137, 1.3400875400366967 ],
							[ 103.73190980595895, 1.340062651976774 ],
							[ 103.73193539019817, 1.3400287276701675 ],
							[ 103.73196097533524, 1.339994803363266 ],
							[ 103.73200230137343, 1.3399180255619498 ],
							[ 103.73204362651035, 1.3398412486640274 ],
							[ 103.73214819106731, 1.3396374891544918 ],
							[ 103.73217003418901, 1.3395698256152135 ],
							[ 103.73221764048284, 1.3394431127569804 ],
							[ 103.73224132291071, 1.339376365412871 ],
							[ 103.73225316457336, 1.3393429921928706 ],
							[ 103.73226500533713, 1.3393096189727585 ],
							[ 103.73227782135824, 1.339268369694755 ],
							[ 103.73229063737887, 1.3392271204166373 ],
							[ 103.73231240943372, 1.339161227615294 ],
							[ 103.73230442048606, 1.3391580891440018 ],
							[ 103.73229643063988, 1.339154949768269 ],
							[ 103.73233048050236, 1.3390691316436005 ],
							[ 103.73238991824897, 1.338894456373175 ],
							[ 103.73244886079794, 1.3387438009641288 ],
							[ 103.73255429904758, 1.3384867039376116 ],
							[ 103.73278007295796, 1.3382078438509353 ],
							[ 103.73284910425063, 1.33810663037652 ],
							[ 103.7328733487726, 1.3380710808612073 ],
							[ 103.73291390307982, 1.338011638743623 ],
							[ 103.73292000194556, 1.3380028431590358 ],
							[ 103.73293767131231, 1.3379773734035358 ],
							[ 103.7329422452367, 1.337970780784663 ],
							[ 103.73294833781138, 1.3379620087131796 ],
							[ 103.73295436388968, 1.3379533135097927 ],
							[ 103.73297802338901, 1.3379192100457458 ],
							[ 103.73298462367818, 1.3379097018434445 ],
							[ 103.73299409502611, 1.3378960463499587 ],
							[ 103.7329971062678, 1.3378917028177584 ],
							[ 103.73307218421792, 1.3377834834830111 ],
							[ 103.73307427036461, 1.3377466759891936 ],
							[ 103.73306316566611, 1.3377105100508249 ],
							[ 103.73305046139157, 1.3376779072373859 ],
							[ 103.73302841197078, 1.3376490571465516 ],
							[ 103.73299681072268, 1.3376242853402982 ],
							[ 103.73305656427853, 1.3376364243513434 ],
							[ 103.73312025323939, 1.337655364333486 ],
							[ 103.7331716319685, 1.3376743038084231 ],
							[ 103.73322011701968, 1.3377012558209695 ],
							[ 103.73328380495116, 1.3377456897959563 ],
							[ 103.73329608786692, 1.3377545982768286 ],
							[ 103.73331219721983, 1.3377984876809212 ],
							[ 103.73336845356287, 1.337855880872945 ],
							[ 103.73342417139462, 1.3378979360428382 ],
							[ 103.73349006938034, 1.3379523994908797 ],
							[ 103.73353881408495, 1.3380025484230305 ],
							[ 103.7335709627215, 1.338045687860865 ],
							[ 103.73357213975922, 1.3380474785480516 ],
							[ 103.73361595970538, 1.3381141680793154 ],
							[ 103.73366095588634, 1.338202598548117 ],
							[ 103.73369149519596, 1.338268383172083 ],
							[ 103.73371131504395, 1.3383260733074707 ],
							[ 103.73373648896771, 1.3384166643928643 ],
							[ 103.7337399470435, 1.338450632414039 ],
							[ 103.7337439884203, 1.3385034745179205 ],
							[ 103.7337439864374, 1.3385526266549288 ],
							[ 103.73374398589706, 1.3385660202731282 ],
							[ 103.73374237523818, 1.3386215661918044 ],
							[ 103.73373325966598, 1.3387256308865199 ],
							[ 103.73373503272114, 1.338876514906186 ],
							[ 103.73373608045786, 1.3389651154063056 ],
							[ 103.73373634974958, 1.3389719433590621 ],
							[ 103.7337412777781, 1.339097143594185 ],
							[ 103.73374721409151, 1.3391752627251896 ],
							[ 103.73375330308366, 1.3392552719813922 ],
							[ 103.73376966125619, 1.3393683632611066 ],
							[ 103.73381195658085, 1.339363155858081 ],
							[ 103.73383592450851, 1.3395018499690807 ],
							[ 103.73385473652003, 1.3395958140681923 ],
							[ 103.73390756379426, 1.3397924880786063 ],
							[ 103.73392782328114, 1.3398667823380668 ],
							[ 103.73396762440947, 1.3399906093644638 ],
							[ 103.73400814476925, 1.340104967737619 ],
							[ 103.73407544025764, 1.34026667061294 ],
							[ 103.73411897167239, 1.3403592520429939 ],
							[ 103.73411961768066, 1.340360619466406 ],
							[ 103.73412031040975, 1.3403620917978376 ],
							[ 103.73415036374409, 1.3404251533605676 ],
							[ 103.73416991561785, 1.3404661860176164 ],
							[ 103.73417168562834, 1.3404698939786392 ],
							[ 103.73422596322331, 1.3405769727862944 ],
							[ 103.73431569614736, 1.34072847535395 ],
							[ 103.73432872392557, 1.3407612590482074 ],
							[ 103.73434391676173, 1.3408056910278496 ],
							[ 103.7343526043579, 1.3408421100852574 ],
							[ 103.73435622405619, 1.3408792524269948 ],
							[ 103.734356222564, 1.3409164036650092 ],
							[ 103.73435042493145, 1.340964479374007 ],
							[ 103.73433812161886, 1.3410154668675056 ],
							[ 103.73432002257489, 1.341067177615503 ],
							[ 103.73431292339902, 1.3410812220861623 ],
							[ 103.73429831167635, 1.3411101520682582 ],
							[ 103.73427081429483, 1.3411473021864444 ],
							[ 103.73424041468614, 1.3411815310930333 ],
							[ 103.73419972676457, 1.3412112287205236 ],
							[ 103.73412100199818, 1.341262376289564 ],
							[ 103.73414960146472, 1.3413033541498742 ],
							[ 103.73418383462649, 1.3413509793086824 ],
							[ 103.73416907084057, 1.3413626449911922 ],
							[ 103.73360908079111, 1.3417917333496387 ],
							[ 103.73337474956037, 1.341474726367085 ],
							[ 103.73213899661135, 1.3423824749128317 ],
							[ 103.73226069062056, 1.3425480507697305 ],
							[ 103.73202570127053, 1.3427233065460917 ],
							[ 103.7321432531994, 1.3428823256041011 ],
							[ 103.73176722535324, 1.3431597431752826 ],
							[ 103.73160962784328, 1.3432714778695605 ],
							[ 103.73140315152877, 1.343401688446862 ],
							[ 103.73119454591244, 1.3435245645309566 ],
							[ 103.73106250875749, 1.3435934171744066 ],
							[ 103.73097912963776, 1.343636850217159 ]
						]
					]
				]
			},
			"properties" : {
				"OBJECTID" : 5639,
				"DESCRIPTION" : "SITE AREA:137526.5, FOR ENQUIRIES, PLEASE CALL  HDB AT 6490-1111 OR EMAIL at HDBMAILBOX@HDB.GOV.SG",
				"INC_CRC" : "AC2F70082B36E90C",
				"FMEL_UPD_D" : "20250214152432",
				"NAME" : "SL at Boon Lay Way (Behind Chinese Garden MRT Station)",
				"SHAPE.AREA" : 137526.46947781,
				"SHAPE.LEN" : 2115.0710291268
			}
		},
		{
			"type" : "Feature",
			"geometry" : {
				"type" : "Polygon",
				"coordinates" : [
					[
						[ 103.8824699544982, 1.3288928522426195 ],
						[ 103.88240237419313, 1.3288937217841745 ],
						[ 103.88235559544766, 1.3288951606580082 ],
						[ 103.8823088167021, 1.3288965995309523 ],
						[ 103.88224027945981, 1.328898699022538 ],
						[ 103.88217174221732, 1.3289007985121977 ],
						[ 103.88214457891554, 1.3289016310676152 ],
						[ 103.88206246451473, 1.3289041513535678 ],
						[ 103.88198035011365, 1.3289066716367797 ],
						[ 103.88191870927619, 1.3289085629789412 ],
						[ 103.88194458386668, 1.3289442984205897 ],
						[ 103.88197045845791, 1.3289800338619444 ],
						[ 103.881694372372, 1.3291824993456904 ],
						[ 103.88168850489069, 1.3291867997134013 ],
						[ 103.88168263740936, 1.3291911000810814 ],
						[ 103.88163424891711, 1.329124259470904 ],
						[ 103.88158586042749, 1.3290574188596238 ],
						[ 103.88153747643338, 1.328990582769 ],
						[ 103.88148909244188, 1.3289237466772903 ],
						[ 103.88138351389934, 1.328777870267205 ],
						[ 103.88127793536933, 1.3286319938519526 ],
						[ 103.88128918483108, 1.3286088645158742 ],
						[ 103.88129698847676, 1.3285931112421214 ],
						[ 103.88212766514982, 1.328567576427642 ],
						[ 103.88229192088534, 1.3285625358489321 ],
						[ 103.8824189135718, 1.3285586716780056 ],
						[ 103.882428254806, 1.328824554583785 ],
						[ 103.88246427785171, 1.3288233601022463 ],
						[ 103.8824699544982, 1.3288928522426195 ]
					]
				]
			},
			"properties" : {
				"OBJECTID" : 5627,
				"DESCRIPTION" : "SITE AREA:5290.9, FOR ENQUIRIES, PLEASE CALL SLA AT 6323-9829 OR EMAIL at SLA_ENQUIRY@SLA.GOV.SG",
				"INC_CRC" : "89A2B2BC75F28993",
				"FMEL_UPD_D" : "20250214152432",
				"NAME" : "SL at Junction Jalan Raya & Jalan Anggerik",
				"SHAPE.AREA" : 5290.88362348,
				"SHAPE.LEN" : 358.12426198998
			}
		},
		{
			"type" : "Feature",
			"geometry" : {
				"type" : "Polygon",
				"coordinates" : [
					[
						[ 103.85924073007395, 1.3157421279824426 ],
						[ 103.85932343194733, 1.3158465477660621 ],
						[ 103.85937369932061, 1.3159100037890246 ],
						[ 103.85939948356804, 1.3159426194270913 ],
						[ 103.85942526781615, 1.3159752350648675 ],
						[ 103.85944265230148, 1.3159970508688834 ],
						[ 103.85940567117277, 1.316047005645142 ],
						[ 103.85933319764099, 1.3159571080440287 ],
						[ 103.85926072411442, 1.3158672104406108 ],
						[ 103.85922780572292, 1.3158680292346507 ],
						[ 103.85919488733141, 1.3158688480282372 ],
						[ 103.85912158461035, 1.315969540745938 ],
						[ 103.85904828188347, 1.3160702334615233 ],
						[ 103.85904927973444, 1.3161151215878193 ],
						[ 103.85905027758547, 1.316160009714115 ],
						[ 103.85947217508946, 1.3166882672661673 ],
						[ 103.85989407277185, 1.317216524740553 ],
						[ 103.8599374953014, 1.3172212767103282 ],
						[ 103.85998091783107, 1.3172260286793216 ],
						[ 103.86007819178776, 1.3173492020862831 ],
						[ 103.86017546575405, 1.3174723754891215 ],
						[ 103.860172878182, 1.3174962236110541 ],
						[ 103.86017029060989, 1.3175200717329807 ],
						[ 103.8601799369122, 1.3175533025047443 ],
						[ 103.86018958321478, 1.3175865332764563 ],
						[ 103.86039853512827, 1.317848163671954 ],
						[ 103.86060748708556, 1.3181097940483542 ],
						[ 103.86064986731158, 1.318114496276671 ],
						[ 103.86069224753774, 1.3181191985042755 ],
						[ 103.86071210085568, 1.3181032317282688 ],
						[ 103.86073195417335, 1.3180872649520892 ],
						[ 103.860650063586, 1.3179853801450354 ],
						[ 103.86056817300533, 1.317883495335032 ],
						[ 103.86064694829709, 1.317819356931677 ],
						[ 103.86072572358478, 1.317755218525866 ],
						[ 103.86080800054972, 1.3178575826396433 ],
						[ 103.86089027752142, 1.3179599467504588 ],
						[ 103.86095560252086, 1.3179074151020227 ],
						[ 103.86096031998134, 1.3179134272650108 ],
						[ 103.86096503654329, 1.3179194394279992 ],
						[ 103.86095578155071, 1.3179272170665937 ],
						[ 103.8609465265581, 1.3179349947051378 ],
						[ 103.86089591613182, 1.3179782284174102 ],
						[ 103.8608453057038, 1.3180214621286699 ],
						[ 103.86079723812483, 1.3180601785096764 ],
						[ 103.86074917054437, 1.3180988948897685 ],
						[ 103.86073113399885, 1.3181058297570312 ],
						[ 103.86068185135937, 1.318124778548559 ],
						[ 103.86060982350861, 1.318127212084202 ],
						[ 103.86054325852152, 1.3180993855192031 ],
						[ 103.86049277734512, 1.3180475750275213 ],
						[ 103.86047758297205, 1.3180595851557069 ],
						[ 103.86041974243271, 1.3179865086102864 ],
						[ 103.86036190189675, 1.3179134320634178 ],
						[ 103.86030373788485, 1.3178402741257842 ],
						[ 103.86024557387637, 1.317767116186687 ],
						[ 103.86017809625834, 1.3176818489054527 ],
						[ 103.86011061864492, 1.3175965816222257 ],
						[ 103.86009249462383, 1.317573728525356 ],
						[ 103.86007437060307, 1.3175508754283254 ],
						[ 103.86000775561996, 1.3174669375486712 ],
						[ 103.85994114064134, 1.317382999667077 ],
						[ 103.85984542571654, 1.3172636607437902 ],
						[ 103.85938189313985, 1.3166832354281484 ],
						[ 103.85936987960883, 1.3166922882439622 ],
						[ 103.85905724277403, 1.3162986758649908 ],
						[ 103.85896155474659, 1.3161653373406095 ],
						[ 103.85895540781596, 1.3160826332619378 ],
						[ 103.85920728602899, 1.3157426528631715 ],
						[ 103.85924073007395, 1.3157421279824426 ]
					]
				]
			},
			"properties" : {
				"OBJECTID" : 5640,
				"DESCRIPTION" : "SITE AREA:3854.1, FOR ENQUIRIES, PLEASE CALL  HDB AT 6490-1111 OR EMAIL at HDBMAILBOX@HDB.GOV.SG",
				"INC_CRC" : "D4D08822E0ACEA5B",
				"FMEL_UPD_D" : "20250214152432",
				"NAME" : "BOON KENG RD(Near blk 5)",
				"SHAPE.AREA" : 3854.09241204,
				"SHAPE.LEN" : 897.584558059957
			}
		},
		{
			"type" : "Feature",
			"geometry" : {
				"type" : "Polygon",
				"coordinates" : [
					[
						[ 103.95595083291012, 1.3690035453580447 ],
						[ 103.95582396511885, 1.369023701073331 ],
						[ 103.95548973576192, 1.3690631665118136 ],
						[ 103.95543628020468, 1.3690681975057524 ],
						[ 103.95543538137633, 1.369063051730735 ],
						[ 103.95543530946938, 1.3690626266841706 ],
						[ 103.9554353004805, 1.3690625633792814 ],
						[ 103.95543522857447, 1.3690621564199643 ],
						[ 103.95543521059854, 1.369062065984665 ],
						[ 103.95543511172585, 1.3690614691106477 ],
						[ 103.95543419492066, 1.3690562148130985 ],
						[ 103.9554208562957, 1.3689795979285557 ],
						[ 103.95535503512073, 1.3686029072992496 ],
						[ 103.95584758964412, 1.3685156382092858 ],
						[ 103.95595083291012, 1.3690035453580447 ]
					]
				]
			},
			"properties" : {
				"OBJECTID" : 5641,
				"DESCRIPTION" : "SITE AREA:3055.4, FOR ENQUIRIES, PLEASE CALL  HDB AT 6490-1111 OR EMAIL at HDBMAILBOX@HDB.GOV.SG",
				"INC_CRC" : "C2472188D041965A",
				"FMEL_UPD_D" : "20250214152432",
				"NAME" : "SL at Pasir Ris Drive 1",
				"SHAPE.AREA" : 3055.3546905,
				"SHAPE.LEN" : 220.776250528199
			}
		},
		{
			"type" : "Feature",
			"geometry" : {
				"type" : "Polygon",
				"coordinates" : [
					[
						[ 103.84465420513858, 1.2765704262788313 ],
						[ 103.84469136950807, 1.2767727687280725 ],
						[ 103.84466986761826, 1.276794961939456 ],
						[ 103.84463043086781, 1.2768024321686335 ],
						[ 103.84458586347573, 1.2768108520030093 ],
						[ 103.8445387172882, 1.2768205831771129 ],
						[ 103.84449260441096, 1.2768287497944502 ],
						[ 103.8444469228308, 1.276836835016256 ],
						[ 103.84441359702392, 1.2768432606739908 ],
						[ 103.8444092408022, 1.276816413714938 ],
						[ 103.84440488368205, 1.2767895667558917 ],
						[ 103.8445211425885, 1.2767703991386492 ],
						[ 103.84463740059468, 1.2767512306117688 ],
						[ 103.84461142329356, 1.2766133602897363 ],
						[ 103.84458486462562, 1.276471724194175 ],
						[ 103.84456624198516, 1.276364276676006 ],
						[ 103.84454761934629, 1.2762568291575804 ],
						[ 103.84451613452302, 1.2762341342570052 ],
						[ 103.84448464970029, 1.2762114393560164 ],
						[ 103.84432713183074, 1.2762350801383335 ],
						[ 103.84416961395821, 1.2762587209109637 ],
						[ 103.84414744269405, 1.2762894739351809 ],
						[ 103.84412527142936, 1.2763202269592029 ],
						[ 103.84414350318782, 1.2764276970915744 ],
						[ 103.84416173494782, 1.276535167223713 ],
						[ 103.84416081304974, 1.2765353200652898 ],
						[ 103.84418744628957, 1.2766807282712969 ],
						[ 103.84421298419191, 1.2768204064251645 ],
						[ 103.84423508638645, 1.2768167174263065 ],
						[ 103.8442571876824, 1.2768130284272612 ],
						[ 103.84426200935484, 1.2768422927520986 ],
						[ 103.84426683102738, 1.2768715561725559 ],
						[ 103.8442301599695, 1.2768786356980797 ],
						[ 103.84420527051755, 1.27688341989471 ],
						[ 103.84416276875034, 1.2766511429809377 ],
						[ 103.84415549941714, 1.2766104013706114 ],
						[ 103.84413759116924, 1.2765123140235206 ],
						[ 103.84412902789673, 1.2764602588129579 ],
						[ 103.8441209049147, 1.2764099128502424 ],
						[ 103.84411714893433, 1.2763866706867528 ],
						[ 103.84411339295404, 1.2763634285232526 ],
						[ 103.84410955610339, 1.2763396753938923 ],
						[ 103.8441057192528, 1.2763159222645044 ],
						[ 103.8441015903702, 1.2762903287536616 ],
						[ 103.8440974614877, 1.2762647352428058 ],
						[ 103.8440928069764, 1.2762427727594632 ],
						[ 103.8440881524652, 1.2762208102760904 ],
						[ 103.84407997562074, 1.2761820763594058 ],
						[ 103.84457231052902, 1.2761173940603752 ],
						[ 103.84457481750975, 1.2761320266743357 ],
						[ 103.8445793282781, 1.2761583753274617 ],
						[ 103.84458383904654, 1.276184723980574 ],
						[ 103.84458780618655, 1.2762078892714253 ],
						[ 103.84459177332664, 1.2762310545622657 ],
						[ 103.84460001311206, 1.2762779639361481 ],
						[ 103.84460841463967, 1.2763260942019397 ],
						[ 103.84461740921869, 1.2763780861034253 ],
						[ 103.84462590060271, 1.276426686638521 ],
						[ 103.84463423923083, 1.2764741476743844 ],
						[ 103.84464281148597, 1.2765232456097284 ],
						[ 103.84465420513858, 1.2765704262788313 ]
					]
				]
			},
			"properties" : {
				"OBJECTID" : 5642,
				"DESCRIPTION" : "SITE AREA:1239.1, FOR ENQUIRIES, PLEASE CALL SLA AT 6323-9829 OR EMAIL at SLA_ENQUIRY@SLA.GOV.SG",
				"INC_CRC" : "6CA557C71C94C47C",
				"FMEL_UPD_D" : "20250214152432",
				"NAME" : "PECK SEAH ST (NEXT TO TANJONG PAGAR MRT)",
				"SHAPE.AREA" : 1239.142273565,
				"SHAPE.LEN" : 455.262308117382
			}
		},
		{
			"type" : "Feature",
			"geometry" : {
				"type" : "Polygon",
				"coordinates" : [
					[
						[ 103.82078133292934, 1.3199781082933533 ],
						[ 103.82098045236333, 1.3199200174342394 ],
						[ 103.8211071385495, 1.3202417295051299 ],
						[ 103.82114629607283, 1.3203409547776237 ],
						[ 103.82119260329205, 1.3204582465768924 ],
						[ 103.82119629989073, 1.320467611290837 ],
						[ 103.82082041696573, 1.3205742159183567 ],
						[ 103.82058221348626, 1.3200361991363068 ],
						[ 103.82078133292934, 1.3199781082933533 ]
					]
				]
			},
			"properties" : {
				"OBJECTID" : 5643,
				"DESCRIPTION" : "SITE AREA:2896.2, FOR ENQUIRIES, PLEASE CALL SLA AT 6323-9829 OR EMAIL at SLA_ENQUIRY@SLA.GOV.SG",
				"INC_CRC" : "0B8667CB7245E8EC",
				"FMEL_UPD_D" : "20250214152432",
				"NAME" : "EVANS ROAD (NEXT TO EVAN LODGE)",
				"SHAPE.AREA" : 2896.2251718,
				"SHAPE.LEN" : 219.876991669517
			}
		},
		{
			"type" : "Feature",
			"geometry" : {
				"type" : "Polygon",
				"coordinates" : [
					[
						[ 103.86768918357221, 1.2967969074295804 ],
						[ 103.86784415661315, 1.2968859219216822 ],
						[ 103.86799912966474, 1.296974936403881 ],
						[ 103.86805524411959, 1.2970039793007837 ],
						[ 103.8681113585757, 1.2970330221963933 ],
						[ 103.86817123782498, 1.297054264893397 ],
						[ 103.86823111707508, 1.2970754985452961 ],
						[ 103.86827324543069, 1.2970848988309267 ],
						[ 103.86831537378657, 1.2970942991158425 ],
						[ 103.8683702389576, 1.297100511337227 ],
						[ 103.86842510412885, 1.2971067235574067 ],
						[ 103.86842638006308, 1.2971068682379363 ],
						[ 103.86846071345263, 1.2971090517992236 ],
						[ 103.86849504684224, 1.2971112353600573 ],
						[ 103.86853428628511, 1.2971137037266052 ],
						[ 103.86852533709552, 1.2971359195695245 ],
						[ 103.86851638790579, 1.2971581354124124 ],
						[ 103.86852540268916, 1.297135915046774 ],
						[ 103.86853440309592, 1.297113712768601 ],
						[ 103.86853743119124, 1.2971139026428045 ],
						[ 103.86854046827199, 1.2971140925168612 ],
						[ 103.8686646066685, 1.2971194717455083 ],
						[ 103.86878874506537, 1.2971248509680298 ],
						[ 103.86902734903, 1.297135189002388 ],
						[ 103.86926595299595, 1.297145527014052 ],
						[ 103.86936596100246, 1.2971510783819677 ],
						[ 103.86946596900928, 1.2971566297458932 ],
						[ 103.86951152520552, 1.2971583247746061 ],
						[ 103.8695570814018, 1.2971600198024917 ],
						[ 103.86962228876224, 1.2971624561250539 ],
						[ 103.86968749612275, 1.297164892445905 ],
						[ 103.86977791213005, 1.297167296747103 ],
						[ 103.86986832813741, 1.2971697010450283 ],
						[ 103.86989429196086, 1.2971975324894078 ],
						[ 103.86992025578498, 1.2972253729771446 ],
						[ 103.86991904323457, 1.297259056055703 ],
						[ 103.86991783068416, 1.2972927391342355 ],
						[ 103.86991647442456, 1.2973304511593184 ],
						[ 103.86991511816493, 1.2973681631843903 ],
						[ 103.86990599641138, 1.297574268017568 ],
						[ 103.86989687465682, 1.2977803728504007 ],
						[ 103.86987354782258, 1.2977990275189226 ],
						[ 103.86985021739429, 1.2978177165531524 ],
						[ 103.86983212067487, 1.2978147821527726 ],
						[ 103.8698140239555, 1.297811847752261 ],
						[ 103.8697854996228, 1.2978082442730494 ],
						[ 103.86975697529016, 1.297804640793495 ],
						[ 103.86973115558432, 1.2978016748515289 ],
						[ 103.86970533587854, 1.2977987089092957 ],
						[ 103.86967382841051, 1.2977972533379745 ],
						[ 103.86964232094249, 1.2977957977662569 ],
						[ 103.86960258727723, 1.2977924838435402 ],
						[ 103.86956285361207, 1.2977891699201922 ],
						[ 103.86952183054962, 1.2977867965540035 ],
						[ 103.86948080748725, 1.2977844231871263 ],
						[ 103.86944144226106, 1.2977836279120691 ],
						[ 103.8694020770349, 1.2977828326363952 ],
						[ 103.86935022205122, 1.2977823766758425 ],
						[ 103.86929836706754, 1.2977819207142196 ],
						[ 103.86924757688006, 1.2977829885907195 ],
						[ 103.8691967866925, 1.2977840564662109 ],
						[ 103.86913357681253, 1.2977839587915754 ],
						[ 103.86907034626596, 1.2977838556894483 ],
						[ 103.86902092634243, 1.2977838202170466 ],
						[ 103.86897150641886, 1.2977837847436566 ],
						[ 103.86891665479904, 1.2977839347409537 ],
						[ 103.86886180317917, 1.297784084737054 ],
						[ 103.8688113813762, 1.2977838548362888 ],
						[ 103.8687609595732, 1.2977836249345116 ],
						[ 103.86870989081814, 1.2977833724317003 ],
						[ 103.86865882206305, 1.2977831199278678 ],
						[ 103.8686078656254, 1.2977828267249971 ],
						[ 103.86855690918775, 1.2977825335210929 ],
						[ 103.86850869332044, 1.2977830361187055 ],
						[ 103.8684604774531, 1.2977835387153773 ],
						[ 103.86841228403752, 1.2977831866862386 ],
						[ 103.86836409062195, 1.2977828346561584 ],
						[ 103.8683270795995, 1.2977833777905077 ],
						[ 103.86829006857702, 1.2977839209243123 ],
						[ 103.86824913090612, 1.29778367279305 ],
						[ 103.86820819323522, 1.2977834246611208 ],
						[ 103.86817952069458, 1.2977834567115518 ],
						[ 103.86813240553735, 1.2977835116261722 ],
						[ 103.86805659897014, 1.2977836094415895 ],
						[ 103.86805645520292, 1.297783595878112 ],
						[ 103.86805631143568, 1.2977835823146178 ],
						[ 103.86804978800596, 1.297783595970209 ],
						[ 103.86804326457623, 1.2977836096257662 ],
						[ 103.86804230762687, 1.2977836141608134 ],
						[ 103.8680413506775, 1.2977836186958436 ],
						[ 103.86802284965582, 1.2977836641694913 ],
						[ 103.86800434863413, 1.2977837096429858 ],
						[ 103.86794841426779, 1.2977838370249783 ],
						[ 103.8678924799014, 1.297783964405726 ],
						[ 103.86786857952333, 1.2977836373542269 ],
						[ 103.86782322999296, 1.2977828014396042 ],
						[ 103.8677778804626, 1.29778196552418 ],
						[ 103.86777689206411, 1.2977819655377247 ],
						[ 103.86769246935684, 1.2977820073896016 ],
						[ 103.86760804664948, 1.2977820492386427 ],
						[ 103.86755067011823, 1.2977820681076893 ],
						[ 103.86749329358695, 1.297782086975426 ],
						[ 103.86744926941225, 1.297781490692688 ],
						[ 103.86740524523756, 1.2977808944091613 ],
						[ 103.86740155217231, 1.2977772227387137 ],
						[ 103.86738058436876, 1.2977564542884565 ],
						[ 103.86735961656552, 1.297735685837995 ],
						[ 103.86735954369408, 1.297661754028124 ],
						[ 103.86736096225876, 1.2975768251237416 ],
						[ 103.86736078645075, 1.2975325248232608 ],
						[ 103.86736061064275, 1.297488224522747 ],
						[ 103.86736137404957, 1.2974616135822878 ],
						[ 103.86736159858279, 1.297453921957804 ],
						[ 103.86736213745638, 1.2974350026418064 ],
						[ 103.86736440145143, 1.2974098793608924 ],
						[ 103.86736666544644, 1.2973847560799558 ],
						[ 103.86737119380957, 1.2973624362988148 ],
						[ 103.86737572217261, 1.2973401165176635 ],
						[ 103.86738366031048, 1.2973028927607237 ],
						[ 103.86739160743356, 1.2972656690036153 ],
						[ 103.86740225473707, 1.2972326550274038 ],
						[ 103.86741291102575, 1.2971996410510072 ],
						[ 103.86742602033715, 1.297166495908453 ],
						[ 103.86743912964819, 1.2971333507658143 ],
						[ 103.867450370124, 1.2971103797509298 ],
						[ 103.8674616105996, 1.2970874087359792 ],
						[ 103.86746765314615, 1.297075416778552 ],
						[ 103.86747369569265, 1.2970634248211113 ],
						[ 103.86754607172401, 1.296938843083488 ],
						[ 103.86761842348811, 1.2968142902838664 ],
						[ 103.86765380353029, 1.296805598856978 ],
						[ 103.86768918357221, 1.2967969074295804 ]
					]
				]
			},
			"properties" : {
				"OBJECTID" : 5644,
				"DESCRIPTION" : "SITE AREA:22146.8, FOR ENQUIRIES, PLEASE CALL SLA AT 6323-9829 OR EMAIL at SLA_ENQUIRY@SLA.GOV.SG",
				"INC_CRC" : "FB56E2A1FDC5A1DB",
				"FMEL_UPD_D" : "20250214152432",
				"NAME" : "TANJONG RHU / TANJONG RHU VIEW",
				"SHAPE.AREA" : 22146.82003369,
				"SHAPE.LEN" : 733.598216935186
			}
		},
		{
			"type" : "Feature",
			"geometry" : {
				"type" : "Polygon",
				"coordinates" : [
					[
						[ 103.72140330392689, 1.3500925284080523 ],
						[ 103.72141819272856, 1.3495107525709353 ],
						[ 103.72147387630655, 1.3495163350662995 ],
						[ 103.72155737040352, 1.3495207883932117 ],
						[ 103.72164111631638, 1.3495204576501454 ],
						[ 103.72172463778045, 1.3495159306508198 ],
						[ 103.72180780900416, 1.3495070446041357 ],
						[ 103.72189059403473, 1.3494940165554719 ],
						[ 103.72197252559691, 1.349477352926429 ],
						[ 103.7221010896521, 1.3499184888957239 ],
						[ 103.72191607622179, 1.3501084146301063 ],
						[ 103.72140330392689, 1.3500925284080523 ]
					]
				]
			},
			"properties" : {
				"OBJECTID" : 5645,
				"DESCRIPTION" : "SITE AREA:4523.4, FOR ENQUIRIES, PLEASE CALL  HDB AT 6490-1111 OR EMAIL at HDBMAILBOX@HDB.GOV.SG",
				"INC_CRC" : "224C66176B5A76CF",
				"FMEL_UPD_D" : "20250214152432",
				"NAME" : "SL at Jurong West Street 41",
				"SHAPE.AREA" : 4523.4489975,
				"SHAPE.LEN" : 263.785361157469
			}
		},
		{
			"type" : "Feature",
			"geometry" : {
				"type" : "Polygon",
				"coordinates" : [
					[
						[ 103.86739998883368, 1.2982568091458593 ],
						[ 103.8673663522206, 1.2982860115363843 ],
						[ 103.86733271560675, 1.2983152139264895 ],
						[ 103.86728366894289, 1.298343290590457 ],
						[ 103.8672346222779, 1.2983713672534725 ],
						[ 103.86718034597611, 1.2983913273132397 ],
						[ 103.86712606967345, 1.2984112873718534 ],
						[ 103.86707327133524, 1.2984206844302648 ],
						[ 103.86702047299661, 1.2984300814875929 ],
						[ 103.86696762512605, 1.2984310363003972 ],
						[ 103.86691477725542, 1.2984319911120907 ],
						[ 103.86686231115506, 1.2984245217607946 ],
						[ 103.86680984505499, 1.2984170524083776 ],
						[ 103.86676372707603, 1.2984023797059023 ],
						[ 103.86671760909759, 1.298387707002548 ],
						[ 103.86667668464419, 1.2983683450986427 ],
						[ 103.86663576019141, 1.2983489831940684 ],
						[ 103.86657040843542, 1.298300690986536 ],
						[ 103.86650505668189, 1.2982523987772212 ],
						[ 103.86648884674366, 1.2982370428791898 ],
						[ 103.86645977390208, 1.2982030255858457 ],
						[ 103.86643070106126, 1.298169008292119 ],
						[ 103.86641215026239, 1.2981418052472966 ],
						[ 103.86639359946393, 1.298114602202321 ],
						[ 103.8663747070932, 1.2980776998506334 ],
						[ 103.86635581472302, 1.2980407974987953 ],
						[ 103.8663404445817, 1.2979988984857314 ],
						[ 103.86632507444091, 1.2979569994725635 ],
						[ 103.86630769138499, 1.2979014491010283 ],
						[ 103.86629030832984, 1.297845898729329 ],
						[ 103.86627839677594, 1.297810869224451 ],
						[ 103.86648060152527, 1.2978094458089926 ],
						[ 103.86668586491773, 1.2978080006319557 ],
						[ 103.86700273556109, 1.297805763530857 ],
						[ 103.86703800161597, 1.2978055170710034 ],
						[ 103.86703878639324, 1.2978318259328334 ],
						[ 103.86703840927947, 1.2978525811068582 ],
						[ 103.8670383913232, 1.2978536844319808 ],
						[ 103.86703799625316, 1.2978755429311413 ],
						[ 103.86703909270368, 1.297892667061271 ],
						[ 103.86704018915422, 1.2979097911914141 ],
						[ 103.86704432267935, 1.2979265716222588 ],
						[ 103.86704845620456, 1.2979433520530759 ],
						[ 103.86705294908818, 1.2979556558740013 ],
						[ 103.86705744197184, 1.2979679596948996 ],
						[ 103.86706525050171, 1.2979816426274073 ],
						[ 103.86707305903165, 1.297995325559887 ],
						[ 103.86707406092523, 1.29799659617878 ],
						[ 103.8670750628188, 1.2979978667976726 ],
						[ 103.8670760781903, 1.2979991193291043 ],
						[ 103.86707709356178, 1.298000371860519 ],
						[ 103.86707814038213, 1.298001610826047 ],
						[ 103.8670791872025, 1.2980028497915745 ],
						[ 103.86708024750072, 1.298004066147809 ],
						[ 103.86708130779894, 1.2980052825040258 ],
						[ 103.86708239505332, 1.2980064852944169 ],
						[ 103.86708348230769, 1.298007688084824 ],
						[ 103.86708458753252, 1.2980088592222128 ],
						[ 103.86708569275736, 1.298010030359601 ],
						[ 103.86708681595302, 1.2980111969749317 ],
						[ 103.86708793914869, 1.2980123635902447 ],
						[ 103.86708908031487, 1.2980135030743887 ],
						[ 103.86709022148105, 1.298014642558532 ],
						[ 103.86709138960332, 1.2980157639550165 ],
						[ 103.8670925577256, 1.2980168853515004 ],
						[ 103.86709374381846, 1.298017984138631 ],
						[ 103.86709492991132, 1.2980190829257607 ],
						[ 103.86709613846742, 1.2980201545816437 ],
						[ 103.86709734702364, 1.298021235281174 ],
						[ 103.86709856905773, 1.298022293371411 ],
						[ 103.86709979109182, 1.2980233514616304 ],
						[ 103.86710102660378, 1.2980243869425736 ],
						[ 103.86710226211572, 1.298025422423499 ],
						[ 103.8671035245837, 1.2980264352949495 ],
						[ 103.86710478705169, 1.2980274481663998 ],
						[ 103.86710606299754, 1.2980284384285563 ],
						[ 103.86710733894338, 1.2980294286907124 ],
						[ 103.86710862836715, 1.2980304008653902 ],
						[ 103.86710991779091, 1.2980313730400674 ],
						[ 103.86711122518521, 1.2980323180835749 ],
						[ 103.86711253257951, 1.298033263127065 ],
						[ 103.86711385794445, 1.2980341900830166 ],
						[ 103.8671151833094, 1.2980351170389843 ],
						[ 103.86711652664485, 1.2980360168637655 ],
						[ 103.86711786998032, 1.298036916688529 ],
						[ 103.86711922230093, 1.298037793904076 ],
						[ 103.86712056563597, 1.2980386620760782 ],
						[ 103.86712193592723, 1.2980395212040865 ],
						[ 103.86712330621847, 1.2980403803320935 ],
						[ 103.86712469448014, 1.2980412032852657 ],
						[ 103.86712608274179, 1.2980420262384376 ],
						[ 103.86712747549588, 1.298042826582419 ],
						[ 103.86712886824996, 1.298043626926417 ],
						[ 103.86713028346746, 1.2980444137046314 ],
						[ 103.86713169868496, 1.2980452004828618 ],
						[ 103.86713312738016, 1.298045951086301 ],
						[ 103.86713455607534, 1.298046701689756 ],
						[ 103.86713599375574, 1.2980474342057935 ],
						[ 103.86713743143613, 1.29804816672183 ],
						[ 103.86713888259428, 1.2980488675849244 ],
						[ 103.86714033375242, 1.2980495684480016 ],
						[ 103.86714179838842, 1.2980502467018011 ],
						[ 103.8671432630244, 1.2980509249555834 ],
						[ 103.86714473664556, 1.2980515806001316 ],
						[ 103.8671462102667, 1.2980522362446794 ],
						[ 103.86714769287286, 1.2980528602363453 ],
						[ 103.86714917547903, 1.2980534842280107 ],
						[ 103.86715067605579, 1.298054085610321 ],
						[ 103.86715217663253, 1.2980546869926142 ],
						[ 103.86715517778532, 1.2980558354953422 ],
						[ 103.86715821487915, 1.2980569297357119 ],
						[ 103.86716126994315, 1.2980579697139303 ],
						[ 103.867164333992, 1.2980589644738174 ],
						[ 103.86716742499632, 1.2980598959278014 ],
						[ 103.86717051600004, 1.298060782163541 ],
						[ 103.86717364294482, 1.2980616141369214 ],
						[ 103.86717676090343, 1.2980623918485306 ],
						[ 103.86717990581741, 1.2980630972106217 ],
						[ 103.86718305971635, 1.2980637663979788 ],
						[ 103.86718622259977, 1.2980643632360434 ],
						[ 103.86718939446803, 1.298064914855759 ],
						[ 103.86719261126267, 1.2980654031693293 ],
						[ 103.86719580110037, 1.298065846265035 ],
						[ 103.86719899992279, 1.2980662350987273 ],
						[ 103.8672022077297, 1.2980665515831267 ],
						[ 103.86720540655082, 1.2980668409366989 ],
						[ 103.86720863232739, 1.298067066984384 ],
						[ 103.8672118491177, 1.2980672297266498 ],
						[ 103.8672150569215, 1.2980673110762337 ],
						[ 103.86721828269579, 1.2980673652946102 ],
						[ 103.86722151745457, 1.2980673471636939 ],
						[ 103.86722472525642, 1.2980672838149134 ],
						[ 103.86722796001375, 1.2980671571602291 ],
						[ 103.86723116781405, 1.2980669762440324 ],
						[ 103.86723437561373, 1.2980667501095915 ],
						[ 103.86723759239788, 1.2980664516258578 ],
						[ 103.867240782225, 1.2980660988805952 ],
						[ 103.86724398103682, 1.298065691873336 ],
						[ 103.86724717086251, 1.2980652306043223 ],
						[ 103.867250351702, 1.2980647150735378 ],
						[ 103.8672535235552, 1.298064136237334 ],
						[ 103.8672566864225, 1.2980635212266725 ],
						[ 103.86725984030325, 1.2980628248233124 ],
						[ 103.86726296722709, 1.2980620832020722 ],
						[ 103.86726609415018, 1.2980612873189568 ],
						[ 103.86726921208725, 1.2980604462177183 ],
						[ 103.86727230306714, 1.2980595418113208 ],
						[ 103.86727537607553, 1.2980585921869219 ],
						[ 103.86727846705398, 1.298057579256757 ],
						[ 103.86728149513371, 1.2980565211092145 ],
						[ 103.86728451422704, 1.298055390612606 ],
						[ 103.86728753331987, 1.2980542239414012 ],
						[ 103.86729051647023, 1.2980530030088073 ],
						[ 103.86729348164909, 1.2980517368582123 ],
						[ 103.86729641987077, 1.2980504074024588 ],
						[ 103.86729933113553, 1.298049032728826 ],
						[ 103.86730222442867, 1.2980476037935615 ],
						[ 103.86730508177934, 1.298046120596908 ],
						[ 103.86730793014382, 1.2980445831384844 ],
						[ 103.86731075155149, 1.2980430095058302 ],
						[ 103.86731352803122, 1.2980413816119087 ],
						[ 103.86731630451034, 1.2980397084997441 ],
						[ 103.86731766130043, 1.2980388402913348 ],
						[ 103.86731901809054, 1.2980379720829076 ],
						[ 103.86732037038784, 1.298037099352725 ],
						[ 103.86732172268516, 1.2980362266225418 ],
						[ 103.8673230570111, 1.2980353177180084 ],
						[ 103.86732439133705, 1.2980344088134916 ],
						[ 103.86732570769173, 1.2980334727782563 ],
						[ 103.86732702404643, 1.2980325367430368 ],
						[ 103.86732832243, 1.2980315826207636 ],
						[ 103.86732962081358, 1.29803062849849 ],
						[ 103.86733091021134, 1.298029647245393 ],
						[ 103.8673321996091, 1.2980286659922953 ],
						[ 103.86733472449149, 1.2980266673122356 ],
						[ 103.86734461280972, 1.2980146753030823 ],
						[ 103.86735449214241, 1.2980026832939966 ],
						[ 103.86735820305348, 1.29799697670278 ],
						[ 103.86736191396453, 1.2979912701115413 ],
						[ 103.86736357171851, 1.2979867844404018 ],
						[ 103.8673652294725, 1.2979822987692615 ],
						[ 103.86736562475707, 1.2979767007466745 ],
						[ 103.86736602004166, 1.2979711027241043 ],
						[ 103.86736581772331, 1.297960187045431 ],
						[ 103.86736561540495, 1.2979492713667566 ],
						[ 103.86736533224321, 1.2979402684204278 ],
						[ 103.86736505806704, 1.2979312745176246 ],
						[ 103.86736599247095, 1.297925142912601 ],
						[ 103.86736692687487, 1.297919011307577 ],
						[ 103.86737407019493, 1.2979111070637306 ],
						[ 103.86738121351493, 1.2979032028198474 ],
						[ 103.8673904864649, 1.2979013125720833 ],
						[ 103.86739975941485, 1.2978994223242681 ],
						[ 103.86739987412409, 1.2980781157351824 ],
						[ 103.86739998883368, 1.2982568091458593 ]
					]
				]
			},
			"properties" : {
				"OBJECTID" : 5646,
				"DESCRIPTION" : "SITE AREA:6057.3, FOR ENQUIRIES, PLEASE CALL SLA AT 6323-9829 OR EMAIL at SLA_ENQUIRY@SLA.GOV.SG",
				"INC_CRC" : "02F09DF1860C0120",
				"FMEL_UPD_D" : "20250214152432",
				"NAME" : "TANJONG RHU RD (OPP COSTA RHU)",
				"SHAPE.AREA" : 6057.27288752,
				"SHAPE.LEN" : 361.349448821007
			}
		},
		{
			"type" : "Feature",
			"geometry" : {
				"type" : "Polygon",
				"coordinates" : [
					[
						[ 103.8060280416205, 1.4383124097714846 ],
						[ 103.80557302534253, 1.4385607605928934 ],
						[ 103.80518753620774, 1.4378453680220766 ],
						[ 103.80504260493457, 1.437576390382895 ],
						[ 103.80484095572169, 1.4371939053413056 ],
						[ 103.80530790522899, 1.4369395317453506 ],
						[ 103.80537679003106, 1.4370675995322244 ],
						[ 103.8060280416205, 1.4383124097714846 ]
					]
				]
			},
			"properties" : {
				"OBJECTID" : 5647,
				"DESCRIPTION" : "SITE AREA:10057.9, FOR ENQUIRIES, PLEASE CALL  HDB AT 6490-1111 OR EMAIL at HDBMAILBOX@HDB.GOV.SG",
				"INC_CRC" : "842FF664E7710BA8",
				"FMEL_UPD_D" : "20250214152432",
				"NAME" : "SL at Woodlands Drive 64",
				"SHAPE.AREA" : 10057.9214015,
				"SHAPE.LEN" : 460.053790245683
			}
		},
		{
			"type" : "Feature",
			"geometry" : {
				"type" : "Polygon",
				"coordinates" : [
					[
						[ 103.81757530390416, 1.4576267605147568 ],
						[ 103.81758659296081, 1.4576420832261159 ],
						[ 103.8173470664851, 1.4577640412852553 ],
						[ 103.817126099234, 1.4578331421157045 ],
						[ 103.81698282526142, 1.4579059061656159 ],
						[ 103.81687945821434, 1.4579895138190997 ],
						[ 103.81683879613378, 1.4580224142660316 ],
						[ 103.81592882998767, 1.4584851340286453 ],
						[ 103.81570915661757, 1.4585538729820167 ],
						[ 103.81556586458296, 1.458626591721312 ],
						[ 103.81542055931654, 1.4587433981581017 ],
						[ 103.81503823747133, 1.4589375619161116 ],
						[ 103.81501922293494, 1.4589453845051115 ],
						[ 103.8149991300952, 1.458950448776301 ],
						[ 103.8149786149309, 1.4589530893495353 ],
						[ 103.81495806385075, 1.4589522300353723 ],
						[ 103.8149377194723, 1.4589485852830226 ],
						[ 103.81491755482321, 1.4589439095575123 ],
						[ 103.81490972799449, 1.458941784238717 ],
						[ 103.81490411714331, 1.458937373611476 ],
						[ 103.81480882801007, 1.4587425665862723 ],
						[ 103.81477917186274, 1.458681843754608 ],
						[ 103.8147497071335, 1.4586194442341007 ],
						[ 103.81472085888814, 1.4585522199388166 ],
						[ 103.81469516205976, 1.4584838254229764 ],
						[ 103.81467681660214, 1.4584291809114915 ],
						[ 103.81465805786672, 1.458364911255176 ],
						[ 103.81464400685593, 1.4583084643826996 ],
						[ 103.81463198939473, 1.458251128537743 ],
						[ 103.81461775084348, 1.4581624112590044 ],
						[ 103.8146117027988, 1.4581066436302006 ],
						[ 103.81460631188396, 1.4580206395159647 ],
						[ 103.81460539316654, 1.4579535167412798 ],
						[ 103.81460665074185, 1.4579017139033086 ],
						[ 103.81461207081308, 1.4578303551427254 ],
						[ 103.81461822948584, 1.4577651343036786 ],
						[ 103.81463158789047, 1.4576858271580582 ],
						[ 103.81470350293677, 1.4572775365529085 ],
						[ 103.81554335543233, 1.4573683143551794 ],
						[ 103.8156595436711, 1.4575292648581575 ],
						[ 103.81666675840565, 1.4567928402894057 ],
						[ 103.81677193985686, 1.4568089387412935 ],
						[ 103.81687821768554, 1.4568141034407642 ],
						[ 103.81698445066378, 1.4568082801174735 ],
						[ 103.81720565777138, 1.4571147072300314 ],
						[ 103.81757530390416, 1.4576267605147568 ]
					]
				]
			},
			"properties" : {
				"OBJECTID" : 5648,
				"DESCRIPTION" : "SITE AREA:41622.9, FOR ENQUIRIES, PLEASE CALL  HDB AT 6490-1111 OR EMAIL at HDBMAILBOX@HDB.GOV.SG",
				"INC_CRC" : "89659C40C34C4394",
				"FMEL_UPD_D" : "20250214152432",
				"NAME" : "SL along Admiralty Lane",
				"SHAPE.AREA" : 41622.89500921,
				"SHAPE.LEN" : 929.563766172721
			}
		},
		{
			"type" : "Feature",
			"geometry" : {
				"type" : "Polygon",
				"coordinates" : [
					[
						[ 103.94379958096755, 1.3445431816644533 ],
						[ 103.94383824744189, 1.3445757731383767 ],
						[ 103.9438563181905, 1.3445917795364912 ],
						[ 103.9440114244868, 1.3447242073507764 ],
						[ 103.94384498433617, 1.3449241966812167 ],
						[ 103.94377640092462, 1.3450050407944478 ],
						[ 103.94364688953799, 1.3451605428263402 ],
						[ 103.94337192821098, 1.3449131849630669 ],
						[ 103.94364675579111, 1.3445832428460798 ],
						[ 103.94371207753669, 1.3445048587520514 ],
						[ 103.94371819638131, 1.344497189477204 ],
						[ 103.94372898747203, 1.344483677806157 ],
						[ 103.94379958096755, 1.3445431816644533 ]
					]
				]
			},
			"properties" : {
				"OBJECTID" : 5649,
				"DESCRIPTION" : "SITE AREA:2567.7, FOR ENQUIRIES, PLEASE CALL  HDB AT 6490-1111 OR EMAIL at HDBMAILBOX@HDB.GOV.SG",
				"INC_CRC" : "8361FA6B3C7AD07F",
				"FMEL_UPD_D" : "20250214152432",
				"NAME" : "SL at Tampines Street 92",
				"SHAPE.AREA" : 2567.686584,
				"SHAPE.LEN" : 207.180175556579
			}
		},
		{
			"type" : "Feature",
			"geometry" : {
				"type" : "Polygon",
				"coordinates" : [
					[
						[ 103.62520061952199, 1.312245210024659 ],
						[ 103.62474032824724, 1.3124168784086736 ],
						[ 103.6244311298857, 1.31253219524874 ],
						[ 103.6243626470913, 1.3123734835894652 ],
						[ 103.62423690611251, 1.3120345917383212 ],
						[ 103.62411115617812, 1.3116956727538558 ],
						[ 103.62400816706814, 1.3113482999296495 ],
						[ 103.62387990118468, 1.3110103574378111 ],
						[ 103.62375500496998, 1.3106711491256495 ],
						[ 103.62363095343898, 1.3103316243573857 ],
						[ 103.62350613812957, 1.3099926330946485 ],
						[ 103.62346070117516, 1.309867312290165 ],
						[ 103.6240537735362, 1.3096592602288861 ],
						[ 103.62373895073847, 1.3087996318149924 ],
						[ 103.62416915454328, 1.3086391352469877 ],
						[ 103.62459935830364, 1.3084786385956741 ],
						[ 103.62456899477682, 1.308391618658597 ],
						[ 103.62444084161089, 1.3084400526109017 ],
						[ 103.62430878181728, 1.3080513255676385 ],
						[ 103.62418449524485, 1.3076854622664777 ],
						[ 103.6241728649408, 1.307669533726106 ],
						[ 103.62380424708267, 1.307811733086556 ],
						[ 103.62343177297154, 1.3079608675875156 ],
						[ 103.62283047800382, 1.3081742527729598 ],
						[ 103.62281304136975, 1.3081255081808154 ],
						[ 103.62279584871067, 1.3080603476918606 ],
						[ 103.62286505654718, 1.308034552182773 ],
						[ 103.6236313521896, 1.3077490383623127 ],
						[ 103.62439764769141, 1.307463524277656 ],
						[ 103.6245320780446, 1.307414758945021 ],
						[ 103.62466650839356, 1.3073659936042838 ],
						[ 103.62481395454267, 1.307312029280535 ],
						[ 103.6249614006867, 1.3072580649470327 ],
						[ 103.62481499521513, 1.3074407693540164 ],
						[ 103.6247629827241, 1.3075001361565637 ],
						[ 103.62471818505009, 1.3075652010208836 ],
						[ 103.62468124023025, 1.3076350867728002 ],
						[ 103.62465265152746, 1.3077088348345849 ],
						[ 103.62463278742801, 1.307785432355708 ],
						[ 103.62462194453651, 1.3078638483923617 ],
						[ 103.62462026671083, 1.3079429886827967 ],
						[ 103.62462732286393, 1.3080202848123519 ],
						[ 103.62464110044507, 1.308093529977394 ],
						[ 103.62465944296703, 1.308162570256463 ],
						[ 103.62468037362142, 1.3082276044430052 ],
						[ 103.62470230195403, 1.3082890574524924 ],
						[ 103.62471176147336, 1.3083148143801953 ],
						[ 103.62484119886662, 1.308666399181604 ],
						[ 103.62497063628919, 1.309017983981136 ],
						[ 103.62501984740199, 1.3091516477933511 ],
						[ 103.62506905851905, 1.3092853116053085 ],
						[ 103.6251416130331, 1.3094823819585488 ],
						[ 103.62521416755635, 1.3096794523111899 ],
						[ 103.62524300330935, 1.3097699086811359 ],
						[ 103.62525762431441, 1.3098035475258691 ],
						[ 103.6252722453198, 1.30983718637057 ],
						[ 103.62527707928713, 1.309850403977346 ],
						[ 103.62464347268045, 1.310081358538784 ],
						[ 103.62400974557441, 1.3103123237620162 ],
						[ 103.62404611029274, 1.3104121842940075 ],
						[ 103.62408247411477, 1.3105120457301518 ],
						[ 103.62408256844337, 1.3105122673059482 ],
						[ 103.62408266277197, 1.310512488881744 ],
						[ 103.62410240829088, 1.3105661144885163 ],
						[ 103.62412215381048, 1.3106197400952442 ],
						[ 103.6242316256543, 1.31091603980356 ],
						[ 103.62434109751908, 1.3112123395105308 ],
						[ 103.62436848796348, 1.3112862776546954 ],
						[ 103.62439587571362, 1.311360214894191 ],
						[ 103.62427725806357, 1.3114045646248862 ],
						[ 103.62439146417938, 1.3117139960186486 ],
						[ 103.62450567031803, 1.3120234274109082 ],
						[ 103.62504478061732, 1.3118218648525148 ],
						[ 103.62520061952199, 1.312245210024659 ]
					]
				]
			},
			"properties" : {
				"OBJECTID" : 5650,
				"DESCRIPTION" : "SITE AREA:43775.8, FOR ENQUIRIES, PLEASE CALL SLA AT 6323-9829 OR EMAIL at SLA_ENQUIRY@SLA.GOV.SG",
				"INC_CRC" : "0336A1265FFC93D4",
				"FMEL_UPD_D" : "20250214152432",
				"NAME" : "TUAS SOUTH AVE 1",
				"SHAPE.AREA" : 43775.75623717,
				"SHAPE.LEN" : 2009.38668813533
			}
		},
		{
			"type" : "Feature",
			"geometry" : {
				"type" : "Polygon",
				"coordinates" : [
					[
						[ 103.80256227150905, 1.43163545760884 ],
						[ 103.80263373525408, 1.4317420559194243 ],
						[ 103.80269871128633, 1.431838986492896 ],
						[ 103.80278224321582, 1.431941361582801 ],
						[ 103.80295653201173, 1.4321294625147 ],
						[ 103.80308957570107, 1.4322922587905733 ],
						[ 103.80310292850504, 1.4323154106779514 ],
						[ 103.8031044107939, 1.4323452727862298 ],
						[ 103.80307844091638, 1.432384105817632 ],
						[ 103.8030398637925, 1.4324206868154936 ],
						[ 103.80294489952361, 1.4324849044148178 ],
						[ 103.80286167112078, 1.4325315684682192 ],
						[ 103.80270669816582, 1.432637901469683 ],
						[ 103.80259872223992, 1.4327017480899058 ],
						[ 103.80234006983912, 1.4327798182992377 ],
						[ 103.80223255255483, 1.4328158557252004 ],
						[ 103.80212366047354, 1.4328477963597432 ],
						[ 103.80201457078347, 1.4328734878333769 ],
						[ 103.80191176237574, 1.4328910491591045 ],
						[ 103.80186143206134, 1.4328947111367303 ],
						[ 103.80181213532539, 1.4328840932253628 ],
						[ 103.80176673864533, 1.4328620532539613 ],
						[ 103.80172802764956, 1.4328296312796815 ],
						[ 103.80169738613841, 1.432789377627576 ],
						[ 103.80167775249556, 1.4327426941025154 ],
						[ 103.80166823705339, 1.4326938673761593 ],
						[ 103.80165913768344, 1.4324470754498406 ],
						[ 103.80163962403081, 1.432169688755329 ],
						[ 103.80162604821415, 1.4320286440091234 ],
						[ 103.801598750841, 1.4318897514571185 ],
						[ 103.8015577588551, 1.431754213902965 ],
						[ 103.80150338674505, 1.4316235868558742 ],
						[ 103.80143609277711, 1.431499208779593 ],
						[ 103.80142936244832, 1.431489215466854 ],
						[ 103.80149600272021, 1.4314484386409643 ],
						[ 103.80140781652037, 1.4313193575807641 ],
						[ 103.80132511129783, 1.4312229783845118 ],
						[ 103.80118842809125, 1.431088922634311 ],
						[ 103.80118301861562, 1.4310847896160486 ],
						[ 103.80169337196045, 1.4306378783155342 ],
						[ 103.80078376767729, 1.4295849691491367 ],
						[ 103.80053380296918, 1.429803694968317 ],
						[ 103.79952728703496, 1.4293171507114166 ],
						[ 103.7994487597071, 1.4292693267961534 ],
						[ 103.79938805159476, 1.429213544743054 ],
						[ 103.79934581851401, 1.4291604127490916 ],
						[ 103.79934846115778, 1.4291072814229269 ],
						[ 103.79938013725496, 1.4290594591434838 ],
						[ 103.79990540741771, 1.4285919289626285 ],
						[ 103.7999406861242, 1.4285945430898166 ],
						[ 103.80040619450759, 1.429121160820731 ],
						[ 103.80256227150905, 1.43163545760884 ]
					]
				]
			},
			"properties" : {
				"OBJECTID" : 5651,
				"DESCRIPTION" : "SITE AREA:36596.2, FOR ENQUIRIES, PLEASE CALL  HDB AT 6490-1111 OR EMAIL at HDBMAILBOX@HDB.GOV.SG",
				"INC_CRC" : "DEA1F1DDAB3C371F",
				"FMEL_UPD_D" : "20250214152432",
				"NAME" : "SL along Woodlands Avenue 12",
				"SHAPE.AREA" : 36596.238541,
				"SHAPE.LEN" : 1444.27513286691
			}
		},
		{
			"type" : "Feature",
			"geometry" : {
				"type" : "Polygon",
				"coordinates" : [
					[
						[ 103.84624151960982, 1.4303407263734889 ],
						[ 103.84674800434291, 1.4306096052760848 ],
						[ 103.84601206901696, 1.4314563110424026 ],
						[ 103.84577313354184, 1.4314046297773846 ],
						[ 103.84533511281101, 1.4311766329707813 ],
						[ 103.84529384028272, 1.4311535990419284 ],
						[ 103.84525411332307, 1.4311279876674237 ],
						[ 103.84521587801812, 1.4311001063313329 ],
						[ 103.84517883783565, 1.431070660438993 ],
						[ 103.84514408006812, 1.4310385014428397 ],
						[ 103.84511083193095, 1.4310047869326126 ],
						[ 103.84501692837891, 1.430902702830654 ],
						[ 103.84498997033992, 1.4308569512042253 ],
						[ 103.84498114588645, 1.430804516236428 ],
						[ 103.84499428306638, 1.430753428658415 ],
						[ 103.8450244306592, 1.4307098562563076 ],
						[ 103.84518138723648, 1.430562878241849 ],
						[ 103.8453259973274, 1.4304557872468462 ],
						[ 103.8454708859717, 1.4303492479031115 ],
						[ 103.84551313762697, 1.4303102379454247 ],
						[ 103.84555538928082, 1.4302712279869534 ],
						[ 103.84556354846515, 1.430263043450846 ],
						[ 103.84568055357194, 1.4301258101358068 ],
						[ 103.84579755866486, 1.429988576814723 ],
						[ 103.84580168772065, 1.4299922566484595 ],
						[ 103.84573503499388, 1.430071846452345 ],
						[ 103.84624151960982, 1.4303407263734889 ]
					]
				]
			},
			"properties" : {
				"OBJECTID" : 5652,
				"DESCRIPTION" : "SITE AREA:16855.7, FOR ENQUIRIES, PLEASE CALL  HDB AT 6490-1111 OR EMAIL at HDBMAILBOX@HDB.GOV.SG",
				"INC_CRC" : "1FDEAF19F5E20ACB",
				"FMEL_UPD_D" : "20250214152432",
				"NAME" : "YISHUN AVE 6 (BLK 389)",
				"SHAPE.AREA" : 16855.709857315,
				"SHAPE.LEN" : 534.248132338408
			}
		},
		{
			"type" : "Feature",
			"geometry" : {
				"type" : "Polygon",
				"coordinates" : [
					[
						[ 103.89916354674139, 1.3266060600042724 ],
						[ 103.8991616474885, 1.3266170363211005 ],
						[ 103.89914135812205, 1.3266163224166283 ],
						[ 103.89912110475485, 1.3266177699410087 ],
						[ 103.89911111288251, 1.3266195608490519 ],
						[ 103.89910112101016, 1.3266213517570722 ],
						[ 103.89909137626793, 1.3266241962424945 ],
						[ 103.89908163152569, 1.3266270407278964 ],
						[ 103.89907223275341, 1.3266308980917005 ],
						[ 103.8990628339811, 1.32663475545547 ],
						[ 103.89905389349715, 1.3266395940419087 ],
						[ 103.89904495301317, 1.3266444326283162 ],
						[ 103.89903656965681, 1.3266501891292843 ],
						[ 103.8990281863004, 1.3266559456302085 ],
						[ 103.89902045441823, 1.3266625612595189 ],
						[ 103.89901272253601, 1.3266691768888066 ],
						[ 103.89900572299585, 1.3266765747733835 ],
						[ 103.89899872345565, 1.326683972657942 ],
						[ 103.89899254161809, 1.3266920759245728 ],
						[ 103.8989863597805, 1.326700179191207 ],
						[ 103.89898105854171, 1.3267088883581843 ],
						[ 103.89897575730289, 1.3267175975251515 ],
						[ 103.89897139506651, 1.3267268221545272 ],
						[ 103.8989670328301, 1.3267360467839138 ],
						[ 103.89896366350663, 1.326745682872389 ],
						[ 103.89896029418317, 1.3267553189608772 ],
						[ 103.89895795371194, 1.3267652579838343 ],
						[ 103.8989556132407, 1.3267751970068062 ],
						[ 103.89892145519691, 1.326964232605825 ],
						[ 103.89888729714863, 1.3271532682043392 ],
						[ 103.89884851451347, 1.3272845060217662 ],
						[ 103.89880973187454, 1.327415743838663 ],
						[ 103.89878735214563, 1.3275395925641558 ],
						[ 103.8987649724148, 1.3276634412894484 ],
						[ 103.89901283092361, 1.327712292941493 ],
						[ 103.89926068944096, 1.3277611445680255 ],
						[ 103.899203482374, 1.3280777232421308 ],
						[ 103.89911118210304, 1.3285587885787755 ],
						[ 103.89886428047329, 1.3285101268322053 ],
						[ 103.89861737885204, 1.3284614650603057 ],
						[ 103.89856163490111, 1.328723379401408 ],
						[ 103.89850589093975, 1.3289852937412543 ],
						[ 103.89850210941832, 1.3290042049973387 ],
						[ 103.89849548855712, 1.3289923977966984 ],
						[ 103.8985026134417, 1.3289331283038108 ],
						[ 103.89853455662562, 1.3286765286390558 ],
						[ 103.89887457550837, 1.3267811191352745 ],
						[ 103.898882381263, 1.326747592344478 ],
						[ 103.89889435185644, 1.3267156372272535 ],
						[ 103.89891100674926, 1.3266889209657882 ],
						[ 103.89893286610754, 1.3266637754456585 ],
						[ 103.89895524676471, 1.326643868892177 ],
						[ 103.89897762668863, 1.3266302485727774 ],
						[ 103.89901145768678, 1.3266129598468976 ],
						[ 103.89904737075831, 1.3266003873232575 ],
						[ 103.89908339180833, 1.3265935882560809 ],
						[ 103.89910102597679, 1.3265954010343364 ],
						[ 103.89911866014528, 1.3265972138124642 ],
						[ 103.89916354674139, 1.3266060600042724 ]
					]
				]
			},
			"properties" : {
				"OBJECTID" : 5653,
				"DESCRIPTION" : "SITE AREA:6625.3, FOR ENQUIRIES, PLEASE CALL  HDB AT 6490-1111 OR EMAIL at HDBMAILBOX@HDB.GOV.SG",
				"INC_CRC" : "3EB25B5A5C7E0A07",
				"FMEL_UPD_D" : "20250214152432",
				"NAME" : "UBI AVE 1 (BESIDE MAHA BODHI PRI SCH)",
				"SHAPE.AREA" : 6625.33442958,
				"SHAPE.LEN" : 689.047876637455
			}
		},
		{
			"type" : "Feature",
			"geometry" : {
				"type" : "Polygon",
				"coordinates" : [
					[
						[ 103.89996607619379, 1.389231091838706 ],
						[ 103.89986831202269, 1.3889459397471553 ],
						[ 103.89977054787647, 1.3886607876497072 ],
						[ 103.9000249639461, 1.3885724060366282 ],
						[ 103.90027937999567, 1.3884840243968506 ],
						[ 103.9003775440679, 1.3887694477685715 ],
						[ 103.90047570816515, 1.3890548711343638 ],
						[ 103.9002208921895, 1.3891429814999412 ],
						[ 103.89996607619379, 1.389231091838706 ]
					]
				]
			},
			"properties" : {
				"OBJECTID" : 5654,
				"DESCRIPTION" : "SITE AREA:4001, FOR ENQUIRIES, PLEASE CALL SLA AT 6323-9829 OR EMAIL at SLA_ENQUIRY@SLA.GOV.SG",
				"INC_CRC" : "DCB7882356C88F05",
				"FMEL_UPD_D" : "20250214152432",
				"NAME" : "SL at Compassvale Walk",
				"SHAPE.AREA" : 4000.972263,
				"SHAPE.LEN" : 253.380029261145
			}
		},
		{
			"type" : "Feature",
			"geometry" : {
				"type" : "Polygon",
				"coordinates" : [
					[
						[ 103.74205676007637, 1.3895637759989068 ],
						[ 103.74203071264307, 1.3895740069487919 ],
						[ 103.74199172967013, 1.3896447899228215 ],
						[ 103.74196362825187, 1.389720945235697 ],
						[ 103.74194851112773, 1.389800673287389 ],
						[ 103.74194121786239, 1.3898582664552976 ],
						[ 103.74189909018283, 1.3898506437477367 ],
						[ 103.74189434767739, 1.3898458983704365 ],
						[ 103.74185915301592, 1.3898253245500953 ],
						[ 103.7418245644734, 1.3898156881186965 ],
						[ 103.74139553968025, 1.3897290587032762 ],
						[ 103.74167351780366, 1.3893136793823075 ],
						[ 103.74205676007637, 1.3895637759989068 ]
					]
				]
			},
			"properties" : {
				"OBJECTID" : 5655,
				"DESCRIPTION" : "SITE AREA:2355.6, FOR ENQUIRIES, PLEASE CALL  HDB AT 6490-1111 OR EMAIL at HDBMAILBOX@HDB.GOV.SG",
				"INC_CRC" : "D6E54A8D0E438510",
				"FMEL_UPD_D" : "20250214152432",
				"NAME" : "CHOA CHU KANG ST 51",
				"SHAPE.AREA" : 2355.560554405,
				"SHAPE.LEN" : 205.373685509831
			}
		},
		{
			"type" : "Feature",
			"geometry" : {
				"type" : "Polygon",
				"coordinates" : [
					[
						[ 103.77097201397868, 1.3083371149024283 ],
						[ 103.77109737031313, 1.3083378596133861 ],
						[ 103.77111812682776, 1.3083350656460242 ],
						[ 103.7712217387304, 1.308318898197322 ],
						[ 103.77126955063441, 1.3083109590702013 ],
						[ 103.771315376471, 1.3083143154017138 ],
						[ 103.7713257590519, 1.3083198006288832 ],
						[ 103.77133608771958, 1.3083253039419576 ],
						[ 103.77135561981054, 1.3084202626696477 ],
						[ 103.7713751519028, 1.3085152213971833 ],
						[ 103.7713699715735, 1.308523491679121 ],
						[ 103.77136479124418, 1.308531761961046 ],
						[ 103.77138307001262, 1.3086206478516782 ],
						[ 103.7714013487822, 1.3087095337421577 ],
						[ 103.771405520839, 1.3087787086641247 ],
						[ 103.77140969289592, 1.3088478835860575 ],
						[ 103.77141641853497, 1.3088474722674506 ],
						[ 103.77142314417404, 1.3088470609488088 ],
						[ 103.77142418157528, 1.3088642393727035 ],
						[ 103.77142521897655, 1.3088814177966124 ],
						[ 103.77144202879904, 1.3089631501294026 ],
						[ 103.77145883862248, 1.3090448824620777 ],
						[ 103.77150441458237, 1.309162129891029 ],
						[ 103.77154999054623, 1.3092793773192222 ],
						[ 103.77155728616935, 1.3093032708024908 ],
						[ 103.77157618519604, 1.3093819780879739 ],
						[ 103.77159508422378, 1.3094606853733206 ],
						[ 103.7708121785715, 1.3093164875854513 ],
						[ 103.77002927302006, 1.3091722895556979 ],
						[ 103.77013745806953, 1.3086376909792965 ],
						[ 103.77024564306795, 1.3081030923936545 ],
						[ 103.77031886500819, 1.3081304512619112 ],
						[ 103.77052714635546, 1.3082080283555748 ],
						[ 103.77073542771623, 1.308285605432431 ],
						[ 103.77084792503055, 1.308318825551424 ],
						[ 103.77097201397868, 1.3083371149024283 ]
					]
				]
			},
			"properties" : {
				"OBJECTID" : 5656,
				"DESCRIPTION" : "SITE AREA:16994.2, FOR ENQUIRIES, PLEASE CALL  HDB AT 6490-1111 OR EMAIL at HDBMAILBOX@HDB.GOV.SG",
				"INC_CRC" : "FB0CE64D5C8418F5",
				"FMEL_UPD_D" : "20250214152432",
				"NAME" : "CLEMENTI AVENUE 1 (BESIDE NAN HUA HIGH SCH) ",
				"SHAPE.AREA" : 16994.1937345,
				"SHAPE.LEN" : 555.285537693972
			}
		},
		{
			"type" : "Feature",
			"geometry" : {
				"type" : "Polygon",
				"coordinates" : [
					[
						[ 103.74336754970949, 1.3315425447646945 ],
						[ 103.7432767523517, 1.3316210537414572 ],
						[ 103.74312105043651, 1.33152956984119 ],
						[ 103.74304286838323, 1.3314956985499902 ],
						[ 103.74291420586727, 1.3314518593087528 ],
						[ 103.74287857025949, 1.331421977825242 ],
						[ 103.7426677615517, 1.331386102979264 ],
						[ 103.74252424484003, 1.3313721523801019 ],
						[ 103.742487630579, 1.3313213529288344 ],
						[ 103.7424351303611, 1.3313306387941706 ],
						[ 103.74244646353061, 1.3313144511091701 ],
						[ 103.74246881625692, 1.3312825279090847 ],
						[ 103.74249390500484, 1.3312527345860492 ],
						[ 103.74251899375213, 1.3312229412627248 ],
						[ 103.74245484741256, 1.331083650637452 ],
						[ 103.74245998225874, 1.3310699117386027 ],
						[ 103.74246893292703, 1.3310409362660884 ],
						[ 103.74247230337244, 1.3310173234617908 ],
						[ 103.74247089291454, 1.3310098533675427 ],
						[ 103.74229026621599, 1.330742417354286 ],
						[ 103.74225302467417, 1.3307679154020884 ],
						[ 103.74214813879466, 1.3306038310371566 ],
						[ 103.7426142604297, 1.3302125284604682 ],
						[ 103.7426069982609, 1.3302384951793198 ],
						[ 103.74259298796481, 1.3302885466556404 ],
						[ 103.7425835064353, 1.3303371920142821 ],
						[ 103.74257402490537, 1.3303858373728255 ],
						[ 103.74256689297142, 1.3304378832248234 ],
						[ 103.74255976103711, 1.330489929076741 ],
						[ 103.7425561918395, 1.3305428703803321 ],
						[ 103.74255262264165, 1.3305958116838847 ],
						[ 103.74255262092498, 1.3306427707553714 ],
						[ 103.74255261920827, 1.3306897298268232 ],
						[ 103.7425549941802, 1.3307363860245318 ],
						[ 103.74255736915215, 1.3307830422222267 ],
						[ 103.742602913469, 1.330753973145736 ],
						[ 103.74264845778481, 1.3307249040683016 ],
						[ 103.74270901584168, 1.3307262402439384 ],
						[ 103.7427695738987, 1.3307275764181008 ],
						[ 103.74301412929493, 1.3305983428604558 ],
						[ 103.7432260848392, 1.3304762706371953 ],
						[ 103.74343804036342, 1.3303541983940779 ],
						[ 103.74346630504289, 1.330336521837554 ],
						[ 103.74352132493354, 1.3304225170621746 ],
						[ 103.74370612819831, 1.3302925369500467 ],
						[ 103.74378661456223, 1.3304138267888175 ],
						[ 103.74411443087759, 1.3308844152310355 ],
						[ 103.74388666460052, 1.3310248003145426 ],
						[ 103.74374734975129, 1.331104623388977 ],
						[ 103.74373425746789, 1.3311139468976618 ],
						[ 103.74350760724364, 1.3313263735766077 ],
						[ 103.74343757892898, 1.3314344596241054 ],
						[ 103.74336754970949, 1.3315425447646945 ]
					]
				]
			},
			"properties" : {
				"OBJECTID" : 5657,
				"DESCRIPTION" : "SITE AREA:17184.7, FOR ENQUIRIES, PLEASE CALL SLA AT 6323-9829 OR EMAIL at SLA_ENQUIRY@SLA.GOV.SG",
				"INC_CRC" : "78C8CAED2F937051",
				"FMEL_UPD_D" : "20250214152432",
				"NAME" : "BOON LAY WAY / JURONG EAST ST 11 (NEAR JTC SUMMIT)",
				"SHAPE.AREA" : 17184.66668013,
				"SHAPE.LEN" : 692.804725325081
			}
		},
		{
			"type" : "Feature",
			"geometry" : {
				"type" : "Polygon",
				"coordinates" : [
					[
						[ 103.83395512831807, 1.4462074975304513 ],
						[ 103.83395498904001, 1.446225417497052 ],
						[ 103.83395484976194, 1.4462433374636496 ],
						[ 103.83395752310066, 1.4462610494258183 ],
						[ 103.83396019643942, 1.446278761387998 ],
						[ 103.83396561949294, 1.4462958267293498 ],
						[ 103.83397104254655, 1.4463128920706687 ],
						[ 103.83397907603194, 1.4463288812184592 ],
						[ 103.83398710951744, 1.446344870366202 ],
						[ 103.83399755574273, 1.4463593808785882 ],
						[ 103.83400800196814, 1.4463738913909072 ],
						[ 103.83402059135338, 1.446386561522423 ],
						[ 103.83403318073876, 1.4463992316538496 ],
						[ 103.83404759877396, 1.446409735833611 ],
						[ 103.8340620168093, 1.446420240013262 ],
						[ 103.83423851980363, 1.4465284922830588 ],
						[ 103.83441502281467, 1.4466367445389106 ],
						[ 103.83452404098163, 1.446717377550463 ],
						[ 103.83463305915627, 1.4467980105566636 ],
						[ 103.83482348151838, 1.4469053041466888 ],
						[ 103.83501390389839, 1.4470125977205104 ],
						[ 103.83501623307036, 1.4470139235159414 ],
						[ 103.83489225157912, 1.4472154556260735 ],
						[ 103.83479407064502, 1.4473754557147178 ],
						[ 103.83471948950746, 1.4473297175685558 ],
						[ 103.83462474737291, 1.4472668779142794 ],
						[ 103.8344136212173, 1.4470981870672677 ],
						[ 103.83385947251786, 1.4467634732206365 ],
						[ 103.83382848879239, 1.4467475745140217 ],
						[ 103.83379563598062, 1.4467360891021608 ],
						[ 103.83376123757871, 1.4467309704104616 ],
						[ 103.83372647075177, 1.4467301655331113 ],
						[ 103.83369214423976, 1.4467357635500733 ],
						[ 103.83365876125801, 1.4467455939884233 ],
						[ 103.83362753491626, 1.4467609862626818 ],
						[ 103.83359897741613, 1.4467809636601012 ],
						[ 103.83357452651728, 1.446805842707902 ],
						[ 103.83355382277959, 1.4468339684207006 ],
						[ 103.83343003167185, 1.4470278368729352 ],
						[ 103.8333796687416, 1.4471005784632138 ],
						[ 103.83327115919805, 1.4472499485951864 ],
						[ 103.83315249905469, 1.4473883071887492 ],
						[ 103.83313086615351, 1.4474224224981143 ],
						[ 103.83291368172569, 1.4472908628744068 ],
						[ 103.83293889285513, 1.4472511061470528 ],
						[ 103.83302118666694, 1.447089387845845 ],
						[ 103.83316167380131, 1.4468577712771922 ],
						[ 103.83325903710156, 1.446704237459207 ],
						[ 103.83326804107203, 1.446688709534968 ],
						[ 103.83327579598868, 1.4466725033378656 ],
						[ 103.83328224793557, 1.4466557273915888 ],
						[ 103.83328734299668, 1.4466384902197913 ],
						[ 103.83329107218609, 1.4466208913024696 ],
						[ 103.8332933905738, 1.4466030572505675 ],
						[ 103.83329429815988, 1.4465850965877154 ],
						[ 103.83329378595833, 1.4465671178375594 ],
						[ 103.83329185396919, 1.44654923856738 ],
						[ 103.83328852016449, 1.4465315673008174 ],
						[ 103.83328379353026, 1.4465142216051319 ],
						[ 103.8332777100105, 1.446497300960354 ],
						[ 103.83327031453526, 1.4464809319773615 ],
						[ 103.83326165203448, 1.4464651960488881 ],
						[ 103.83325176743823, 1.446450210742204 ],
						[ 103.83324073263442, 1.4464360664936629 ],
						[ 103.8332286195111, 1.4464228446959804 ],
						[ 103.83321549995622, 1.446410626741855 ],
						[ 103.83320145484375, 1.4463995030676922 ],
						[ 103.83318657403362, 1.446389546022537 ],
						[ 103.83285559016028, 1.446186541650081 ],
						[ 103.83284645769373, 1.4461809409237765 ],
						[ 103.8328214946013, 1.4461613786272085 ],
						[ 103.83263192248351, 1.4460112324984025 ],
						[ 103.83245567121307, 1.4459031338443313 ],
						[ 103.83228817230092, 1.445832177397434 ],
						[ 103.83215004862173, 1.445747465581849 ],
						[ 103.831972242837, 1.445606637966796 ],
						[ 103.8318447406231, 1.4455284375573867 ],
						[ 103.83161593936678, 1.4453849329632487 ],
						[ 103.83128559647945, 1.4451823190445245 ],
						[ 103.83127023044082, 1.4451737094880943 ],
						[ 103.83125425335372, 1.4451663389092835 ],
						[ 103.83123774609203, 1.4451602434826745 ],
						[ 103.8312208254736, 1.4451554684265746 ],
						[ 103.83120357237227, 1.4451520408719327 ],
						[ 103.83118611259191, 1.4451499789061544 ],
						[ 103.83116854497835, 1.4451492915729687 ],
						[ 103.83115098634948, 1.4451499969597459 ],
						[ 103.83113352656518, 1.4451520769793136 ],
						[ 103.83111628244333, 1.4451555316317715 ],
						[ 103.83109936181583, 1.4451603247427112 ],
						[ 103.83108286352858, 1.4451664382249279 ],
						[ 103.8310668954135, 1.4451738359040183 ],
						[ 103.83105154733053, 1.4451824635182533 ],
						[ 103.83103691812563, 1.4451922758495703 ],
						[ 103.8310230886728, 1.4452032005489412 ],
						[ 103.83101015781793, 1.4452151923983398 ],
						[ 103.8309981974491, 1.4452281519178158 ],
						[ 103.83098727945432, 1.4452420248456452 ],
						[ 103.83097747572164, 1.4452567026582723 ],
						[ 103.83085892331536, 1.4454501640137947 ],
						[ 103.83070289027593, 1.4456720675575951 ],
						[ 103.83058636872369, 1.4458122528351487 ],
						[ 103.83055560870484, 1.4458624540261737 ],
						[ 103.83032541915482, 1.4457230153191503 ],
						[ 103.83035855597743, 1.4456688295079136 ],
						[ 103.83038234915507, 1.445620137693397 ],
						[ 103.83043817209021, 1.4455058904042957 ],
						[ 103.83057519079905, 1.4452714614181164 ],
						[ 103.83067231608224, 1.4451129871705346 ],
						[ 103.8306723673025, 1.4451128985429516 ],
						[ 103.83067312033003, 1.4451116695135693 ],
						[ 103.83068311277435, 1.4450931481567355 ],
						[ 103.83068617520877, 1.4450858363798162 ],
						[ 103.83068769564203, 1.4450828565031972 ],
						[ 103.8306886454647, 1.4450799381226536 ],
						[ 103.83069124511925, 1.4450737314776192 ],
						[ 103.83069744547669, 1.4450536093925306 ],
						[ 103.83069782648488, 1.4450517328383004 ],
						[ 103.83069809247117, 1.4450509143894539 ],
						[ 103.83069833150047, 1.4450492413168983 ],
						[ 103.83070163297249, 1.4450329627741274 ],
						[ 103.83070378064856, 1.4450119996260409 ],
						[ 103.8307038705327, 1.444990927951907 ],
						[ 103.83070190262475, 1.4449699467117403 ],
						[ 103.83069842596537, 1.4449520538718577 ],
						[ 103.83069826332023, 1.4449509369824902 ],
						[ 103.83069812673365, 1.4449505119313888 ],
						[ 103.83069788591051, 1.4449492729528355 ],
						[ 103.83069186531978, 1.444929087547988 ],
						[ 103.83068892780761, 1.4449219059923972 ],
						[ 103.83068798338334, 1.444918967713612 ],
						[ 103.8306867882492, 1.444916672437144 ],
						[ 103.8306838947683, 1.4449095985008635 ],
						[ 103.83067406411581, 1.4448909957279563 ],
						[ 103.83066245423606, 1.4448734601020745 ],
						[ 103.83064918194674, 1.4448571634524279 ],
						[ 103.83063438203753, 1.4448422595209698 ],
						[ 103.83061819828414, 1.4448288930060431 ],
						[ 103.8306037290536, 1.4448191692700603 ],
						[ 103.83060260760301, 1.444818311931922 ],
						[ 103.83060078434684, 1.4448171896143476 ],
						[ 103.83024820941398, 1.444599943815714 ],
						[ 103.83003499009281, 1.4444310355052683 ],
						[ 103.82979902722913, 1.444286291737256 ],
						[ 103.82977026310292, 1.4442715234327481 ],
						[ 103.8297177040737, 1.4442605986356674 ],
						[ 103.8296640666995, 1.4442664588259715 ],
						[ 103.82961244216483, 1.4442855950775415 ],
						[ 103.82957621960789, 1.4443082855029556 ],
						[ 103.82954533471874, 1.444336266464425 ],
						[ 103.82952048840697, 1.4443680728941426 ],
						[ 103.8294652064511, 1.444458310210604 ],
						[ 103.8293062169218, 1.44469839136501 ],
						[ 103.82913095109484, 1.4449050562386512 ],
						[ 103.82908234125613, 1.4449700156878538 ],
						[ 103.82906073446476, 1.4449569267912366 ],
						[ 103.8307715202597, 1.4421455736986801 ],
						[ 103.83240631495356, 1.4431529176726998 ],
						[ 103.83485854339011, 1.4446641389525559 ],
						[ 103.83482449551417, 1.4447258057275683 ],
						[ 103.83477303729417, 1.4448103095054439 ],
						[ 103.83472157907039, 1.4448948132820707 ],
						[ 103.8346985120492, 1.444924114680103 ],
						[ 103.83467610999071, 1.4449533527720446 ],
						[ 103.83451506768559, 1.4452149717153955 ],
						[ 103.8343540253436, 1.4454765906466995 ],
						[ 103.83426825410417, 1.4456372735038288 ],
						[ 103.83418248285271, 1.4457979563574777 ],
						[ 103.83408572171504, 1.4459522227509258 ],
						[ 103.83398896056433, 1.4461064891400204 ],
						[ 103.8339806799738, 1.4461223471597686 ],
						[ 103.83397239938316, 1.446138205179484 ],
						[ 103.83396671125251, 1.4461551846094352 ],
						[ 103.8339610231218, 1.4461721640393526 ],
						[ 103.83395807571995, 1.4461898307848968 ],
						[ 103.83395512831807, 1.4462074975304513 ]
					],
					[
						[ 103.83182826178444, 1.4432892149217431 ],
						[ 103.83184103987091, 1.4432641369243813 ],
						[ 103.83184980122316, 1.4432373677641526 ],
						[ 103.83185432119129, 1.4432095495392148 ],
						[ 103.83185449194318, 1.443181369565924 ],
						[ 103.8318503044926, 1.4431534970734354 ],
						[ 103.83184187565705, 1.443126619378237 ],
						[ 103.83182939414188, 1.4431013876222574 ],
						[ 103.83181316547027, 1.4430784167729962 ],
						[ 103.83179359401113, 1.4430582584924907 ],
						[ 103.83177114703534, 1.4430414011373975 ],
						[ 103.83083186078942, 1.4424448458093884 ],
						[ 103.83077739676898, 1.4424339391220058 ],
						[ 103.83074544262188, 1.4424319766163896 ],
						[ 103.83071287742557, 1.4424322207571032 ],
						[ 103.83068103110017, 1.4424390215351695 ],
						[ 103.83065117965508, 1.4424521166866424 ],
						[ 103.83062454518416, 1.4424709635948585 ],
						[ 103.83060219702001, 1.4424948025956712 ],
						[ 103.83051450261883, 1.442663710500114 ],
						[ 103.83043762719281, 1.4429395051625937 ],
						[ 103.8301018831231, 1.4434909495264665 ],
						[ 103.82991464187197, 1.4436740919462674 ],
						[ 103.82990514362781, 1.4437120390331768 ],
						[ 103.82990269039237, 1.4437528710509944 ],
						[ 103.82990779437192, 1.4437934408147792 ],
						[ 103.82992795885399, 1.4438417067364733 ],
						[ 103.82995819663306, 1.4438867350509346 ],
						[ 103.82999751027133, 1.4439241938541711 ],
						[ 103.83032548056379, 1.4441253881088818 ],
						[ 103.83053891554164, 1.4442943868289977 ],
						[ 103.83079753211632, 1.444452994440941 ],
						[ 103.83082888421505, 1.4444689836262503 ],
						[ 103.83086232106926, 1.4444798541148183 ],
						[ 103.830897042926, 1.4444853436402414 ],
						[ 103.8309321961162, 1.444485316546974 ],
						[ 103.83096690001261, 1.444479772834091 ],
						[ 103.83100032790388, 1.4444688481553016 ],
						[ 103.83103165307851, 1.4444528047753025 ],
						[ 103.83106011172687, 1.4444320406134386 ],
						[ 103.83108500294121, 1.4444070711564305 ],
						[ 103.83110571567367, 1.4443784932838342 ],
						[ 103.83122353115147, 1.444185990538247 ],
						[ 103.83138326626364, 1.4439663569114216 ],
						[ 103.83149969781306, 1.4438261082846842 ],
						[ 103.83182826178444, 1.4432892149217431 ]
					],
					[
						[ 103.83203292547758, 1.4452110512335128 ],
						[ 103.83212365701104, 1.4452666153896845 ],
						[ 103.83229112891865, 1.4453375628054626 ],
						[ 103.83240855694311, 1.4454093114550506 ],
						[ 103.83242939635427, 1.4454220937400104 ],
						[ 103.83260720215286, 1.4455629213193004 ],
						[ 103.83338619794439, 1.446040687732325 ],
						[ 103.83339496917465, 1.4460451688542069 ],
						[ 103.83341698396531, 1.446057156194261 ],
						[ 103.83344369753308, 1.4460652068387159 ],
						[ 103.833450501729, 1.4460674297643288 ],
						[ 103.83348477431633, 1.4460730096862828 ],
						[ 103.83351986462897, 1.446073091076383 ],
						[ 103.83353887809669, 1.446070147370906 ],
						[ 103.83353895807205, 1.446070137422898 ],
						[ 103.83355425403349, 1.4460682708147923 ],
						[ 103.83358744829978, 1.4460575450578848 ],
						[ 103.83361850389821, 1.4460416011222494 ],
						[ 103.83361863509373, 1.446041507972779 ],
						[ 103.83361882739402, 1.4460414112058355 ],
						[ 103.83362573672528, 1.4460364580050078 ],
						[ 103.83364698051494, 1.4460213524153633 ],
						[ 103.83367208738234, 1.4459970069410906 ],
						[ 103.83369306069073, 1.445968320521459 ],
						[ 103.83390894015129, 1.445624164872298 ],
						[ 103.83402875935052, 1.4454863940728617 ],
						[ 103.83413860408118, 1.4453422836809402 ],
						[ 103.83434903790582, 1.4450004250735826 ],
						[ 103.83436457467049, 1.44496860050785 ],
						[ 103.83437108500993, 1.4449439719681716 ],
						[ 103.83437373137996, 1.4449343612938736 ],
						[ 103.8343738212385, 1.4449313660412504 ],
						[ 103.83437587901568, 1.444898946410293 ],
						[ 103.83437160256793, 1.4448666588193417 ],
						[ 103.83437130513026, 1.4448636490970668 ],
						[ 103.83436260757323, 1.4448268975688792 ],
						[ 103.83432888218884, 1.4446824598481247 ],
						[ 103.83432279597001, 1.444664538979616 ],
						[ 103.83431773954649, 1.444648446734077 ],
						[ 103.83430237888437, 1.444622696792946 ],
						[ 103.83429958783388, 1.4446178702050436 ],
						[ 103.83429252663971, 1.4446098421714368 ],
						[ 103.83427623323526, 1.4445910648746974 ],
						[ 103.83425873031915, 1.4445779136249381 ],
						[ 103.83424783749915, 1.444569604335649 ],
						[ 103.83397215447826, 1.4443995759144108 ],
						[ 103.83289621901251, 1.4437354917425185 ],
						[ 103.83289599705857, 1.4437358552966935 ],
						[ 103.83289587754497, 1.4437357811388372 ],
						[ 103.83281929265073, 1.4438614505997267 ],
						[ 103.83251155117495, 1.4443653474976803 ],
						[ 103.83175308461662, 1.443898367136614 ],
						[ 103.83175283300871, 1.4438987777175725 ],
						[ 103.8317523567516, 1.4438984847033893 ],
						[ 103.83171474136655, 1.4439599361908717 ],
						[ 103.83163551179588, 1.444123182825913 ],
						[ 103.8314984573212, 1.4443569245626433 ],
						[ 103.83139951246181, 1.444518633754395 ],
						[ 103.8313837060793, 1.444550422125036 ],
						[ 103.83137222195582, 1.4445840282703728 ],
						[ 103.83136662365406, 1.4446191175772578 ],
						[ 103.83136641694574, 1.4446546590706628 ],
						[ 103.83137212301928, 1.4446897393437188 ],
						[ 103.8313827354447, 1.444723634904533 ],
						[ 103.83139905397633, 1.44475515199364 ],
						[ 103.83141979361802, 1.4447839198207177 ],
						[ 103.8314448195808, 1.4448089978472802 ],
						[ 103.83147441043069, 1.4448300152843052 ],
						[ 103.83181971495365, 1.4450417931034534 ],
						[ 103.83182462489684, 1.445045688201206 ],
						[ 103.83203292547758, 1.4452110512335128 ]
					]
				]
			},
			"properties" : {
				"OBJECTID" : 5658,
				"DESCRIPTION" : "SITE AREA:76044.4, FOR ENQUIRIES, PLEASE CALL  HDB AT 6490-1111 OR EMAIL at HDBMAILBOX@HDB.GOV.SG",
				"INC_CRC" : "B40A1D2D99F8EBB3",
				"FMEL_UPD_D" : "20250214152432",
				"NAME" : "STATE LAND AT YISHUN AVENUE 2/INDUSTRIAL PARK A",
				"SHAPE.AREA" : 76044.38294742,
				"SHAPE.LEN" : 4034.25194398365
			}
		},
		{
			"type" : "Feature",
			"geometry" : {
				"type" : "Polygon",
				"coordinates" : [
					[
						[ 103.95039775671924, 1.372518060197682 ],
						[ 103.95058284386809, 1.3727355068126919 ],
						[ 103.95058083559047, 1.3727360269201472 ],
						[ 103.95057882731287, 1.372736547027584 ],
						[ 103.95057681903523, 1.3727370671350365 ],
						[ 103.95057481075762, 1.37273758724247 ],
						[ 103.95057239275201, 1.3727385125244569 ],
						[ 103.9505699747464, 1.3727394378064581 ],
						[ 103.95056755584226, 1.3727403639928453 ],
						[ 103.95056513693812, 1.372741290179247 ],
						[ 103.95056349888652, 1.3727421258908745 ],
						[ 103.95056186083492, 1.3727429616025006 ],
						[ 103.95056022368188, 1.3727437973140815 ],
						[ 103.95055858652886, 1.372744633025678 ],
						[ 103.95055665646183, 1.372745873001686 ],
						[ 103.9505547263948, 1.3727471129776923 ],
						[ 103.95055279722631, 1.3727483520492922 ],
						[ 103.95055086805779, 1.3727495911208907 ],
						[ 103.95054854535047, 1.3727515419450655 ],
						[ 103.95054622264315, 1.3727534927692553 ],
						[ 103.95054390083436, 1.3727554426890376 ],
						[ 103.95054157902557, 1.3727573926088015 ],
						[ 103.95046854494737, 1.3728283506723864 ],
						[ 103.95039551086487, 1.3728993087340393 ],
						[ 103.95032247587942, 1.3729702658894607 ],
						[ 103.95024944088966, 1.3730412230429831 ],
						[ 103.95024446031825, 1.373045346276107 ],
						[ 103.9502394797468, 1.3730494695092388 ],
						[ 103.95023449917531, 1.3730535918380007 ],
						[ 103.95022951860378, 1.373057714166753 ],
						[ 103.95022441668914, 1.3730610913068595 ],
						[ 103.95021931477449, 1.3730644684469728 ],
						[ 103.95021421375839, 1.3730678455870156 ],
						[ 103.95020911274227, 1.3730712227270652 ],
						[ 103.95020399282276, 1.3730739116482606 ],
						[ 103.95019645581237, 1.373077869508751 ],
						[ 103.95010930903724, 1.372987509905479 ],
						[ 103.9500362839966, 1.3729117134565467 ],
						[ 103.95039775671924, 1.372518060197682 ]
					]
				]
			},
			"properties" : {
				"OBJECTID" : 5659,
				"DESCRIPTION" : "SITE AREA:1656, FOR ENQUIRIES, PLEASE CALL  HDB AT 6490-1111 OR EMAIL at HDBMAILBOX@HDB.GOV.SG",
				"INC_CRC" : "5EF80354ED51559D",
				"FMEL_UPD_D" : "20250214152432",
				"NAME" : "PASIR RIS CENTRAL STREET 3",
				"SHAPE.AREA" : 1656.023061745,
				"SHAPE.LEN" : 174.153372592454
			}
		},
		{
			"type" : "Feature",
			"geometry" : {
				"type" : "Polygon",
				"coordinates" : [
					[
						[ 103.85597503363009, 1.3204290412583528 ],
						[ 103.85607573094468, 1.3203479206389979 ],
						[ 103.85617642915126, 1.320266800919954 ],
						[ 103.85627712645274, 1.3201856802924963 ],
						[ 103.85637992904343, 1.320103276348024 ],
						[ 103.85648273162731, 1.3200208714949768 ],
						[ 103.8565855342044, 1.3199384675420813 ],
						[ 103.85668833677468, 1.3198560626806126 ],
						[ 103.85706123132118, 1.3203252706033537 ],
						[ 103.85739416690176, 1.3207441961848787 ],
						[ 103.85736316260176, 1.3207700160952718 ],
						[ 103.85733215830112, 1.3207958360052818 ],
						[ 103.85718491077982, 1.3206124232524932 ],
						[ 103.8570376632802, 1.3204290104902432 ],
						[ 103.85667213052315, 1.3207267579206914 ],
						[ 103.85630638921258, 1.3210242819217635 ],
						[ 103.85624928294467, 1.3209625975532717 ],
						[ 103.85619217757814, 1.3209009140877173 ],
						[ 103.85613507131588, 1.3208392297164242 ],
						[ 103.85604889488694, 1.3207550793863345 ],
						[ 103.8559627184638, 1.3206709290530962 ],
						[ 103.85591680642125, 1.3206141670302889 ],
						[ 103.85587089438079, 1.320557405006566 ],
						[ 103.85586916011005, 1.3205502017584883 ],
						[ 103.85586742583929, 1.3205429985103916 ],
						[ 103.85586731794658, 1.3205356188963768 ],
						[ 103.85586721005386, 1.3205282392823616 ],
						[ 103.85587077273215, 1.320519200125838 ],
						[ 103.8558743354104, 1.3205101609693255 ],
						[ 103.85597503363009, 1.3204290412583528 ]
					]
				]
			},
			"properties" : {
				"OBJECTID" : 5660,
				"DESCRIPTION" : "SITE AREA:9149.1, FOR ENQUIRIES, PLEASE CALL SLA AT 6323-9829 OR EMAIL at SLA_ENQUIRY@SLA.GOV.SG",
				"INC_CRC" : "C24510F65455FB08",
				"FMEL_UPD_D" : "20250214152432",
				"NAME" : "Jln Kebun Limau",
				"SHAPE.AREA" : 9149.135456825,
				"SHAPE.LEN" : 483.754795802465
			}
		},
		{
			"type" : "Feature",
			"geometry" : {
				"type" : "Polygon",
				"coordinates" : [
					[
						[ 103.87196320755706, 1.370410932369295 ],
						[ 103.87224069961043, 1.3704136545075187 ],
						[ 103.8722876081667, 1.3706106513661083 ],
						[ 103.87233451673104, 1.3708076482232276 ],
						[ 103.87224620964174, 1.3708032092413043 ],
						[ 103.87215790255266, 1.3707987702560775 ],
						[ 103.87211583180543, 1.3708189292172426 ],
						[ 103.87207376105748, 1.3708390881776635 ],
						[ 103.87200657962455, 1.3708511127907823 ],
						[ 103.87193939819092, 1.3708631374020053 ],
						[ 103.87192665198639, 1.3708642997166112 ],
						[ 103.87191390578182, 1.3708654620311325 ],
						[ 103.87189791123622, 1.3708660908234254 ],
						[ 103.87188191669058, 1.3708667196156283 ],
						[ 103.87186783607252, 1.3708656165195066 ],
						[ 103.87185375545447, 1.3708645134233184 ],
						[ 103.87183911769516, 1.3708616875224962 ],
						[ 103.8718244799359, 1.3708588616215829 ],
						[ 103.87181182798125, 1.370853761212828 ],
						[ 103.87179917602664, 1.3708486608039872 ],
						[ 103.87178519413057, 1.370839979134851 ],
						[ 103.87177121223459, 1.3708312974656125 ],
						[ 103.87176040228519, 1.3708221454757574 ],
						[ 103.87174959233586, 1.3708129934858502 ],
						[ 103.87173931251269, 1.370801924235501 ],
						[ 103.8717290326896, 1.3707908549851033 ],
						[ 103.87172071621531, 1.370778035758492 ],
						[ 103.87171239974111, 1.3707652165318476 ],
						[ 103.87171215711828, 1.3707646648736844 ],
						[ 103.87171091255897, 1.3707622050234696 ],
						[ 103.87170966799967, 1.3707597451732536 ],
						[ 103.87170629822977, 1.3707515471672365 ],
						[ 103.87170291947417, 1.3707433491613579 ],
						[ 103.87168898459628, 1.3706965168922736 ],
						[ 103.87169190485116, 1.3704078980933752 ],
						[ 103.87196320755706, 1.370410932369295 ]
					]
				]
			},
			"properties" : {
				"OBJECTID" : 5661,
				"DESCRIPTION" : "SITE AREA:3071, FOR ENQUIRIES, PLEASE CALL  HDB AT 6490-1111 OR EMAIL at HDBMAILBOX@HDB.GOV.SG",
				"INC_CRC" : "97758DC7D989BE9E",
				"FMEL_UPD_D" : "20250214152432",
				"NAME" : "SERANGOON NORTH AVE 1 (INFRONT BLK 153)",
				"SHAPE.AREA" : 3071.0015513,
				"SHAPE.LEN" : 220.519034050705
			}
		},
		{
			"type" : "Feature",
			"geometry" : {
				"type" : "Polygon",
				"coordinates" : [
					[
						[ 103.8722937318646, 1.3653145142754497 ],
						[ 103.871946604357, 1.3652192677602406 ],
						[ 103.87164305313972, 1.3651359779979177 ],
						[ 103.87179694859616, 1.365044269386655 ],
						[ 103.87195084404075, 1.3649525607657442 ],
						[ 103.87211218721438, 1.3648862456543864 ],
						[ 103.87227353037892, 1.364819929627992 ],
						[ 103.8722888644428, 1.3648196806779869 ],
						[ 103.87230419850667, 1.3648194317278834 ],
						[ 103.87231334872781, 1.3648256581255853 ],
						[ 103.87232249984757, 1.3648318845232532 ],
						[ 103.87232942524179, 1.3648398536668518 ],
						[ 103.8723363497375, 1.364847823714806 ],
						[ 103.872334124377, 1.3648722316341904 ],
						[ 103.87233189901652, 1.3648966404579477 ],
						[ 103.87234122887486, 1.364898099045003 ],
						[ 103.87231880737002, 1.3650946946036047 ],
						[ 103.8722937318646, 1.3653145142754497 ]
					]
				]
			},
			"properties" : {
				"OBJECTID" : 5662,
				"DESCRIPTION" : "SITE AREA:2289.1, FOR ENQUIRIES, PLEASE CALL  HDB AT 6490-1111 OR EMAIL at HDBMAILBOX@HDB.GOV.SG",
				"INC_CRC" : "C2AF3F299408EB7E",
				"FMEL_UPD_D" : "20250214152432",
				"NAME" : "SERANGGON NORTH AVE 1 (OPP BLK 127)",
				"SHAPE.AREA" : 2289.121631665,
				"SHAPE.LEN" : 214.685632043945
			}
		},
		{
			"type" : "Feature",
			"geometry" : {
				"type" : "Polygon",
				"coordinates" : [
					[
						[ 103.90427679425026, 1.3181786448957908 ],
						[ 103.90453523229853, 1.3182266275472738 ],
						[ 103.90479367035549, 1.3182746174061395 ],
						[ 103.90480712726057, 1.3184709698078347 ],
						[ 103.90482058416877, 1.31866732944393 ],
						[ 103.90482067031816, 1.3186949170640436 ],
						[ 103.90482075646757, 1.3187225046841342 ],
						[ 103.90481724840673, 1.3187498708389105 ],
						[ 103.90481374034583, 1.3187772369936968 ],
						[ 103.9048067099449, 1.3188039023681872 ],
						[ 103.90479967954388, 1.3188305677426606 ],
						[ 103.90477878070254, 1.3188816016046307 ],
						[ 103.90475143017231, 1.3189294251607206 ],
						[ 103.90471809517653, 1.318973233513309 ],
						[ 103.90420076206796, 1.318926796640617 ],
						[ 103.904045195165, 1.31889996318807 ],
						[ 103.90411456185477, 1.3185304787807806 ],
						[ 103.90418392852693, 1.3181609943715575 ],
						[ 103.90427679425026, 1.3181786448957908 ]
					]
				]
			},
			"properties" : {
				"OBJECTID" : 5663,
				"DESCRIPTION" : "SITE AREA:6217, FOR ENQUIRIES, PLEASE CALL  HDB AT 6490-1111 OR EMAIL at HDBMAILBOX@HDB.GOV.SG",
				"INC_CRC" : "93CA90046EA6365A",
				"FMEL_UPD_D" : "20250214152432",
				"NAME" : "JLN EUNOS (NEXT TO DARUL AMAN)",
				"SHAPE.AREA" : 6216.9556827,
				"SHAPE.LEN" : 307.675507175109
			}
		},
		{
			"type" : "Feature",
			"geometry" : {
				"type" : "Polygon",
				"coordinates" : [
					[
						[ 103.90373525690015, 1.4071701392225546 ],
						[ 103.9033021536669, 1.4063178920934225 ],
						[ 103.90327633592888, 1.4062696812629414 ],
						[ 103.90327439502082, 1.4062707620356414 ],
						[ 103.90327245411274, 1.4062718428083398 ],
						[ 103.90305772600854, 1.4058812321386547 ],
						[ 103.90268132520659, 1.4051964757706863 ],
						[ 103.90273076716251, 1.4051700813532384 ],
						[ 103.90293055787885, 1.4051014152027623 ],
						[ 103.90307065388227, 1.405031524512737 ],
						[ 103.90311567090221, 1.404994841278607 ],
						[ 103.90319821002218, 1.4049572624995776 ],
						[ 103.90339257134163, 1.4048843830453719 ],
						[ 103.90357453129309, 1.404780981688041 ],
						[ 103.90362823869626, 1.4047510365928735 ],
						[ 103.90365143979793, 1.4047407442356998 ],
						[ 103.90367555749988, 1.4047319892682069 ],
						[ 103.90370047502287, 1.404725992584402 ],
						[ 103.90371370302692, 1.4047248553988425 ],
						[ 103.90372593180938, 1.4047238032536404 ],
						[ 103.90375157738133, 1.4047243903122926 ],
						[ 103.9037772500126, 1.4047283777759705 ],
						[ 103.9038018534119, 1.4047350874054425 ],
						[ 103.90382626816559, 1.4047436871597243 ],
						[ 103.90384888585866, 1.4047557868544167 ],
						[ 103.90386966154985, 1.4047709795274004 ],
						[ 103.90388881985236, 1.4047881799359088 ],
						[ 103.90390611814641, 1.4048073066946747 ],
						[ 103.90391942591822, 1.404829234387821 ],
						[ 103.90392116296469, 1.40483209212315 ],
						[ 103.90406103251586, 1.405062296264578 ],
						[ 103.90411229911894, 1.4051435246159005 ],
						[ 103.90416433775383, 1.4051997472964537 ],
						[ 103.90419171541984, 1.4052473937468601 ],
						[ 103.90408958774582, 1.4053032087400044 ],
						[ 103.90414396389508, 1.4053991148120126 ],
						[ 103.90402668284018, 1.4054659870109276 ],
						[ 103.90407099434157, 1.405544674313388 ],
						[ 103.90418825742697, 1.405477793069074 ],
						[ 103.90437701470188, 1.4058050402076798 ],
						[ 103.90447695790714, 1.405748343514123 ],
						[ 103.90451544182375, 1.4058173624374062 ],
						[ 103.90455188140182, 1.4058842706386618 ],
						[ 103.90458832098201, 1.4059511788392003 ],
						[ 103.90462436070231, 1.4060183357512328 ],
						[ 103.90466040042475, 1.4060854926625441 ],
						[ 103.9046967771704, 1.4061543723748973 ],
						[ 103.90473315391824, 1.4062232520865128 ],
						[ 103.90473321143074, 1.4062233551821521 ],
						[ 103.90473325636243, 1.4062234383822032 ],
						[ 103.9047796626371, 1.4063066239072601 ],
						[ 103.90482617135933, 1.4063899957268284 ],
						[ 103.90484740529477, 1.4064329297198341 ],
						[ 103.90484745831436, 1.4064330337199873 ],
						[ 103.90490766887898, 1.4065536449868614 ],
						[ 103.90495393973663, 1.406733638984861 ],
						[ 103.90489285303353, 1.4066126298269215 ],
						[ 103.90373525690015, 1.4071701392225546 ]
					]
				]
			},
			"properties" : {
				"OBJECTID" : 5664,
				"DESCRIPTION" : "SITE AREA:34504.1, FOR ENQUIRIES, PLEASE CALL  HDB AT 6490-1111 OR EMAIL at HDBMAILBOX@HDB.GOV.SG",
				"INC_CRC" : "726B74CF02610A79",
				"FMEL_UPD_D" : "20250214152432",
				"NAME" : "PUNGGOL CENTRAL/PUNGGOL PLACE",
				"SHAPE.AREA" : 34504.09094758,
				"SHAPE.LEN" : 856.914159779588
			}
		},
		{
			"type" : "Feature",
			"geometry" : {
				"type" : "Polygon",
				"coordinates" : [
					[
						[ 103.89227537895661, 1.369122145824902 ],
						[ 103.8923145396833, 1.3691656266678194 ],
						[ 103.89235071707746, 1.3692057252632734 ],
						[ 103.8923931936166, 1.3692527873032851 ],
						[ 103.89243567914373, 1.3692998764731448 ],
						[ 103.89247815568619, 1.3693469385114598 ],
						[ 103.89256220119624, 1.3694400678079321 ],
						[ 103.89280736472358, 1.3697137764468854 ],
						[ 103.89280736601675, 1.3697662295471429 ],
						[ 103.8928073858506, 1.3702061663589042 ],
						[ 103.89280739650914, 1.3702739936432025 ],
						[ 103.89202604491955, 1.3702737959879505 ],
						[ 103.89201666958539, 1.3701403030774686 ],
						[ 103.89198749407736, 1.3698143891667034 ],
						[ 103.89197135277696, 1.369691576958599 ],
						[ 103.89189040365144, 1.3690759332827658 ],
						[ 103.89147379094737, 1.3690805557405377 ],
						[ 103.89047215988099, 1.370029230505282 ],
						[ 103.89029233351243, 1.3698368766257305 ],
						[ 103.89011359408904, 1.3696295193090293 ],
						[ 103.88988824507818, 1.3693878424762875 ],
						[ 103.88986843072723, 1.3693499501013933 ],
						[ 103.88986653375098, 1.3693075173946487 ],
						[ 103.89012944432288, 1.36884305700065 ],
						[ 103.89021972007687, 1.3686933102816092 ],
						[ 103.8903191433923, 1.3685493060511837 ],
						[ 103.89042632148671, 1.3684110895598478 ],
						[ 103.8905408679823, 1.3682789863868416 ],
						[ 103.8906621808452, 1.3681533311602592 ],
						[ 103.89079158100944, 1.3680356974403232 ],
						[ 103.8909269657994, 1.3679250904763331 ],
						[ 103.89106835319818, 1.3678219895796375 ],
						[ 103.89167573105411, 1.3674094401925234 ],
						[ 103.89183598880872, 1.3673257916570485 ],
						[ 103.89202729997889, 1.367196227795866 ],
						[ 103.89207265016897, 1.3671722519947134 ],
						[ 103.89212183748725, 1.3671581427075667 ],
						[ 103.89217294804176, 1.367156332720076 ],
						[ 103.89222312437848, 1.367166586967994 ],
						[ 103.89229672738719, 1.3672170305644378 ],
						[ 103.89230127064303, 1.367220777231487 ],
						[ 103.892297390603, 1.3672199796784925 ],
						[ 103.89229351146155, 1.3672191821254522 ],
						[ 103.89228825392873, 1.3672189317465937 ],
						[ 103.89228299639593, 1.3672186813677234 ],
						[ 103.89227776404296, 1.3672192476287481 ],
						[ 103.89227253169, 1.3672198138897618 ],
						[ 103.89219771089405, 1.3672338469416558 ],
						[ 103.89212289009716, 1.36724787999124 ],
						[ 103.89212117563586, 1.367248218265555 ],
						[ 103.8921194611746, 1.3672485565398684 ],
						[ 103.89211937041956, 1.3672485746293839 ],
						[ 103.89211927966456, 1.3672485927188995 ],
						[ 103.89211751578307, 1.3672489762126117 ],
						[ 103.89211571595905, 1.3672493678465019 ],
						[ 103.89211568001647, 1.3672493759866648 ],
						[ 103.89211393320858, 1.3672497911326844 ],
						[ 103.89211218640068, 1.3672502062787193 ],
						[ 103.89211209834146, 1.367250227985634 ],
						[ 103.89211036052005, 1.3672506756885392 ],
						[ 103.89210862269863, 1.3672511233914435 ],
						[ 103.89210857777047, 1.3672511351492767 ],
						[ 103.8921085328423, 1.3672511469071105 ],
						[ 103.89210679412322, 1.3672516316889562 ],
						[ 103.89210505540414, 1.3672521164708014 ],
						[ 103.89210476067561, 1.3672522014882686 ],
						[ 103.89210311810356, 1.367252693502642 ],
						[ 103.89210141263219, 1.3672532054145847 ],
						[ 103.89209974759692, 1.3672537381258798 ],
						[ 103.89209808256165, 1.3672542708371904 ],
						[ 103.89209623691634, 1.36725489941552 ],
						[ 103.8920945242582, 1.3672554845810985 ],
						[ 103.89209277296277, 1.367256118583275 ],
						[ 103.89209108276954, 1.3672567326879252 ],
						[ 103.8920893251851, 1.3672574064822625 ],
						[ 103.89208765026828, 1.367258051334919 ],
						[ 103.89208589358338, 1.3672587649212402 ],
						[ 103.89208422495739, 1.367259444139574 ],
						[ 103.89208234517075, 1.3672602490696673 ],
						[ 103.89208079785124, 1.3672609147195434 ],
						[ 103.89207908519765, 1.367261687992788 ],
						[ 103.89207749115388, 1.3672624088100138 ],
						[ 103.89207586925565, 1.3672631775591932 ],
						[ 103.89207433182196, 1.3672639083230251 ],
						[ 103.89207246731395, 1.367264835341846 ],
						[ 103.8920708561994, 1.3672656393609703 ],
						[ 103.89206919027374, 1.3672665093999745 ],
						[ 103.89206759982696, 1.3672673414538525 ],
						[ 103.89206593659797, 1.3672682512848129 ],
						[ 103.89206435783336, 1.3672691158954946 ],
						[ 103.89206270538808, 1.3672700619007465 ],
						[ 103.89206112842159, 1.36727096630339 ],
						[ 103.89205945171629, 1.3672719683797834 ],
						[ 103.89205794034535, 1.3672728736851725 ],
						[ 103.89205646581611, 1.3672737952682088 ],
						[ 103.89205499128687, 1.3672747159468819 ],
						[ 103.89205479360473, 1.3672748407539461 ],
						[ 103.89205328133716, 1.36727582654775 ],
						[ 103.89205170437364, 1.3672768539438613 ],
						[ 103.89205021726659, 1.3672778641548595 ],
						[ 103.89204873015954, 1.3672788743658573 ],
						[ 103.8920486924203, 1.3672789014977056 ],
						[ 103.89204865468108, 1.3672789286295535 ],
						[ 103.89204718554609, 1.367279967779735 ],
						[ 103.89204571641113, 1.3672810069299324 ],
						[ 103.89204567957044, 1.3672810331573961 ],
						[ 103.89204564272976, 1.3672810593848597 ],
						[ 103.89204418347992, 1.3672821347093551 ],
						[ 103.89204272423008, 1.36728321003385 ],
						[ 103.89203974463092, 1.3672854927214875 ],
						[ 103.8920366329458, 1.3672879264411104 ],
						[ 103.89203319598487, 1.3672906133906126 ],
						[ 103.89202436950978, 1.3672975166168686 ],
						[ 103.89201554213608, 1.367304419843116 ],
						[ 103.89199133155392, 1.367323354199643 ],
						[ 103.8919671200728, 1.3673422885559434 ],
						[ 103.89180860742007, 1.3674662535969115 ],
						[ 103.89164243189857, 1.3675962111300102 ],
						[ 103.89158780218617, 1.367657987749606 ],
						[ 103.89152092351043, 1.3677336140946519 ],
						[ 103.89145512432916, 1.3677850721925322 ],
						[ 103.89138932514507, 1.3678365311930578 ],
						[ 103.89138323655489, 1.3678412928168602 ],
						[ 103.89118545159239, 1.367953596098249 ],
						[ 103.8910817721233, 1.3680346784469224 ],
						[ 103.89097809174861, 1.3681157607913685 ],
						[ 103.89119518536512, 1.3683483226413138 ],
						[ 103.89141061123574, 1.3685790983913229 ],
						[ 103.89191023038443, 1.3681045167272539 ],
						[ 103.89240984933626, 1.3676299340607627 ],
						[ 103.89245776193366, 1.367519624905373 ],
						[ 103.89250567452687, 1.367409315749094 ],
						[ 103.89244493159117, 1.3673492304182977 ],
						[ 103.89238418955705, 1.3672891450857871 ],
						[ 103.89244813121508, 1.3673418661044252 ],
						[ 103.89251207377447, 1.3673945880255272 ],
						[ 103.892587276571, 1.3674581719789598 ],
						[ 103.89257426602695, 1.3674881519626896 ],
						[ 103.89244598455399, 1.3677834299321958 ],
						[ 103.89237403140021, 1.3679577840152324 ],
						[ 103.89269568051306, 1.3682130417595668 ],
						[ 103.89270986021282, 1.3682242916922922 ],
						[ 103.892453729733, 1.368497705325637 ],
						[ 103.89207288082417, 1.368897461635826 ],
						[ 103.89213934082187, 1.3689711204294297 ],
						[ 103.89227537895661, 1.369122145824902 ]
					]
				]
			},
			"properties" : {
				"OBJECTID" : 5665,
				"DESCRIPTION" : "SITE AREA:47385.7, FOR ENQUIRIES, PLEASE CALL  HDB AT 6490-1111 OR EMAIL at HDBMAILBOX@HDB.GOV.SG",
				"INC_CRC" : "97410C748A6B7663",
				"FMEL_UPD_D" : "20250214152432",
				"NAME" : "HOUGANG AVE 4 (INFRONT BLK 837)",
				"SHAPE.AREA" : 47385.731823765,
				"SHAPE.LEN" : 1773.26839469893
			}
		},
		{
			"type" : "Feature",
			"geometry" : {
				"type" : "Polygon",
				"coordinates" : [
					[
						[ 103.81373039885705, 1.2921824222395824 ],
						[ 103.81394711400611, 1.292149826083717 ],
						[ 103.81400711110258, 1.292554480054313 ],
						[ 103.81402761029808, 1.2926932414249173 ],
						[ 103.81386478523052, 1.2927197335408251 ],
						[ 103.81370023495639, 1.2927464788548815 ],
						[ 103.81372089133535, 1.2928912497328586 ],
						[ 103.81374154771657, 1.293036020610537 ],
						[ 103.81363749637235, 1.2930518642715898 ],
						[ 103.813510792746, 1.2930708142435092 ],
						[ 103.81338408911785, 1.2930897642090329 ],
						[ 103.81336053830542, 1.2930914190102585 ],
						[ 103.81334012343343, 1.2930896101189528 ],
						[ 103.8133202027849, 1.2930846088236694 ],
						[ 103.813301306499, 1.2930765326960392 ],
						[ 103.81328391978715, 1.29306558974388 ],
						[ 103.81326843800588, 1.2930520603234161 ],
						[ 103.8132548970981, 1.2930357906929946 ],
						[ 103.81324435733337, 1.2930181283646047 ],
						[ 103.81323667494581, 1.2929989557697117 ],
						[ 103.81323140068066, 1.2929761657348082 ],
						[ 103.81317039288918, 1.292565054576123 ],
						[ 103.81310938511629, 1.2921539434149365 ],
						[ 103.81314441965755, 1.2921056596585334 ],
						[ 103.81334386035073, 1.29207087937525 ],
						[ 103.81348873249185, 1.2920466616286854 ],
						[ 103.81349752426695, 1.2921059563762296 ],
						[ 103.81351368370272, 1.2922150183767496 ],
						[ 103.81373039885705, 1.2921824222395824 ]
					]
				]
			},
			"properties" : {
				"OBJECTID" : 5666,
				"DESCRIPTION" : "SITE AREA:8168.8, FOR ENQUIRIES, PLEASE CALL SLA AT 6323-9829 OR EMAIL at SLA_ENQUIRY@SLA.GOV.SG",
				"INC_CRC" : "31E8BFE4033E6466",
				"FMEL_UPD_D" : "20250214152432",
				"NAME" : "STRATHMORE RD / CLARENCE LANE (OPP BLK 129A)",
				"SHAPE.AREA" : 8168.8126965,
				"SHAPE.LEN" : 398.769029140101
			}
		},
		{
			"type" : "Feature",
			"geometry" : {
				"type" : "Polygon",
				"coordinates" : [
					[
						[ 103.88017266629772, 1.2972620557579673 ],
						[ 103.88018478246217, 1.2971264008544117 ],
						[ 103.8801928605036, 1.2970359642519427 ],
						[ 103.88020093764601, 1.2969455276494208 ],
						[ 103.88020497666632, 1.2969003093481253 ],
						[ 103.88021011168394, 1.2968428187998462 ],
						[ 103.88068964485963, 1.2968550820437124 ],
						[ 103.88068882982246, 1.296900300284785 ],
						[ 103.88068403388999, 1.2970718827411931 ],
						[ 103.88073632289817, 1.2976542590393858 ],
						[ 103.88070429882069, 1.2976556704517084 ],
						[ 103.8801390840433, 1.2975999224453185 ],
						[ 103.88015291269045, 1.297456404060795 ],
						[ 103.88016458825516, 1.2973524923602613 ],
						[ 103.88017266629772, 1.2972620557579673 ]
					]
				]
			},
			"properties" : {
				"OBJECTID" : 5667,
				"DESCRIPTION" : "SITE AREA:5077.8, FOR ENQUIRIES, PLEASE CALL SLA AT 6323-9829 OR EMAIL at SLA_ENQUIRY@SLA.GOV.SG",
				"INC_CRC" : "AB7A57A7C8982027",
				"FMEL_UPD_D" : "20250214152432",
				"NAME" : "TANJONG RHU RD (BESIDE SINGAPORE SWIMMING CLUB)",
				"SHAPE.AREA" : 5077.7690428,
				"SHAPE.LEN" : 292.888435987203
			}
		},
		{
			"type" : "Feature",
			"geometry" : {
				"type" : "Polygon",
				"coordinates" : [
					[
						[ 103.84398908543922, 1.3823421057510388 ],
						[ 103.84420407876047, 1.3823992470208866 ],
						[ 103.84441907209187, 1.3824563882710206 ],
						[ 103.84443441078727, 1.3824604668813285 ],
						[ 103.8444497494827, 1.382464545491553 ],
						[ 103.84445651576307, 1.3824667068900431 ],
						[ 103.84446328204345, 1.3824688682885136 ],
						[ 103.84447114009882, 1.3824723726626025 ],
						[ 103.8444789981542, 1.3824758770366647 ],
						[ 103.84448545892673, 1.3824796753356674 ],
						[ 103.8444919196993, 1.382483473634669 ],
						[ 103.84449741899759, 1.382487498029215 ],
						[ 103.84450291829589, 1.3824915224237646 ],
						[ 103.84450752800501, 1.382495573953444 ],
						[ 103.84451213771416, 1.382499625483097 ],
						[ 103.84451658118972, 1.3825042784157267 ],
						[ 103.84452102466533, 1.382508931348331 ],
						[ 103.84452492001115, 1.382513805852743 ],
						[ 103.84452881535702, 1.3825186803571656 ],
						[ 103.84453267476445, 1.3825245315750503 ],
						[ 103.84453653417194, 1.3825303827929285 ],
						[ 103.84453965674798, 1.3825362656670421 ],
						[ 103.84454277932403, 1.3825421485411684 ],
						[ 103.84454541217863, 1.3825484429032906 ],
						[ 103.84454804503322, 1.3825547372654263 ],
						[ 103.84454984220997, 1.3825603940547941 ],
						[ 103.84455163938675, 1.382566050844144 ],
						[ 103.84455278509276, 1.3825708982306657 ],
						[ 103.8445539307988, 1.3825757456171868 ],
						[ 103.84455479345574, 1.382581036143486 ],
						[ 103.8445556561127, 1.3825863266698015 ],
						[ 103.84455692535079, 1.3826821467609172 ],
						[ 103.84456134148125, 1.3829866298776485 ],
						[ 103.84456702685226, 1.3833869330841113 ],
						[ 103.84456753457629, 1.383393082758022 ],
						[ 103.84456804230034, 1.3833992324319493 ],
						[ 103.84456920598112, 1.3834046766986865 ],
						[ 103.84457036966191, 1.3834101209654224 ],
						[ 103.84457205451396, 1.3834150361766253 ],
						[ 103.84457373936603, 1.3834199513878438 ],
						[ 103.84457563987225, 1.383424025539355 ],
						[ 103.84457754037847, 1.3834280996908643 ],
						[ 103.8445803574343, 1.3834327345437742 ],
						[ 103.84458317449011, 1.3834373693966973 ],
						[ 103.8445861263284, 1.3834411812775658 ],
						[ 103.84458907816668, 1.3834449931584298 ],
						[ 103.8445929106094, 1.383448913558803 ],
						[ 103.84459674305218, 1.383452833959153 ],
						[ 103.84460131681834, 1.3834564694812541 ],
						[ 103.84460589058452, 1.383460105003329 ],
						[ 103.84461094957861, 1.3834631391209151 ],
						[ 103.84461600857273, 1.38346617323849 ],
						[ 103.84461949505308, 1.3834677829900308 ],
						[ 103.84462298153343, 1.3834693927415498 ],
						[ 103.84481864223072, 1.3835496088980264 ],
						[ 103.84501430294105, 1.383629825038118 ],
						[ 103.84504060429911, 1.3836406139721273 ],
						[ 103.84499494824522, 1.383756919951561 ],
						[ 103.84487076932731, 1.3840732454415323 ],
						[ 103.84348918869335, 1.3838950965809806 ],
						[ 103.84342121810047, 1.3837681729795421 ],
						[ 103.84361816218282, 1.3832767813358597 ],
						[ 103.84384011235956, 1.3827229974787214 ],
						[ 103.84385359982207, 1.3826887355818893 ],
						[ 103.8438670872842, 1.382654473684973 ],
						[ 103.84388227752694, 1.3826159386596344 ],
						[ 103.84389746776924, 1.382577403634189 ],
						[ 103.84391921752696, 1.3825202838954052 ],
						[ 103.84394096728364, 1.3824631641564182 ],
						[ 103.84396317080237, 1.3824021420837402 ],
						[ 103.84398537431994, 1.3823411200108477 ],
						[ 103.84398722987959, 1.3823416128809356 ],
						[ 103.84398908543922, 1.3823421057510388 ]
					]
				]
			},
			"properties" : {
				"OBJECTID" : 5668,
				"DESCRIPTION" : "SITE AREA:19689.3, FOR ENQUIRIES, PLEASE CALL  HDB AT 6490-1111 OR EMAIL at HDBMAILBOX@HDB.GOV.SG",
				"INC_CRC" : "98D572E83590224A",
				"FMEL_UPD_D" : "20250214152432",
				"NAME" : "ANG MO KIO AVENUE 9",
				"SHAPE.AREA" : 19689.30153014,
				"SHAPE.LEN" : 615.069546524654
			}
		},
		{
			"type" : "Feature",
			"geometry" : {
				"type" : "MultiPolygon",
				"coordinates" : [
					[
						[
							[ 103.79739462004582, 1.3325003237580262 ],
							[ 103.79738100334555, 1.3324986378228696 ],
							[ 103.79737571179018, 1.3324956244030115 ],
							[ 103.79737042113341, 1.332492611887535 ],
							[ 103.79736622222273, 1.3324895993880708 ],
							[ 103.79736202331208, 1.3324865868885996 ],
							[ 103.79735899343432, 1.3324828210707658 ],
							[ 103.79735596265799, 1.3324790552529318 ],
							[ 103.79733139809271, 1.3324053654728019 ],
							[ 103.7973068326303, 1.3323316747880616 ],
							[ 103.79730643822367, 1.3323275698723018 ],
							[ 103.79730604381704, 1.3323234649565416 ],
							[ 103.79730615888968, 1.332319511077127 ],
							[ 103.79730627396235, 1.3323155571977294 ],
							[ 103.79730811517798, 1.3323104918798825 ],
							[ 103.79730995549505, 1.332305427466383 ],
							[ 103.79731268356998, 1.3323014546337746 ],
							[ 103.79731541164487, 1.3322974818011457 ],
							[ 103.79731819003688, 1.3322936518588369 ],
							[ 103.79732096842885, 1.3322898219165076 ],
							[ 103.79732402445774, 1.3322871631301556 ],
							[ 103.79732708138518, 1.3322845043438132 ],
							[ 103.79768741886647, 1.3321459392867054 ],
							[ 103.79772524303407, 1.3322476546046573 ],
							[ 103.797763524548, 1.3323508955913836 ],
							[ 103.79776503672099, 1.3323576919117524 ],
							[ 103.79776654979251, 1.332364489136513 ],
							[ 103.79776398970947, 1.332371168734709 ],
							[ 103.79776142962642, 1.3323778474285561 ],
							[ 103.79775553412892, 1.3323826404741612 ],
							[ 103.79774963953001, 1.3323874326154013 ],
							[ 103.797688744974, 1.3324072780061518 ],
							[ 103.79742015620192, 1.3324948120318345 ],
							[ 103.79740255698344, 1.3325011287588342 ],
							[ 103.79739462004582, 1.3325003237580262 ]
						]
					],
					[
						[
							[ 103.79725367388701, 1.3323417305372574 ],
							[ 103.79725251390745, 1.3323378290922048 ],
							[ 103.79711022123557, 1.3319669245468944 ],
							[ 103.79696792950354, 1.3315960190890357 ],
							[ 103.79702567640436, 1.3315760533885797 ],
							[ 103.79705255685143, 1.3315664494370074 ],
							[ 103.79707943729828, 1.3315568454851172 ],
							[ 103.79712367793962, 1.3315410423716982 ],
							[ 103.79716791858044, 1.331525239257446 ],
							[ 103.79721673737585, 1.3315086268037526 ],
							[ 103.79727685558042, 1.3314874158224301 ],
							[ 103.79733697378401, 1.3314662048396169 ],
							[ 103.79738086027119, 1.3314586802679054 ],
							[ 103.79749985758295, 1.3317883987997958 ],
							[ 103.79761885402677, 1.3321181164214881 ],
							[ 103.79746487834184, 1.3321782164195934 ],
							[ 103.7973109035482, 1.332238317312193 ],
							[ 103.7973021281797, 1.3322429267283475 ],
							[ 103.79729335281117, 1.3322475361444868 ],
							[ 103.79728701881558, 1.3322524693589926 ],
							[ 103.79728068481998, 1.3322574016691018 ],
							[ 103.79727619826171, 1.3322619586951936 ],
							[ 103.79727171170346, 1.3322665157212594 ],
							[ 103.79726796823086, 1.3322724790449054 ],
							[ 103.79726422385968, 1.3322784423685141 ],
							[ 103.79726219394942, 1.3322833503241425 ],
							[ 103.79726016314058, 1.332288258279755 ],
							[ 103.79725802719695, 1.3322934221689415 ],
							[ 103.7972558903547, 1.3322985869624586 ],
							[ 103.79725519118192, 1.3323051806729052 ],
							[ 103.79725449111058, 1.3323117734789753 ],
							[ 103.79725416216941, 1.3323165530399148 ],
							[ 103.79725383322825, 1.3323213316964913 ],
							[ 103.79725395621392, 1.3323293434624106 ],
							[ 103.79725407919962, 1.3323373543239665 ],
							[ 103.79725483386659, 1.332345631077963 ],
							[ 103.79725367388701, 1.3323417305372574 ]
						]
					]
				]
			},
			"properties" : {
				"OBJECTID" : 5669,
				"DESCRIPTION" : "SITE AREA:5018, FOR ENQUIRIES, PLEASE CALL SLA AT 6323-9829 OR EMAIL at SLA_ENQUIRY@SLA.GOV.SG",
				"INC_CRC" : "EDBE11E42B9818DA",
				"FMEL_UPD_D" : "20250214152432",
				"NAME" : "SL at VANDA LINK",
				"SHAPE.AREA" : 5017.953140645,
				"SHAPE.LEN" : 407.948845829538
			}
		},
		{
			"type" : "Feature",
			"geometry" : {
				"type" : "Polygon",
				"coordinates" : [
					[
						[ 103.80141096581988, 1.2901921243684196 ],
						[ 103.80125602048444, 1.2903319815084293 ],
						[ 103.80112638147068, 1.2902007420681383 ],
						[ 103.80095706518802, 1.2900293338498783 ],
						[ 103.8014062704645, 1.2895814854839747 ],
						[ 103.8015777989192, 1.2897560010977978 ],
						[ 103.80170411426401, 1.2898845174316238 ],
						[ 103.80165827521351, 1.2898817178490152 ],
						[ 103.80161766968973, 1.2899174080944007 ],
						[ 103.80157706416483, 1.2899530983390788 ],
						[ 103.80158005523653, 1.290039492339746 ],
						[ 103.80141096581988, 1.2901921243684196 ]
					]
				]
			},
			"properties" : {
				"OBJECTID" : 5670,
				"DESCRIPTION" : "SITE AREA:3311.3, FOR ENQUIRIES, PLEASE CALL  HDB AT 6490-1111 OR EMAIL at HDBMAILBOX@HDB.GOV.SG",
				"INC_CRC" : "D04976D41265D122",
				"FMEL_UPD_D" : "20250214152432",
				"NAME" : "QUEENSWAY (JUNCTION OF QUEENSWAY/QUEENS CRESCENT",
				"SHAPE.AREA" : 3311.25282208,
				"SHAPE.LEN" : 239.800095406745
			}
		},
		{
			"type" : "Feature",
			"geometry" : {
				"type" : "Polygon",
				"coordinates" : [
					[
						[ 103.81120893480345, 1.4610406653543493 ],
						[ 103.81149372400024, 1.46117748479117 ],
						[ 103.81145534468446, 1.4612576037871015 ],
						[ 103.81137439958174, 1.4612183301028188 ],
						[ 103.81129345448186, 1.4611790564156466 ],
						[ 103.81125443084574, 1.461260520190174 ],
						[ 103.81121540720679, 1.461341983059555 ],
						[ 103.81129635231106, 1.4613812567495847 ],
						[ 103.81137729741819, 1.4614205304366916 ],
						[ 103.8113571062402, 1.461462683525249 ],
						[ 103.81121991332579, 1.4617490940911029 ],
						[ 103.81093587440762, 1.4616125459357725 ],
						[ 103.81065184451025, 1.4614759977447531 ],
						[ 103.81078799509334, 1.4611899218179456 ],
						[ 103.81092414564152, 1.4609038458815657 ],
						[ 103.81120893480345, 1.4610406653543493 ]
					]
				]
			},
			"properties" : {
				"OBJECTID" : 5671,
				"DESCRIPTION" : "SITE AREA:4521.4, FOR ENQUIRIES, PLEASE CALL SLA AT 6323-9829 OR EMAIL at SLA_ENQUIRY@SLA.GOV.SG",
				"INC_CRC" : "17E5B2CFF0E2AC20",
				"FMEL_UPD_D" : "20250214152432",
				"NAME" : "SL at Admiralty Street",
				"SHAPE.AREA" : 4521.376131185,
				"SHAPE.LEN" : 320.610803168414
			}
		},
		{
			"type" : "Feature",
			"geometry" : {
				"type" : "Polygon",
				"coordinates" : [
					[
						[ 103.83764072506688, 1.299802755928246 ],
						[ 103.83763524303221, 1.2997956774743435 ],
						[ 103.83773079873005, 1.2997588651394587 ],
						[ 103.83782635442509, 1.2997220528009512 ],
						[ 103.83785744405674, 1.2997095001616465 ],
						[ 103.8379016838832, 1.2996916433985057 ],
						[ 103.83794592370903, 1.2996737866345678 ],
						[ 103.83798577414396, 1.299656743806311 ],
						[ 103.83802562457834, 1.2996397009774208 ],
						[ 103.83806501677752, 1.299635133861225 ],
						[ 103.83810440897655, 1.2996305667443948 ],
						[ 103.83818590246638, 1.299610629866104 ],
						[ 103.8382673959549, 1.2995906929851524 ],
						[ 103.83834459889403, 1.2995725693615745 ],
						[ 103.83838735163906, 1.29956282926692 ],
						[ 103.838501772288, 1.2995367742839767 ],
						[ 103.83863118964413, 1.2995089150564334 ],
						[ 103.83876060699741, 1.2994810558222063 ],
						[ 103.83883651603135, 1.2994658261536614 ],
						[ 103.83895713213873, 1.299440236884263 ],
						[ 103.8390777527364, 1.2994146476090471 ],
						[ 103.83911387871284, 1.2994070282526657 ],
						[ 103.8391500091818, 1.2993994088957543 ],
						[ 103.83915652363316, 1.2994001052415458 ],
						[ 103.83916303808454, 1.29940080158732 ],
						[ 103.83918577575004, 1.2993961937957403 ],
						[ 103.83920851341543, 1.299391586003972 ],
						[ 103.83930640083861, 1.2993717259219093 ],
						[ 103.83933618758402, 1.299365682885258 ],
						[ 103.83936846625694, 1.2994704453308747 ],
						[ 103.839400744034, 1.299575207775996 ],
						[ 103.8394251646679, 1.2995675857302993 ],
						[ 103.83944958440311, 1.299559963684384 ],
						[ 103.83951390453161, 1.2997618855775248 ],
						[ 103.83957822377187, 1.2999638065642998 ],
						[ 103.83971753030363, 1.2998482889850214 ],
						[ 103.83985683682273, 1.2997327713979663 ],
						[ 103.83969381330833, 1.2995285960886522 ],
						[ 103.83953070715415, 1.2993244804565693 ],
						[ 103.83956221640679, 1.2993176261977386 ],
						[ 103.83957557776034, 1.299314718631716 ],
						[ 103.83958893911387, 1.2993118110656225 ],
						[ 103.83959757415538, 1.299322496114238 ],
						[ 103.83960620919694, 1.2993331811628057 ],
						[ 103.83962152943222, 1.2993521501762029 ],
						[ 103.83963684966773, 1.2993711191895025 ],
						[ 103.83965408830251, 1.2993924711991223 ],
						[ 103.83967132693759, 1.2994138232086185 ],
						[ 103.83968856108021, 1.299435161652537 ],
						[ 103.8397057952231, 1.2994565000963318 ],
						[ 103.83978101264772, 1.299550395579685 ],
						[ 103.83985623007791, 1.299644291060686 ],
						[ 103.83986877380346, 1.299659466269383 ],
						[ 103.839875966681, 1.299669459481679 ],
						[ 103.8398831595586, 1.2996794526939535 ],
						[ 103.83994599051893, 1.2997596515995407 ],
						[ 103.84000882148322, 1.2998398505035007 ],
						[ 103.84004561252725, 1.2998856790914695 ],
						[ 103.8400824035726, 1.2999315076788924 ],
						[ 103.8400798750856, 1.299938518321598 ],
						[ 103.83995939015263, 1.2999636853062146 ],
						[ 103.8399593667902, 1.2999635794955895 ],
						[ 103.83994982862423, 1.299920996599924 ],
						[ 103.8398099908455, 1.2999527211774682 ],
						[ 103.83967016025159, 1.299984434894835 ],
						[ 103.83963164310327, 1.2999367252269192 ],
						[ 103.8396205029496, 1.2999395767170707 ],
						[ 103.839609364593, 1.2999424336333478 ],
						[ 103.83964749536523, 1.2999895871182288 ],
						[ 103.83964003475026, 1.2999912792035166 ],
						[ 103.83963247888958, 1.2999930011330765 ],
						[ 103.83963659606839, 1.3000113886677906 ],
						[ 103.83964071684146, 1.3000297834374088 ],
						[ 103.83928090994692, 1.3001079964968651 ],
						[ 103.8389187389571, 1.3001858423379167 ],
						[ 103.83890842894512, 1.3001376080643858 ],
						[ 103.83883325589663, 1.299782233560746 ],
						[ 103.83877366289423, 1.2994999841492607 ],
						[ 103.83877364492331, 1.2994999796274833 ],
						[ 103.83877363593784, 1.2994999660620201 ],
						[ 103.83857038967933, 1.2995436473142472 ],
						[ 103.83836714341376, 1.2995873285500301 ],
						[ 103.83840534091497, 1.2997673061122947 ],
						[ 103.83844353842166, 1.2999472836736994 ],
						[ 103.83844354830568, 1.2999472918129484 ],
						[ 103.83844357436351, 1.2999473108045574 ],
						[ 103.83845047069877, 1.2999485271611646 ],
						[ 103.83845736703404, 1.2999497435177525 ],
						[ 103.83846258219184, 1.2999510647840657 ],
						[ 103.83846779105986, 1.29995239780712 ],
						[ 103.83847300621827, 1.2999540166094472 ],
						[ 103.83847822227524, 1.2999556399335612 ],
						[ 103.83848754917872, 1.2999588142348646 ],
						[ 103.83849687608222, 1.299961988536133 ],
						[ 103.83850286488966, 1.2999644710051874 ],
						[ 103.83850885369714, 1.2999669534742109 ],
						[ 103.83851595220861, 1.2999698926451673 ],
						[ 103.8385247534667, 1.2999746993258698 ],
						[ 103.8385335547248, 1.2999795060065578 ],
						[ 103.83853979063537, 1.2999835304169853 ],
						[ 103.83854606248781, 1.2999875819582545 ],
						[ 103.83855485925599, 1.2999937044896637 ],
						[ 103.8385636560242, 1.2999998270210251 ],
						[ 103.83857020642839, 1.3000051944124567 ],
						[ 103.8385767568326, 1.300010561803854 ],
						[ 103.83857993319523, 1.3000134738518556 ],
						[ 103.83858310955787, 1.3000163858998701 ],
						[ 103.83858620505131, 1.3000192210770372 ],
						[ 103.83858930054475, 1.3000220562542009 ],
						[ 103.83859519501294, 1.300028273749838 ],
						[ 103.83860108948114, 1.3000344912454616 ],
						[ 103.83860763989058, 1.300042309465378 ],
						[ 103.83861419030006, 1.3000501276852936 ],
						[ 103.83861881332739, 1.300056453707326 ],
						[ 103.83862343635472, 1.3000627797293496 ],
						[ 103.8386263746061, 1.3000671523269542 ],
						[ 103.83862931285745, 1.3000715249245551 ],
						[ 103.83863493777011, 1.3000814638818052 ],
						[ 103.83863769182211, 1.3000869578921332 ],
						[ 103.83864044587413, 1.300092451902458 ],
						[ 103.83864442554793, 1.3001009664886178 ],
						[ 103.83864833513485, 1.3001093002019468 ],
						[ 103.83865214947868, 1.3001189045480266 ],
						[ 103.83865596382252, 1.300128508894083 ],
						[ 103.83865818324773, 1.3001375389718868 ],
						[ 103.83866040267297, 1.3001465690496712 ],
						[ 103.83866545883315, 1.300169029843046 ],
						[ 103.8386692588156, 1.3001858727249653 ],
						[ 103.83857976556581, 1.3002065258925941 ],
						[ 103.83849015190886, 1.3002268561990407 ],
						[ 103.83848975654544, 1.3002250926884953 ],
						[ 103.83848936118203, 1.30022332917795 ],
						[ 103.83845035535752, 1.300232164901883 ],
						[ 103.83841130730112, 1.3002410105733087 ],
						[ 103.83841434441081, 1.3002546456752095 ],
						[ 103.83841739769433, 1.3002682753508932 ],
						[ 103.83836357396814, 1.3002804717230523 ],
						[ 103.83830966308258, 1.3002926861815118 ],
						[ 103.83831760179831, 1.3003281978582544 ],
						[ 103.83832554680407, 1.3003637077261878 ],
						[ 103.83810686886278, 1.3004119352133825 ],
						[ 103.83809816193822, 1.3004002101403374 ],
						[ 103.83808945501376, 1.3003884850672776 ],
						[ 103.83807891948032, 1.3003394459061162 ],
						[ 103.8380683839473, 1.300290406744873 ],
						[ 103.83787708145796, 1.3000456262960634 ],
						[ 103.83768581674434, 1.299800819605394 ],
						[ 103.83766597238706, 1.299805355029223 ],
						[ 103.8376461280297, 1.2998098904528785 ],
						[ 103.83764072506688, 1.299802755928246 ]
					]
				]
			},
			"properties" : {
				"OBJECTID" : 5672,
				"DESCRIPTION" : "SITE AREA:12470.8, FOR ENQUIRIES, PLEASE CALL SLA AT 6323-9829 OR EMAIL at SLA_ENQUIRY@SLA.GOV.SG",
				"INC_CRC" : "09BECB70E1DB9923",
				"FMEL_UPD_D" : "20250214152432",
				"NAME" : "SL at Sommerset MRT Staion (Skate Park)",
				"SHAPE.AREA" : 12470.796196065,
				"SHAPE.LEN" : 991.995463082642
			}
		},
		{
			"type" : "Feature",
			"geometry" : {
				"type" : "MultiPolygon",
				"coordinates" : [
					[
						[
							[ 103.84797899413768, 1.3145660983652916 ],
							[ 103.84778643942929, 1.314739521367394 ],
							[ 103.84776330433782, 1.3147188242122627 ],
							[ 103.84789085288196, 1.3146050091737895 ],
							[ 103.84803041495694, 1.3144787228688846 ],
							[ 103.84806793842327, 1.3144809202525023 ],
							[ 103.84807116513974, 1.314484833419266 ],
							[ 103.84806675597585, 1.3144885205402022 ],
							[ 103.84805859268666, 1.3144951396336522 ],
							[ 103.84805043029597, 1.3145017587270869 ],
							[ 103.84797899413768, 1.3145660983652916 ]
						]
					],
					[
						[
							[ 103.84792432357597, 1.3148628759008136 ],
							[ 103.84802950722666, 1.314752795108467 ],
							[ 103.84813469176669, 1.3146427152160256 ],
							[ 103.84830262292998, 1.3148305172880654 ],
							[ 103.84844763014839, 1.314992683462861 ],
							[ 103.84846050361516, 1.3149821276400382 ],
							[ 103.84847337618328, 1.314971571817171 ],
							[ 103.84850929151, 1.3150164461722564 ],
							[ 103.84855126310467, 1.3150674973003005 ],
							[ 103.84876085152472, 1.3153205010628632 ],
							[ 103.84866587527146, 1.3154068594331585 ],
							[ 103.84857089901168, 1.31549321779985 ],
							[ 103.84841105469302, 1.3152980026214516 ],
							[ 103.84830068515771, 1.31519948180377 ],
							[ 103.84825229796287, 1.315156289639045 ],
							[ 103.84795942832064, 1.3148942806614754 ],
							[ 103.84792432357597, 1.3148628759008136 ]
						]
					],
					[
						[
							[ 103.84827014359489, 1.3152272098084197 ],
							[ 103.84838142067221, 1.3153267344667015 ],
							[ 103.84854042034743, 1.3155210362438472 ],
							[ 103.84845653213328, 1.315597546007024 ],
							[ 103.84814308794923, 1.3158841229720142 ],
							[ 103.84782964369353, 1.3161706998975427 ],
							[ 103.8477567985633, 1.3162364928513302 ],
							[ 103.84765363557094, 1.316169959341755 ],
							[ 103.8474275412311, 1.315991240093927 ],
							[ 103.84724290617369, 1.3158351116218387 ],
							[ 103.84703292264598, 1.3156089854508004 ],
							[ 103.84695305002226, 1.315522989854869 ],
							[ 103.84695788399591, 1.3154809368714058 ],
							[ 103.8470373871681, 1.315375460382398 ],
							[ 103.84732500274136, 1.3151165753472132 ],
							[ 103.84768542739357, 1.3147894193699141 ],
							[ 103.84773265494891, 1.3147465793419748 ],
							[ 103.84827014359489, 1.3152272098084197 ]
						]
					]
				]
			},
			"properties" : {
				"OBJECTID" : 5673,
				"DESCRIPTION" : "SITE AREA:18589, FOR ENQUIRIES, PLEASE CALL SLA AT 6323-9829 OR EMAIL at SLA_ENQUIRY@SLA.GOV.SG",
				"INC_CRC" : "77E49CEA4BF799A5",
				"FMEL_UPD_D" : "20250214152432",
				"NAME" : "SL at Carlisle Road",
				"SHAPE.AREA" : 18588.955812995,
				"SHAPE.LEN" : 844.236835739549
			}
		},
		{
			"type" : "Feature",
			"geometry" : {
				"type" : "Polygon",
				"coordinates" : [
					[
						[ 103.8525948280321, 1.3131236440977314 ],
						[ 103.85257506729864, 1.3131458653948525 ],
						[ 103.85259293686936, 1.3131607791339195 ],
						[ 103.85260424069598, 1.3131702025259653 ],
						[ 103.85258818825666, 1.313189809276188 ],
						[ 103.85257213581708, 1.313209416026325 ],
						[ 103.8525713137383, 1.313221728957472 ],
						[ 103.85257048716673, 1.3132340400799432 ],
						[ 103.85255635759879, 1.3132504724951273 ],
						[ 103.85252492840752, 1.3132870660452276 ],
						[ 103.85250318456386, 1.313308086360837 ],
						[ 103.85248506362088, 1.3133223582792568 ],
						[ 103.85247187568598, 1.3133327441046116 ],
						[ 103.85246838303593, 1.313334404545039 ],
						[ 103.8522715930857, 1.3131649145510822 ],
						[ 103.85207480495909, 1.3129954290627195 ],
						[ 103.85215920965737, 1.312921008256682 ],
						[ 103.85224361435066, 1.312846587447805 ],
						[ 103.85257169059894, 1.3125646040283243 ],
						[ 103.85274541139933, 1.3124152893589367 ],
						[ 103.85287633397948, 1.3126909178806814 ],
						[ 103.8533160856963, 1.3128933564113665 ],
						[ 103.85315827669564, 1.3130784232410129 ],
						[ 103.85298366135281, 1.3132832216217394 ],
						[ 103.85278992387362, 1.3131302860400986 ],
						[ 103.85276072996531, 1.3131262799331602 ],
						[ 103.85274581147496, 1.3131430117002765 ],
						[ 103.85273090017284, 1.3131597470847172 ],
						[ 103.85271850478765, 1.3131736427444072 ],
						[ 103.8527061094023, 1.3131875384040361 ],
						[ 103.85269490890701, 1.3131779296168975 ],
						[ 103.85268440928505, 1.3131689086612848 ],
						[ 103.85267019413591, 1.3131566998491142 ],
						[ 103.85265597898692, 1.3131444910368755 ],
						[ 103.85264277920572, 1.3131331413630893 ],
						[ 103.85264152837425, 1.3131265756854094 ],
						[ 103.85264914530188, 1.3131164720642523 ],
						[ 103.85263968531291, 1.3131088420131765 ],
						[ 103.8525948280321, 1.3131236440977314 ]
					]
				]
			},
			"properties" : {
				"OBJECTID" : 5674,
				"DESCRIPTION" : "SITE AREA:6704.2, FOR ENQUIRIES, PLEASE CALL  HDB AT 6490-1111 OR EMAIL at HDBMAILBOX@HDB.GOV.SG",
				"INC_CRC" : "229FC44B37E48743",
				"FMEL_UPD_D" : "20250214152432",
				"NAME" : "GLOUCESTER RD (BESIDE BLK 9)",
				"SHAPE.AREA" : 6704.185871345,
				"SHAPE.LEN" : 390.084448498879
			}
		},
		{
			"type" : "Feature",
			"geometry" : {
				"type" : "Polygon",
				"coordinates" : [
					[
						[ 103.8189725067817, 1.2939335112855128 ],
						[ 103.81896244366317, 1.2938337597887253 ],
						[ 103.81896197195468, 1.2938290525671683 ],
						[ 103.81896150024619, 1.2938243453455942 ],
						[ 103.81957811388314, 1.2937657215269212 ],
						[ 103.81959115176976, 1.2939269933590405 ],
						[ 103.81960418965792, 1.2940882660952673 ],
						[ 103.8195351938719, 1.2941383611989286 ],
						[ 103.8194661980832, 1.2941884553962888 ],
						[ 103.81955949307803, 1.2943216100617954 ],
						[ 103.81965278808258, 1.2944547638194497 ],
						[ 103.81987617496837, 1.294435306708869 ],
						[ 103.82009956095241, 1.294415848674096 ],
						[ 103.82008804683349, 1.2942790272601252 ],
						[ 103.82007653271572, 1.2941422067503467 ],
						[ 103.81998664693434, 1.2941498698634792 ],
						[ 103.81989676115248, 1.2941575320690204 ],
						[ 103.81988024613857, 1.2939480494357598 ],
						[ 103.81986373202575, 1.2937385658977139 ],
						[ 103.8200536256582, 1.2937205121656838 ],
						[ 103.82005532829919, 1.2937392822665617 ],
						[ 103.82006146948878, 1.2938066981746383 ],
						[ 103.81998890762934, 1.2938134398313748 ],
						[ 103.81991634576953, 1.2938201814860188 ],
						[ 103.81992866855742, 1.2939586352839454 ],
						[ 103.81994099134658, 1.294097089081674 ],
						[ 103.82018933076387, 1.2940721163543552 ],
						[ 103.82043767017655, 1.294047143602498 ],
						[ 103.82042539228081, 1.293910068963452 ],
						[ 103.82041311438633, 1.2937729943242111 ],
						[ 103.82029087656721, 1.2937842304277751 ],
						[ 103.82016863874706, 1.2937954665254006 ],
						[ 103.82016249754888, 1.2937291720299466 ],
						[ 103.82016075986427, 1.2937103413365074 ],
						[ 103.82036465639005, 1.2936909410548934 ],
						[ 103.82083171644173, 1.2936465327703766 ],
						[ 103.82099077475563, 1.293631414382779 ],
						[ 103.82161689309349, 1.2935718875548845 ],
						[ 103.82128617453512, 1.2937674006287494 ],
						[ 103.82095545592637, 1.2939629136584703 ],
						[ 103.82088705864655, 1.2940033474729984 ],
						[ 103.82075667071001, 1.294080430361601 ],
						[ 103.82062628276563, 1.2941575132433172 ],
						[ 103.82058943341131, 1.2941792992058392 ],
						[ 103.82052368682945, 1.2942181865598963 ],
						[ 103.82045794024556, 1.2942570739121895 ],
						[ 103.82014477472826, 1.2944178547922922 ],
						[ 103.81983270719442, 1.2945780713151018 ],
						[ 103.819699590433, 1.294634312141875 ],
						[ 103.8195675716885, 1.2946899886438814 ],
						[ 103.81947575832237, 1.294732484243174 ],
						[ 103.81943567437534, 1.2947211071130258 ],
						[ 103.81930980300235, 1.2945317143361814 ],
						[ 103.81918393164794, 1.2943423215529706 ],
						[ 103.81913983152688, 1.2942759680584455 ],
						[ 103.81917378400054, 1.294252688994704 ],
						[ 103.81920666630484, 1.2942301469818154 ],
						[ 103.81929070276504, 1.2943515647585921 ],
						[ 103.81937473923321, 1.2944729825325383 ],
						[ 103.8194661681231, 1.2944106216570768 ],
						[ 103.81954484124523, 1.2943569561761772 ],
						[ 103.81947665404837, 1.2942582886962772 ],
						[ 103.81940846685674, 1.2941596212145123 ],
						[ 103.81947489638246, 1.2941140922382308 ],
						[ 103.81954132590582, 1.2940685632601563 ],
						[ 103.81950992927676, 1.294021124631589 ],
						[ 103.8194785389388, 1.2939736679153608 ],
						[ 103.81932949708377, 1.2940740651521507 ],
						[ 103.81918273842321, 1.294172924068171 ],
						[ 103.81918379779668, 1.2941744841034217 ],
						[ 103.81918485717014, 1.2941760441386891 ],
						[ 103.81914533101671, 1.2942027507138982 ],
						[ 103.81910795148968, 1.2942280003688693 ],
						[ 103.81908689880515, 1.2941963203504412 ],
						[ 103.81902970279052, 1.2940649158186615 ],
						[ 103.81900110523466, 1.2939992135522522 ],
						[ 103.8189725067817, 1.2939335112855128 ]
					]
				]
			},
			"properties" : {
				"OBJECTID" : 5675,
				"DESCRIPTION" : "SITE AREA:10777.1, FOR ENQUIRIES, PLEASE CALL SLA AT 6323-9829 OR EMAIL at SLA_ENQUIRY@SLA.GOV.SG",
				"INC_CRC" : "F921C6EF2F4FD21C",
				"FMEL_UPD_D" : "20250214152432",
				"NAME" : "Prince Charles Crescent",
				"SHAPE.AREA" : 10777.14165761,
				"SHAPE.LEN" : 1224.68261369624
			}
		},
		{
			"type" : "Feature",
			"geometry" : {
				"type" : "Polygon",
				"coordinates" : [
					[
						[ 103.76173966591466, 1.316505851270682 ],
						[ 103.76181847135611, 1.316572609173262 ],
						[ 103.76189727680178, 1.3166393670735304 ],
						[ 103.7623501201631, 1.316286302823861 ],
						[ 103.76280296339884, 1.3159332384834819 ],
						[ 103.76291920457723, 1.316084243445276 ],
						[ 103.76303544576942, 1.316235248402176 ],
						[ 103.76309937451158, 1.3161853971491206 ],
						[ 103.76316330325123, 1.316135545894259 ],
						[ 103.76320218210206, 1.3161860557243366 ],
						[ 103.76324106095443, 1.3162365655538848 ],
						[ 103.76319433982347, 1.3162729965359319 ],
						[ 103.76314761869118, 1.3163094275170142 ],
						[ 103.76318583264133, 1.3163590691391402 ],
						[ 103.76322404659297, 1.3164087107607387 ],
						[ 103.76331748885775, 1.31633585783849 ],
						[ 103.76341339663045, 1.3164604457320164 ],
						[ 103.76350930441255, 1.3165850336222178 ],
						[ 103.76352995684371, 1.3166118621624396 ],
						[ 103.7635506092753, 1.316638690702524 ],
						[ 103.76356143194047, 1.3166520982037544 ],
						[ 103.76357225460576, 1.3166655057049421 ],
						[ 103.76358368830005, 1.3166783841703513 ],
						[ 103.76359512199446, 1.3166912626356961 ],
						[ 103.763607135269, 1.3167035984989126 ],
						[ 103.76361914854365, 1.3167159343620756 ],
						[ 103.76363172342856, 1.3167276869261981 ],
						[ 103.76364429831361, 1.3167394394902623 ],
						[ 103.76365740336, 1.316750595188936 ],
						[ 103.7636705084065, 1.316761750887546 ],
						[ 103.763684112166, 1.3167722780671332 ],
						[ 103.76369771592563, 1.3167828052466508 ],
						[ 103.7637132892951, 1.3167937855678113 ],
						[ 103.76372587594443, 1.3168025663916818 ],
						[ 103.76375491658037, 1.3168209800587871 ],
						[ 103.76390195740099, 1.3169094762031563 ],
						[ 103.76404899823227, 1.3169979723392875 ],
						[ 103.76412034369095, 1.3169777889291503 ],
						[ 103.76406081165455, 1.3170890783005489 ],
						[ 103.76400127961269, 1.3172003676701356 ],
						[ 103.7639706019348, 1.3172424920867578 ],
						[ 103.76388196053736, 1.3173827971565681 ],
						[ 103.76379331912977, 1.3175231022225173 ],
						[ 103.76374132974071, 1.3174961552361997 ],
						[ 103.76368934035281, 1.3174692082488273 ],
						[ 103.76328066750239, 1.3172574218026298 ],
						[ 103.76308777413013, 1.3176332835793572 ],
						[ 103.76289488069784, 1.3180091453367944 ],
						[ 103.76288286641649, 1.3180325589783939 ],
						[ 103.76283945512142, 1.3179548728760282 ],
						[ 103.76279604382894, 1.3178771867729984 ],
						[ 103.76275965427368, 1.3178150921046048 ],
						[ 103.7626847813025, 1.3176995258172113 ],
						[ 103.76260990833806, 1.31758395952782 ],
						[ 103.76255852777088, 1.3174759543909569 ],
						[ 103.76250714720793, 1.317367949253174 ],
						[ 103.76240382688879, 1.3172263771581725 ],
						[ 103.76233559266406, 1.3171664339582574 ],
						[ 103.76226735844263, 1.3171064907566108 ],
						[ 103.76221193742089, 1.3170512053957024 ],
						[ 103.7621565164016, 1.3169959200336627 ],
						[ 103.76212230071506, 1.316956764611776 ],
						[ 103.76191387545796, 1.3167117302355744 ],
						[ 103.76173966591466, 1.316505851270682 ]
					],
					[
						[ 103.7630296403987, 1.3176084598507027 ],
						[ 103.76322435615954, 1.3172282372871915 ],
						[ 103.76319235476979, 1.3172108861577356 ],
						[ 103.76338254981277, 1.3168325689445193 ],
						[ 103.76328518250673, 1.3167822509975196 ],
						[ 103.76289674579645, 1.3175397461148695 ],
						[ 103.7630296403987, 1.3176084598507027 ]
					],
					[
						[ 103.76233986579138, 1.3169892872641589 ],
						[ 103.76235727903278, 1.3170127831394534 ],
						[ 103.76235735091426, 1.3170128735779092 ],
						[ 103.76250377310821, 1.3172103456454023 ],
						[ 103.76246210638301, 1.3172436521787967 ],
						[ 103.7624743440711, 1.3172638017585248 ],
						[ 103.7625192006266, 1.3172313454183056 ],
						[ 103.76266414017893, 1.3174308884284636 ],
						[ 103.76304874575652, 1.317146142285191 ],
						[ 103.76295589316149, 1.3170175662194041 ],
						[ 103.76331399095598, 1.316749052609433 ],
						[ 103.76317364296594, 1.316549943860271 ],
						[ 103.7627850028469, 1.316840333146441 ],
						[ 103.76269400111731, 1.3167178887124222 ],
						[ 103.76233986579138, 1.3169892872641589 ]
					]
				]
			},
			"properties" : {
				"OBJECTID" : 5676,
				"DESCRIPTION" : "SITE AREA:19900.7, FOR ENQUIRIES, PLEASE CALL SLA AT 6323-9829 OR EMAIL at SLA_ENQUIRY@SLA.GOV.SG",
				"INC_CRC" : "37D2C205D657FE53",
				"FMEL_UPD_D" : "20250214152432",
				"NAME" : "State Land Behind Clementi Primary School",
				"SHAPE.AREA" : 19900.68627902,
				"SHAPE.LEN" : 1389.92184451829
			}
		},
		{
			"type" : "Feature",
			"geometry" : {
				"type" : "MultiPolygon",
				"coordinates" : [
					[
						[
							[ 103.8306184439591, 1.2986088274942187 ],
							[ 103.83061917179543, 1.2985945023563794 ],
							[ 103.830675007339, 1.2986066299482175 ],
							[ 103.8307258281072, 1.2986176704871033 ],
							[ 103.83070810153961, 1.298696393616753 ],
							[ 103.83065385554237, 1.298662293579892 ],
							[ 103.83064115911691, 1.298653882973572 ],
							[ 103.83063281164708, 1.2986454814155168 ],
							[ 103.83062445519653, 1.2986327027317257 ],
							[ 103.83062078015944, 1.298623288290077 ],
							[ 103.8306184439591, 1.2986088274942187 ]
						]
					],
					[
						[
							[ 103.83132897676626, 1.2989369271932918 ],
							[ 103.831328437663, 1.298907069588659 ],
							[ 103.83125442004707, 1.298909864015743 ],
							[ 103.83118033953289, 1.298912658440591 ],
							[ 103.83126431752112, 1.298903759561459 ],
							[ 103.83133380647956, 1.2988912703397109 ],
							[ 103.83140329543733, 1.2988787811160543 ],
							[ 103.83140433774402, 1.29888546889462 ],
							[ 103.8314053800507, 1.2988921566732023 ],
							[ 103.83142418209881, 1.2988896199442699 ],
							[ 103.83144298414688, 1.2988870832151975 ],
							[ 103.83144556746394, 1.298885351358523 ],
							[ 103.83144815078101, 1.2988836195018627 ],
							[ 103.83144957048158, 1.2988835245446158 ],
							[ 103.83145099018215, 1.2988834295873681 ],
							[ 103.83147410251003, 1.2989337692630218 ],
							[ 103.83143414241795, 1.298953888637046 ],
							[ 103.83138075087462, 1.2989807572745855 ],
							[ 103.83137535511162, 1.29898380950162 ],
							[ 103.83136995934862, 1.2989868617286426 ],
							[ 103.83135971593661, 1.298990660052812 ],
							[ 103.83134839427436, 1.298990117424998 ],
							[ 103.83134137664187, 1.2989884895627866 ],
							[ 103.83133382887273, 1.2989808928923894 ],
							[ 103.83132951586353, 1.2989743814623163 ],
							[ 103.83132951586951, 1.298966784797917 ],
							[ 103.83132897676626, 1.2989369271932918 ]
						]
					],
					[
						[
							[ 103.83040184913847, 1.2991849211999098 ],
							[ 103.83035946489838, 1.2990869467886177 ],
							[ 103.83035698044077, 1.2990711746634283 ],
							[ 103.83035449598319, 1.2990554025382175 ],
							[ 103.8303637151453, 1.2989751401723701 ],
							[ 103.83037293430681, 1.298894877806436 ],
							[ 103.8305121690593, 1.2981997967375793 ],
							[ 103.83065140373536, 1.297504715657004 ],
							[ 103.8306911465021, 1.2973506661955976 ],
							[ 103.83075736939679, 1.2971566438354918 ],
							[ 103.83082455369244, 1.2969940481518993 ],
							[ 103.83089605995859, 1.2968492594138796 ],
							[ 103.83099335443569, 1.296692921958935 ],
							[ 103.83113520769687, 1.2965255784194067 ],
							[ 103.8312065791032, 1.2964376470885692 ],
							[ 103.8313071262414, 1.2963219517790792 ],
							[ 103.83131535690933, 1.296312474042285 ],
							[ 103.83136533393588, 1.2962796637258898 ],
							[ 103.83142021700276, 1.2962561050644121 ],
							[ 103.83147832583316, 1.29624253059183 ],
							[ 103.83153788131096, 1.2962393382271777 ],
							[ 103.83156748383016, 1.2962429828383946 ],
							[ 103.83159708634943, 1.2962466274492461 ],
							[ 103.83164762942428, 1.2962581581351882 ],
							[ 103.83169817249957, 1.2962696888201144 ],
							[ 103.83180336498853, 1.2963056645191728 ],
							[ 103.83191054326215, 1.2963415045602211 ],
							[ 103.83191861218342, 1.2963439553934544 ],
							[ 103.83203674370839, 1.296379813522554 ],
							[ 103.8320477598538, 1.296381396166663 ],
							[ 103.83193878436086, 1.2965799494065677 ],
							[ 103.8316612242639, 1.2964509144638148 ],
							[ 103.83162077176772, 1.2965343963538443 ],
							[ 103.83155131435271, 1.2965058907262423 ],
							[ 103.83149334927903, 1.29652590427816 ],
							[ 103.83140430343386, 1.2967318913879793 ],
							[ 103.83165136698264, 1.2968390859280727 ],
							[ 103.83171056314207, 1.2967017491245525 ],
							[ 103.83172188480026, 1.296692705483569 ],
							[ 103.83173303573199, 1.296688572543428 ],
							[ 103.8317459478072, 1.2966882831548676 ],
							[ 103.83187855487213, 1.2967505849279035 ],
							[ 103.83189145796122, 1.2967520590500046 ],
							[ 103.83190553814593, 1.2967479261107784 ],
							[ 103.83191639256157, 1.2967375892269628 ],
							[ 103.83193311447839, 1.2967092464426815 ],
							[ 103.83211184398863, 1.2963906026325362 ],
							[ 103.83213854870677, 1.2963944371522365 ],
							[ 103.8321295363071, 1.296407034949994 ],
							[ 103.83211955347844, 1.2964231145518537 ],
							[ 103.83209482553507, 1.2964629246795263 ],
							[ 103.83203590797213, 1.2965577834766038 ],
							[ 103.8320125368172, 1.2966170826661527 ],
							[ 103.83198257035056, 1.2966742204199873 ],
							[ 103.83180791838811, 1.2970072255360698 ],
							[ 103.83163326637995, 1.2973402297347265 ],
							[ 103.83153150073495, 1.2975343886515762 ],
							[ 103.8315157132924, 1.2975651786448705 ],
							[ 103.83144953103248, 1.2975520806804766 ],
							[ 103.83138334877326, 1.2975389827143229 ],
							[ 103.83131453827359, 1.2975252815329799 ],
							[ 103.83128516485927, 1.297533258006926 ],
							[ 103.83125579144475, 1.2975412344805453 ],
							[ 103.8310057356403, 1.2974914354126539 ],
							[ 103.83075567984565, 1.2974416363198893 ],
							[ 103.83073681045127, 1.297410331712214 ],
							[ 103.83071794105736, 1.2973790271043906 ],
							[ 103.83069911556616, 1.29746993745394 ],
							[ 103.83068180055074, 1.2975374111905686 ],
							[ 103.83066448643294, 1.297604885831421 ],
							[ 103.8306293684408, 1.2977842538944984 ],
							[ 103.83059425044368, 1.297963621956819 ],
							[ 103.83107524919564, 1.2980709515470779 ],
							[ 103.83124106384034, 1.2981081807726123 ],
							[ 103.83120301940903, 1.2981843463454095 ],
							[ 103.83114631217198, 1.298302781912839 ],
							[ 103.83112493670326, 1.2982977970352798 ],
							[ 103.8309687948744, 1.2982648535960941 ],
							[ 103.83081265304959, 1.2982319101472033 ],
							[ 103.83085463593264, 1.2980330910104994 ],
							[ 103.8306863296339, 1.2979970609445717 ],
							[ 103.83062443759056, 1.2982898896839266 ],
							[ 103.83056254553287, 1.2985827184210625 ],
							[ 103.83057169720678, 1.2985845090734587 ],
							[ 103.8305808488807, 1.298586299725838 ],
							[ 103.8305797706202, 1.298592856369539 ],
							[ 103.83057869235968, 1.2985994130132394 ],
							[ 103.83057885858277, 1.2986064761025968 ],
							[ 103.83057902480584, 1.298613539191971 ],
							[ 103.83057969421279, 1.2986216061268165 ],
							[ 103.83058036361973, 1.2986296730616782 ],
							[ 103.8305830367799, 1.2986387528873038 ],
							[ 103.83058570994007, 1.298647832712943 ],
							[ 103.83058921425615, 1.29865489128413 ],
							[ 103.83059271857223, 1.298661949855312 ],
							[ 103.83059555796773, 1.2986668289065653 ],
							[ 103.83059839736323, 1.2986717079578154 ],
							[ 103.83060324500457, 1.2986777581636744 ],
							[ 103.8306080926459, 1.2986838083695236 ],
							[ 103.83061562244244, 1.2986901479750035 ],
							[ 103.83062315223901, 1.2986964875804774 ],
							[ 103.83079418110195, 1.2988037951658262 ],
							[ 103.83096520997934, 1.298911102739466 ],
							[ 103.83097523773303, 1.2989158144895585 ],
							[ 103.83098492404072, 1.298919513350707 ],
							[ 103.83099490686863, 1.298922714811452 ],
							[ 103.83099924683792, 1.298924098493656 ],
							[ 103.83101298558341, 1.2989262328073348 ],
							[ 103.83103169328147, 1.2989275803281193 ],
							[ 103.83094043259214, 1.2989313830968345 ],
							[ 103.83084917190257, 1.29893518586225 ],
							[ 103.83084437356274, 1.2990491086925031 ],
							[ 103.83083957522247, 1.2991630315226594 ],
							[ 103.83111726148879, 1.299155050763669 ],
							[ 103.8313940222523, 1.2991471151914977 ],
							[ 103.8313936538843, 1.2991007800602399 ],
							[ 103.83139328551633, 1.2990544449289654 ],
							[ 103.83139470072838, 1.2990489463920274 ],
							[ 103.83139611594045, 1.2990434478550714 ],
							[ 103.83140016838217, 1.299036529467416 ],
							[ 103.83141675103056, 1.2990279832326777 ],
							[ 103.83143333367882, 1.299019436997829 ],
							[ 103.83143474888453, 1.2990222857480438 ],
							[ 103.83143616409026, 1.299025134498275 ],
							[ 103.83147580340288, 1.299005184240213 ],
							[ 103.83150107138647, 1.298992475220103 ],
							[ 103.83152029482105, 1.2990343048195814 ],
							[ 103.8316259455841, 1.299212283888005 ],
							[ 103.831658827798, 1.2992588586977436 ],
							[ 103.8316917100131, 1.2993054335070535 ],
							[ 103.83173891504079, 1.299340020969533 ],
							[ 103.83178611108433, 1.2993746084311113 ],
							[ 103.8311160168399, 1.2993436831741114 ],
							[ 103.83044591362662, 1.2993127577382764 ],
							[ 103.83044423338181, 1.299282895610417 ],
							[ 103.83040184913847, 1.2991849211999098 ]
						]
					]
				]
			},
			"properties" : {
				"OBJECTID" : 5677,
				"DESCRIPTION" : "SITE AREA:20623.2, FOR ENQUIRIES, PLEASE CALL SLA AT 6323-9829 OR EMAIL at SLA_ENQUIRY@SLA.GOV.SG",
				"INC_CRC" : "DCACF70288182393",
				"FMEL_UPD_D" : "20250214152432",
				"NAME" : "SL along River Valley Rd / Irwell Bank Road",
				"SHAPE.AREA" : 20623.24339524,
				"SHAPE.LEN" : 1744.81677621157
			}
		},
		{
			"type" : "Feature",
			"geometry" : {
				"type" : "Polygon",
				"coordinates" : [
					[
						[ 103.79157565789995, 1.3036704743487848 ],
						[ 103.79147850100131, 1.3037132292718718 ],
						[ 103.79142319067581, 1.3037326495743675 ],
						[ 103.79136788034951, 1.3037520698755931 ],
						[ 103.79131796589498, 1.303765263716403 ],
						[ 103.79130166765377, 1.3036817408563666 ],
						[ 103.79128596604764, 1.303598246945895 ],
						[ 103.79128539007839, 1.3035983210941173 ],
						[ 103.79128536941354, 1.303598217996203 ],
						[ 103.79122194540284, 1.303606537083317 ],
						[ 103.79115852139178, 1.3036148561688088 ],
						[ 103.79116910974037, 1.3034058667477337 ],
						[ 103.79117781060997, 1.3032287742315058 ],
						[ 103.79116773658721, 1.3027679370257752 ],
						[ 103.79115854248076, 1.3023467652619394 ],
						[ 103.79112221033375, 1.3020439653145557 ],
						[ 103.79108831275647, 1.301770955175303 ],
						[ 103.79106707399106, 1.3015999213947362 ],
						[ 103.79117703903945, 1.3015354601421145 ],
						[ 103.79127090109581, 1.3014804401801452 ],
						[ 103.7913229638643, 1.301471035662036 ],
						[ 103.79135803419196, 1.3014646876104963 ],
						[ 103.79139310451947, 1.3014583395584602 ],
						[ 103.79142384385847, 1.3014519959553277 ],
						[ 103.79145458319731, 1.301445652351813 ],
						[ 103.7915247283896, 1.3014301843672278 ],
						[ 103.79157390055974, 1.3014193454734533 ],
						[ 103.79158268921047, 1.3014205990691239 ],
						[ 103.79159989181898, 1.3014230809319534 ],
						[ 103.79160275810074, 1.3014278071888112 ],
						[ 103.79161015023105, 1.3014400813475684 ],
						[ 103.7916102966878, 1.3014404548525715 ],
						[ 103.79161066687281, 1.3014414062502428 ],
						[ 103.79161114653344, 1.3014512991020426 ],
						[ 103.79155735423511, 1.3014504580513706 ],
						[ 103.79155802307396, 1.301430940066774 ],
						[ 103.791436785567, 1.30145437193737 ],
						[ 103.79130465945131, 1.3014799080757395 ],
						[ 103.79129827974991, 1.3016445149773743 ],
						[ 103.79129190004731, 1.301809122783096 ],
						[ 103.79130089268611, 1.3018636054716117 ],
						[ 103.79130988532523, 1.3019180890644306 ],
						[ 103.79132130019913, 1.3019873219791844 ],
						[ 103.7913327150736, 1.302056554893851 ],
						[ 103.79132769209073, 1.3021719806650056 ],
						[ 103.7913226700058, 1.302287406436044 ],
						[ 103.79131970109704, 1.3024028286239417 ],
						[ 103.79131673218782, 1.302518250811721 ],
						[ 103.79142869273608, 1.3025205741914048 ],
						[ 103.79152038659372, 1.3025225011161252 ],
						[ 103.79150795147787, 1.3032394467497137 ],
						[ 103.79154445040676, 1.3032398335230149 ],
						[ 103.79158094933567, 1.303240220295784 ],
						[ 103.79157578061087, 1.303421411453326 ],
						[ 103.79157061188494, 1.3036026026105718 ],
						[ 103.79157371815715, 1.3036026921945019 ],
						[ 103.79157682442937, 1.3036027817784281 ],
						[ 103.79157624116804, 1.303609152112491 ],
						[ 103.79157565880526, 1.303615521542189 ],
						[ 103.79157565880423, 1.3036155848477 ],
						[ 103.79157565835261, 1.3036429979454898 ],
						[ 103.79157565789995, 1.3036704743487848 ]
					]
				]
			},
			"properties" : {
				"OBJECTID" : 5678,
				"DESCRIPTION" : "SITE AREA:7692.3, FOR ENQUIRIES, PLEASE CALL SLA AT 6323-9829 OR EMAIL at SLA_ENQUIRY@SLA.GOV.SG",
				"INC_CRC" : "7E35F6A11861A270",
				"FMEL_UPD_D" : "20250214152432",
				"NAME" : "SL at One-North Park",
				"SHAPE.AREA" : 7692.292067595,
				"SHAPE.LEN" : 664.68995447078
			}
		},
		{
			"type" : "Feature",
			"geometry" : {
				"type" : "Polygon",
				"coordinates" : [
					[
						[ 103.84474436299939, 1.3373959892627494 ],
						[ 103.84466830052229, 1.3376990484956501 ],
						[ 103.84423185088009, 1.3376985268582717 ],
						[ 103.84423032199479, 1.3373956850338997 ],
						[ 103.84374544370262, 1.3373953887116814 ],
						[ 103.84372465775826, 1.3372785810795058 ],
						[ 103.84381905082142, 1.3371623616959671 ],
						[ 103.8447460305402, 1.337161694636237 ],
						[ 103.84474436299939, 1.3373959892627494 ]
					]
				]
			},
			"properties" : {
				"OBJECTID" : 5679,
				"DESCRIPTION" : "SITE AREA:4623.5, FOR ENQUIRIES, PLEASE CALL SLA AT 6323-9829 OR EMAIL at SLA_ENQUIRY@SLA.GOV.SG",
				"INC_CRC" : "1FB166E8767E94AC",
				"FMEL_UPD_D" : "20250214152432",
				"NAME" : "Lorong 1 Toa Payoh BLK 128",
				"SHAPE.AREA" : 4623.4979796,
				"SHAPE.LEN" : 329.375033939269
			}
		},
		{
			"type" : "Feature",
			"geometry" : {
				"type" : "Polygon",
				"coordinates" : [
					[
						[ 103.81349700433555, 1.2959968909268984 ],
						[ 103.8135635304213, 1.2966124446214495 ],
						[ 103.81302569535573, 1.2966143973828037 ],
						[ 103.81301803142186, 1.2965335552497435 ],
						[ 103.81301036748845, 1.296452714020996 ],
						[ 103.81296418997177, 1.2960601252825201 ],
						[ 103.81291817419533, 1.2956688912819374 ],
						[ 103.812919086218, 1.2956687556346111 ],
						[ 103.81291999824066, 1.2956686208916646 ],
						[ 103.81292168301671, 1.295667730106017 ],
						[ 103.81292336779278, 1.2956668384160057 ],
						[ 103.81296955297294, 1.2956608256686108 ],
						[ 103.81302066217592, 1.295654178096009 ],
						[ 103.81310106410136, 1.2956214136075443 ],
						[ 103.81311119054692, 1.2956389050080646 ],
						[ 103.81323954800024, 1.2955721449234676 ],
						[ 103.81322933170618, 1.2955538323595217 ],
						[ 103.81332500908823, 1.2954923905785474 ],
						[ 103.81337612793396, 1.2954011939354222 ],
						[ 103.8133965249829, 1.295386452951062 ],
						[ 103.81342803711368, 1.2953587525071182 ],
						[ 103.81349700433555, 1.2959968909268984 ]
					]
				]
			},
			"properties" : {
				"OBJECTID" : 5680,
				"DESCRIPTION" : "SITE AREA:6958.9, FOR ENQUIRIES, PLEASE CALL SLA AT 6323-9829 OR EMAIL at SLA_ENQUIRY@SLA.GOV.SG",
				"INC_CRC" : "581186B6F080CF02",
				"FMEL_UPD_D" : "20250214152432",
				"NAME" : "Margaret Drive (Beside Skyparc Dawson BLK 96)\r\n",
				"SHAPE.AREA" : 6958.894337265,
				"SHAPE.LEN" : 378.037803902989
			}
		},
		{
			"type" : "Feature",
			"geometry" : {
				"type" : "Polygon",
				"coordinates" : [
					[
						[ 103.95575128330898, 1.3697982910453832 ],
						[ 103.95540739224496, 1.3697984443526823 ],
						[ 103.95539518070362, 1.3697984811531192 ],
						[ 103.95539486289292, 1.3693778080366463 ],
						[ 103.95552154245628, 1.369366487970833 ],
						[ 103.95563796020943, 1.3693520031575004 ],
						[ 103.95586596143939, 1.3693235402056365 ],
						[ 103.9558790453855, 1.369321490247845 ],
						[ 103.95609017036519, 1.3692884032347814 ],
						[ 103.95612099023644, 1.3697981634883776 ],
						[ 103.95603530276529, 1.3697981588612969 ],
						[ 103.95575128330898, 1.3697982910453832 ]
					]
				]
			},
			"properties" : {
				"OBJECTID" : 5498,
				"DESCRIPTION" : "SITE AREA:4039.6, FOR ENQUIRIES, PLEASE CALL  HDB AT 6490-1111 OR EMAIL at HDBMAILBOX@HDB.GOV.SG",
				"INC_CRC" : "5809393AAB260ADD",
				"FMEL_UPD_D" : "20250214152432",
				"NAME" : "PASIR RIS DR 1 (BLK 426)",
				"SHAPE.AREA" : 4039.5781134,
				"SHAPE.LEN" : 261.789809889344
			}
		},
		{
			"type" : "Feature",
			"geometry" : {
				"type" : "Polygon",
				"coordinates" : [
					[
						[ 103.93895275766228, 1.3772615853441506 ],
						[ 103.93904240453216, 1.3773833863371157 ],
						[ 103.93871301419767, 1.3776282463625467 ],
						[ 103.93871270689594, 1.377628469753815 ],
						[ 103.93833882856211, 1.3771220947982392 ],
						[ 103.93861321318154, 1.37692642284522 ],
						[ 103.93871022146892, 1.3770561846310383 ],
						[ 103.93873465508472, 1.3770893266280004 ],
						[ 103.93874201684491, 1.3770839435336746 ],
						[ 103.93876881236203, 1.3770660820823661 ],
						[ 103.93879696089213, 1.37710419881243 ],
						[ 103.9388209456717, 1.3770862117792648 ],
						[ 103.93895275766228, 1.3772615853441506 ]
					]
				]
			},
			"properties" : {
				"OBJECTID" : 5499,
				"DESCRIPTION" : "SITE AREA:2957.8, FOR ENQUIRIES, PLEASE CALL  HDB AT 6490-1111 OR EMAIL at HDBMAILBOX@HDB.GOV.SG",
				"INC_CRC" : "85B17821E07CE2BC",
				"FMEL_UPD_D" : "20250214152432",
				"NAME" : "PASIR RIS DR 1 (NEXT TO PARK VIEW PR SCH)",
				"SHAPE.AREA" : 2957.837232895,
				"SHAPE.LEN" : 229.563039004841
			}
		},
		{
			"type" : "Feature",
			"geometry" : {
				"type" : "Polygon",
				"coordinates" : [
					[
						[ 103.9494459348863, 1.3700852987561751 ],
						[ 103.94955208244905, 1.3702645743821353 ],
						[ 103.9495556051263, 1.370270552045713 ],
						[ 103.94955623058092, 1.3702716065017455 ],
						[ 103.94941717787836, 1.370362867976026 ],
						[ 103.94924599617384, 1.3704776679441832 ],
						[ 103.94908401512274, 1.370597139390159 ],
						[ 103.94905528942745, 1.3706106980841757 ],
						[ 103.94902427977532, 1.3706098133165427 ],
						[ 103.94899686396194, 1.3705998304878337 ],
						[ 103.9489722513056, 1.370581970525841 ],
						[ 103.94895360069795, 1.370546298855886 ],
						[ 103.94888851183791, 1.3703560739008585 ],
						[ 103.94878993903639, 1.3699846118123429 ],
						[ 103.94911003136797, 1.3698481325011247 ],
						[ 103.94926629642032, 1.3697815050405884 ],
						[ 103.9494459348863, 1.3700852987561751 ]
					]
				]
			},
			"properties" : {
				"OBJECTID" : 5500,
				"DESCRIPTION" : "SITE AREA:4616.7, FOR ENQUIRIES, PLEASE CALL  HDB AT 6490-1111 OR EMAIL at HDBMAILBOX@HDB.GOV.SG",
				"INC_CRC" : "309325B23A96BCE6",
				"FMEL_UPD_D" : "20250214152432",
				"NAME" : "PASIR RIS ST 51 (BLK 537)",
				"SHAPE.AREA" : 4616.72147559,
				"SHAPE.LEN" : 267.183545172706
			}
		},
		{
			"type" : "Feature",
			"geometry" : {
				"type" : "Polygon",
				"coordinates" : [
					[
						[ 103.94215427069408, 1.351576856386856 ],
						[ 103.94202435749817, 1.3515767817526079 ],
						[ 103.94174464862819, 1.3515767364537061 ],
						[ 103.94172401574214, 1.351574354384433 ],
						[ 103.94170936803283, 1.3515687082009136 ],
						[ 103.94169599613217, 1.35155969049549 ],
						[ 103.94168590484493, 1.3515498496725786 ],
						[ 103.94168035220983, 1.3515403586342771 ],
						[ 103.94167655184056, 1.3515324456303843 ],
						[ 103.9416737092763, 1.3515231317255183 ],
						[ 103.94167192790484, 1.3515136170044597 ],
						[ 103.94167195126661, 1.3513919250407165 ],
						[ 103.9416719765873, 1.3512738740413974 ],
						[ 103.94167215542572, 1.351152734636113 ],
						[ 103.94167336472428, 1.3510272904175318 ],
						[ 103.94167674806693, 1.3509316783170813 ],
						[ 103.94167832021856, 1.3508836240246076 ],
						[ 103.94168253494335, 1.350833382864285 ],
						[ 103.94215298046325, 1.3508320594280694 ],
						[ 103.94215427069408, 1.351576856386856 ]
					]
				]
			},
			"properties" : {
				"OBJECTID" : 5501,
				"DESCRIPTION" : "SITE AREA:4383.5, FOR ENQUIRIES, PLEASE CALL  HDB AT 6490-1111 OR EMAIL at HDBMAILBOX@HDB.GOV.SG",
				"INC_CRC" : "2324591CD94D368B",
				"FMEL_UPD_D" : "20250214152432",
				"NAME" : "TAMPINES AVE 5 PARCEL A",
				"SHAPE.AREA" : 4383.521635425,
				"SHAPE.LEN" : 267.294737083633
			}
		},
		{
			"type" : "Feature",
			"geometry" : {
				"type" : "Polygon",
				"coordinates" : [
					[
						[ 103.84112455669697, 1.3578548787539397 ],
						[ 103.84104148006068, 1.3582253826336474 ],
						[ 103.84100897227681, 1.3583961050253226 ],
						[ 103.84101258423328, 1.358592252600806 ],
						[ 103.84103425756777, 1.3588501519254774 ],
						[ 103.84106762958268, 1.359183495999671 ],
						[ 103.84058603193836, 1.3594185824967555 ],
						[ 103.84054643186909, 1.3593363578086037 ],
						[ 103.84045857849154, 1.3591539568232787 ],
						[ 103.84043367008431, 1.3591037013695548 ],
						[ 103.84034016471145, 1.358910827856828 ],
						[ 103.840033401403, 1.3582727906289238 ],
						[ 103.84114609404443, 1.3577368546119464 ],
						[ 103.84112455669697, 1.3578548787539397 ]
					]
				]
			},
			"properties" : {
				"OBJECTID" : 5502,
				"DESCRIPTION" : "SITE AREA:12880.2, FOR ENQUIRIES, PLEASE CALL  HDB AT 6490-1111 OR EMAIL at HDBMAILBOX@HDB.GOV.SG",
				"INC_CRC" : "BF014290A7326BC2",
				"FMEL_UPD_D" : "20250214152432",
				"NAME" : "MARYMOUNT RD (NEXT TO ST AUTO)",
				"SHAPE.AREA" : 12880.22829684,
				"SHAPE.LEN" : 499.528140480038
			}
		},
		{
			"type" : "Feature",
			"geometry" : {
				"type" : "Polygon",
				"coordinates" : [
					[
						[ 103.84418983920317, 1.3590914422252998 ],
						[ 103.84443266909992, 1.3593812627579334 ],
						[ 103.84417408958963, 1.3595970271864029 ],
						[ 103.84376746274552, 1.3599408773580053 ],
						[ 103.8437070612971, 1.3599885647519951 ],
						[ 103.84339707202234, 1.3595693298913472 ],
						[ 103.843862563923, 1.3592208039602875 ],
						[ 103.84404441516854, 1.359079044043394 ],
						[ 103.84418983920317, 1.3590914422252998 ]
					]
				]
			},
			"properties" : {
				"OBJECTID" : 5503,
				"DESCRIPTION" : "SITE AREA:5635.3, FOR ENQUIRIES, PLEASE CALL  HDB AT 6490-1111 OR EMAIL at HDBMAILBOX@HDB.GOV.SG",
				"INC_CRC" : "E2ED53A434A23B23",
				"FMEL_UPD_D" : "20250214152432",
				"NAME" : "BISHAN ST 22 (BETWEEN 257 & 283)",
				"SHAPE.AREA" : 5635.2871565,
				"SHAPE.LEN" : 311.141385569221
			}
		},
		{
			"type" : "Feature",
			"geometry" : {
				"type" : "Polygon",
				"coordinates" : [
					[
						[ 103.84884833831812, 1.346148253057652 ],
						[ 103.84842728192213, 1.3462420925705092 ],
						[ 103.84833833083408, 1.3458374623876048 ],
						[ 103.84875934223611, 1.3457435867163494 ],
						[ 103.84884833831812, 1.346148253057652 ]
					]
				]
			},
			"properties" : {
				"OBJECTID" : 5504,
				"DESCRIPTION" : "SITE AREA:2199.3, FOR ENQUIRIES, PLEASE CALL  HDB AT 6490-1111 OR EMAIL at HDBMAILBOX@HDB.GOV.SG",
				"INC_CRC" : "6E7C8B3130493AF9",
				"FMEL_UPD_D" : "20250214152432",
				"NAME" : "BISHAN ST 12 (NEXT TO BLK 107)",
				"SHAPE.AREA" : 2199.305003,
				"SHAPE.LEN" : 187.63698798455
			}
		},
		{
			"type" : "Feature",
			"geometry" : {
				"type" : "Polygon",
				"coordinates" : [
					[
						[ 103.84900497073848, 1.34960875727773 ],
						[ 103.84861564194567, 1.34969205173256 ],
						[ 103.84864906024197, 1.3498107583929202 ],
						[ 103.84818146670725, 1.3499165809903135 ],
						[ 103.84820721131429, 1.3500446117009428 ],
						[ 103.84809202467619, 1.3500702873127364 ],
						[ 103.84808382955653, 1.3500329732873926 ],
						[ 103.84797673590198, 1.3495456843083387 ],
						[ 103.84894372291664, 1.3493298878656486 ],
						[ 103.84900497073848, 1.34960875727773 ]
					]
				]
			},
			"properties" : {
				"OBJECTID" : 5505,
				"DESCRIPTION" : "SITE AREA:4548.1, FOR ENQUIRIES, PLEASE CALL  HDB AT 6490-1111 OR EMAIL at HDBMAILBOX@HDB.GOV.SG",
				"INC_CRC" : "61F7DC267D513464",
				"FMEL_UPD_D" : "20250214152432",
				"NAME" : "BISHAN RD (NEXT TO BISHAN JUNCTION 8)",
				"SHAPE.AREA" : 4548.0541875,
				"SHAPE.LEN" : 340.068414330537
			}
		},
		{
			"type" : "Feature",
			"geometry" : {
				"type" : "Polygon",
				"coordinates" : [
					[
						[ 103.8481926872871, 1.3539440411273196 ],
						[ 103.84823381287188, 1.3539583072213646 ],
						[ 103.84831226055704, 1.3541556345197072 ],
						[ 103.84836345875465, 1.3542670998229525 ],
						[ 103.84795446396826, 1.3546262136762843 ],
						[ 103.8475567745333, 1.3541683635057127 ],
						[ 103.84756110559748, 1.354165469514126 ],
						[ 103.84767244636463, 1.354103510850473 ],
						[ 103.84774608352122, 1.3540688099498976 ],
						[ 103.84790211001526, 1.3540277599123214 ],
						[ 103.84808680051891, 1.3539550388488704 ],
						[ 103.8481390249966, 1.3539404782620459 ],
						[ 103.8481926872871, 1.3539440411273196 ]
					]
				]
			},
			"properties" : {
				"OBJECTID" : 5506,
				"DESCRIPTION" : "SITE AREA:3756.1, FOR ENQUIRIES, PLEASE CALL  HDB AT 6490-1111 OR EMAIL at HDBMAILBOX@HDB.GOV.SG",
				"INC_CRC" : "EDB923E85E6F64E5",
				"FMEL_UPD_D" : "20250214152432",
				"NAME" : "BISHAN ST 22 (OPP BLK 207)",
				"SHAPE.AREA" : 3756.1338373,
				"SHAPE.LEN" : 245.389229863517
			}
		},
		{
			"type" : "Feature",
			"geometry" : {
				"type" : "Polygon",
				"coordinates" : [
					[
						[ 103.8335443215266, 1.413406918118236 ],
						[ 103.83278446740707, 1.4137902417666 ],
						[ 103.8327311452475, 1.4138171465807705 ],
						[ 103.83222790944338, 1.414071010398259 ],
						[ 103.83217842423893, 1.4140959708189347 ],
						[ 103.83208798142114, 1.414141595932962 ],
						[ 103.83195526006163, 1.4142085549640344 ],
						[ 103.83185986616924, 1.4140171462758833 ],
						[ 103.83179282267527, 1.41388262209493 ],
						[ 103.83178987531386, 1.4138764633744767 ],
						[ 103.83337857717497, 1.4130747723783599 ],
						[ 103.8335443215266, 1.413406918118236 ]
					]
				]
			},
			"properties" : {
				"OBJECTID" : 5507,
				"DESCRIPTION" : "SITE AREA:8127, FOR ENQUIRIES, PLEASE CALL  HDB AT 6490-1111 OR EMAIL at HDBMAILBOX@HDB.GOV.SG",
				"INC_CRC" : "B813469A1FE0DDC5",
				"FMEL_UPD_D" : "20250214152432",
				"NAME" : "YISHUN AVE 2 (BESIDE BK 826)",
				"SHAPE.AREA" : 8127.040254,
				"SHAPE.LEN" : 477.764946822662
			}
		},
		{
			"type" : "Feature",
			"geometry" : {
				"type" : "Polygon",
				"coordinates" : [
					[
						[ 103.83881185502015, 1.4131477570925768 ],
						[ 103.8388563710697, 1.4131739835410404 ],
						[ 103.83888999628147, 1.413214046783293 ],
						[ 103.83890239689688, 1.4132635425923246 ],
						[ 103.83889478598675, 1.4133140061190017 ],
						[ 103.83876663943147, 1.413705632187817 ],
						[ 103.83875936094388, 1.4137344181093086 ],
						[ 103.83825430079428, 1.4135663612894942 ],
						[ 103.83843158183367, 1.4130287074932573 ],
						[ 103.83881185502015, 1.4131477570925768 ]
					]
				]
			},
			"properties" : {
				"OBJECTID" : 5508,
				"DESCRIPTION" : "SITE AREA:3670.8, FOR ENQUIRIES, PLEASE CALL  HDB AT 6490-1111 OR EMAIL at HDBMAILBOX@HDB.GOV.SG",
				"INC_CRC" : "40BCBB1C18D10A11",
				"FMEL_UPD_D" : "20250214152432",
				"NAME" : "YISHUN ST 81 (BESIDE BLK 870)",
				"SHAPE.AREA" : 3670.8335865,
				"SHAPE.LEN" : 237.860363414536
			}
		},
		{
			"type" : "Feature",
			"geometry" : {
				"type" : "Polygon",
				"coordinates" : [
					[
						[ 103.83421570011612, 1.4118738220907685 ],
						[ 103.83426190542887, 1.411891547606357 ],
						[ 103.83431050996812, 1.411910267920359 ],
						[ 103.83436586289116, 1.4119289972739533 ],
						[ 103.83442283327058, 1.411948079327425 ],
						[ 103.8344662260089, 1.4119609212748294 ],
						[ 103.8345151989702, 1.4119768380560414 ],
						[ 103.83456551981176, 1.411993026144677 ],
						[ 103.83457561992309, 1.4119952960928162 ],
						[ 103.83458408462579, 1.4120320765706031 ],
						[ 103.83457933112395, 1.4120693182811435 ],
						[ 103.83445887580088, 1.4124346994703825 ],
						[ 103.83405585972291, 1.4122999674888745 ],
						[ 103.83419816869582, 1.4118676814660873 ],
						[ 103.83421570011612, 1.4118738220907685 ]
					]
				]
			},
			"properties" : {
				"OBJECTID" : 5509,
				"DESCRIPTION" : "SITE AREA:2354.8, FOR ENQUIRIES, PLEASE CALL  HDB AT 6490-1111 OR EMAIL at HDBMAILBOX@HDB.GOV.SG",
				"INC_CRC" : "41DC5DAD51C7CAD0",
				"FMEL_UPD_D" : "20250214152432",
				"NAME" : "YISHUN AVE 1 (BESIDE BLK 819)",
				"SHAPE.AREA" : 2354.7896585,
				"SHAPE.LEN" : 192.841496861754
			}
		},
		{
			"type" : "Feature",
			"geometry" : {
				"type" : "Polygon",
				"coordinates" : [
					[
						[ 103.84837305320094, 1.3062617301057962 ],
						[ 103.84835684527461, 1.306273193930629 ],
						[ 103.8484870638698, 1.3064625137597223 ],
						[ 103.84847516716228, 1.306472261979262 ],
						[ 103.84832599376048, 1.3065939406313496 ],
						[ 103.84813481875096, 1.306733494292727 ],
						[ 103.84789947278242, 1.3065361045102664 ],
						[ 103.84834257871961, 1.3062190885879266 ],
						[ 103.84837305320094, 1.3062617301057962 ]
					]
				]
			},
			"properties" : {
				"OBJECTID" : 5510,
				"DESCRIPTION" : "SITE AREA:1761.7, FOR ENQUIRIES, PLEASE CALL SLA AT 6323-9829 OR EMAIL at SLA_ENQUIRY@SLA.GOV.SG",
				"INC_CRC" : "0B92C828E8B6E373",
				"FMEL_UPD_D" : "20250214152432",
				"NAME" : "MAYNE ROAD (NEXT TO REX HOUSE)",
				"SHAPE.AREA" : 1761.727810765,
				"SHAPE.LEN" : 177.429917625411
			}
		},
		{
			"type" : "Feature",
			"geometry" : {
				"type" : "Polygon",
				"coordinates" : [
					[
						[ 103.85569829910207, 1.3163774967006403 ],
						[ 103.85497731443883, 1.3167823600114241 ],
						[ 103.85495668340555, 1.316747062840613 ],
						[ 103.85474281537104, 1.3162860015276743 ],
						[ 103.85458128200246, 1.3161795139836079 ],
						[ 103.85442051973864, 1.3160890626156458 ],
						[ 103.85447518913521, 1.3160625081958126 ],
						[ 103.85450771653596, 1.316046699624514 ],
						[ 103.85462202057536, 1.315977116831218 ],
						[ 103.8546751427477, 1.315960512239919 ],
						[ 103.85471031189269, 1.3159456441824398 ],
						[ 103.85490916907482, 1.315822748350875 ],
						[ 103.85494373616241, 1.315804959197637 ],
						[ 103.85505668340504, 1.3157397535211588 ],
						[ 103.8551604834775, 1.3156837633956335 ],
						[ 103.85533036072864, 1.3155793945993584 ],
						[ 103.85559907924785, 1.3161657496628634 ],
						[ 103.85569829910207, 1.3163774967006403 ]
					]
				]
			},
			"properties" : {
				"OBJECTID" : 5511,
				"DESCRIPTION" : "SITE AREA:9285.4, FOR ENQUIRIES, PLEASE CALL SLA AT 6323-9829 OR EMAIL at SLA_ENQUIRY@SLA.GOV.SG",
				"INC_CRC" : "3FE4FD44F29641F1",
				"FMEL_UPD_D" : "20250214152432",
				"NAME" : "RANGOON ROAD / SING AVE (NEXT TO CSC CLUB)",
				"SHAPE.AREA" : 9285.4433001,
				"SHAPE.LEN" : 408.065877055018
			}
		},
		{
			"type" : "Feature",
			"geometry" : {
				"type" : "Polygon",
				"coordinates" : [
					[
						[ 103.86924223258436, 1.3111744795023648 ],
						[ 103.8688011202549, 1.3110223328254926 ],
						[ 103.86856093158163, 1.3109364821977756 ],
						[ 103.86854608747444, 1.3109305949946464 ],
						[ 103.86854493736921, 1.3109332538427028 ],
						[ 103.86819738586628, 1.310800127230337 ],
						[ 103.86819629865377, 1.3108023972006067 ],
						[ 103.86777998987614, 1.3106423123834292 ],
						[ 103.86766643071479, 1.310599302373948 ],
						[ 103.86769849876353, 1.3105148342812016 ],
						[ 103.86786290928353, 1.3100839655969665 ],
						[ 103.8681671229533, 1.310164657809428 ],
						[ 103.86881036022962, 1.3103340090769822 ],
						[ 103.86900115892215, 1.3103978183133496 ],
						[ 103.86907186602949, 1.3104206525041322 ],
						[ 103.86921684752576, 1.3104691424455142 ],
						[ 103.86965436202983, 1.310623918091606 ],
						[ 103.86924223258436, 1.3111744795023648 ]
					],
					[
						[ 103.86767835437284, 1.310593279141441 ],
						[ 103.86784623109314, 1.3106578122743275 ],
						[ 103.86788470555612, 1.3105564234295703 ],
						[ 103.86811213838986, 1.310643329696132 ],
						[ 103.86827875947525, 1.3102268765267675 ],
						[ 103.86786267598298, 1.3101074881225294 ],
						[ 103.86767835437284, 1.310593279141441 ]
					]
				]
			},
			"properties" : {
				"OBJECTID" : 5512,
				"DESCRIPTION" : "SITE AREA:11171.1, FOR ENQUIRIES, PLEASE CALL SLA AT 6323-9829 OR EMAIL at SLA_ENQUIRY@SLA.GOV.SG",
				"INC_CRC" : "F3443FB4DC2429F2",
				"FMEL_UPD_D" : "20250214152432",
				"NAME" : "KALLANG AVE (NEXT TO INTERNATIONAL PRESS OFFICE)",
				"SHAPE.AREA" : 11171.07013722,
				"SHAPE.LEN" : 747.008197196384
			}
		},
		{
			"type" : "Feature",
			"geometry" : {
				"type" : "Polygon",
				"coordinates" : [
					[
						[ 103.8699860324342, 1.2962636751828052 ],
						[ 103.86993583970731, 1.2969458345450666 ],
						[ 103.86929377367103, 1.2969518008570706 ],
						[ 103.86861472084702, 1.2968912117121338 ],
						[ 103.86865190119154, 1.296790527369165 ],
						[ 103.86865669024999, 1.2967775768000862 ],
						[ 103.86870321509262, 1.2966514715390964 ],
						[ 103.86891476020234, 1.2960777215324435 ],
						[ 103.86889549525509, 1.2960651330487303 ],
						[ 103.868813827178, 1.296103732484895 ],
						[ 103.86869778469735, 1.296421464552883 ],
						[ 103.86867321951331, 1.2964933980627056 ],
						[ 103.86866213188026, 1.2965218947487025 ],
						[ 103.86861875181371, 1.296638838750994 ],
						[ 103.86861492416072, 1.2966491666490403 ],
						[ 103.86858741177956, 1.296723306849101 ],
						[ 103.86856902826717, 1.2967733094284077 ],
						[ 103.86852910926854, 1.2968819784440782 ],
						[ 103.86833525984981, 1.2968610704296037 ],
						[ 103.86778413014595, 1.296608943883988 ],
						[ 103.86778203914014, 1.2966019350864983 ],
						[ 103.86797490162205, 1.2962692799845297 ],
						[ 103.86814664417703, 1.2957674203404526 ],
						[ 103.8699860324342, 1.2962636751828052 ]
					],
					[
						[ 103.86864761133764, 1.2965162788480573 ],
						[ 103.86851666606287, 1.296479038946068 ],
						[ 103.86848777930385, 1.2965818203930621 ],
						[ 103.86861069157166, 1.2966167723664668 ],
						[ 103.86864761133764, 1.2965162788480573 ]
					]
				]
			},
			"properties" : {
				"OBJECTID" : 5513,
				"DESCRIPTION" : "SITE AREA:21096.1, FOR ENQUIRIES, PLEASE CALL SLA AT 6323-9829 OR EMAIL at SLA_ENQUIRY@SLA.GOV.SG",
				"INC_CRC" : "4917A1ECB0B84258",
				"FMEL_UPD_D" : "20250214152432",
				"NAME" : "TANJONG RHU RD / CROSS (JUNCTION)",
				"SHAPE.AREA" : 21096.058613085,
				"SHAPE.LEN" : 879.329609866218
			}
		},
		{
			"type" : "Feature",
			"geometry" : {
				"type" : "Polygon",
				"coordinates" : [
					[
						[ 103.8620134540495, 1.3293774998439185 ],
						[ 103.86210566935921, 1.329779644323314 ],
						[ 103.86209677547276, 1.3297810588536392 ],
						[ 103.86202057522269, 1.3297772559889895 ],
						[ 103.86168327543992, 1.3297771785175563 ],
						[ 103.86156612171641, 1.3297727032645403 ],
						[ 103.86153212035225, 1.329770750228365 ],
						[ 103.8614885224037, 1.3297678115446085 ],
						[ 103.86144843780315, 1.3297644929867185 ],
						[ 103.86140835320269, 1.3297611744281712 ],
						[ 103.86133233531561, 1.3297533796752063 ],
						[ 103.86129663565683, 1.3297492019185304 ],
						[ 103.86125713509927, 1.3297442283638468 ],
						[ 103.8612124858046, 1.3297380068440772 ],
						[ 103.86107611178728, 1.3297162403371128 ],
						[ 103.86102028444982, 1.3297088613536527 ],
						[ 103.86098642682369, 1.329704032429214 ],
						[ 103.8609512123736, 1.3296987332500574 ],
						[ 103.86090843206898, 1.329691887692183 ],
						[ 103.86086958744067, 1.3296853043550763 ],
						[ 103.86083413935533, 1.3296789832449691 ],
						[ 103.86078834887076, 1.3296703651643376 ],
						[ 103.8607180726863, 1.329656086034623 ],
						[ 103.86064029353392, 1.3296390577183745 ],
						[ 103.86056317926841, 1.3296179054902038 ],
						[ 103.86046094131765, 1.3295898894110454 ],
						[ 103.85937442286205, 1.3292919673451031 ],
						[ 103.8590574835044, 1.3292050522160275 ],
						[ 103.8588187554239, 1.3291279838596661 ],
						[ 103.85885388707577, 1.3290341475383234 ],
						[ 103.85928969658264, 1.329149123870447 ],
						[ 103.85931124334833, 1.3290925285122142 ],
						[ 103.85922207037515, 1.3290595744121312 ],
						[ 103.85923930419888, 1.3290147448820835 ],
						[ 103.85890900294373, 1.3288869345110375 ],
						[ 103.85906073867437, 1.3284816510172153 ],
						[ 103.86041281694334, 1.3289723084772773 ],
						[ 103.8604670448728, 1.3289832145141494 ],
						[ 103.860521272584, 1.3289741160073258 ],
						[ 103.86057008182719, 1.3289486485621784 ],
						[ 103.86060803636215, 1.3289086119247733 ],
						[ 103.86063153302253, 1.3288576688118858 ],
						[ 103.86068918267172, 1.3287073085300205 ],
						[ 103.8608058709815, 1.328475783586914 ],
						[ 103.86122024580578, 1.3286233142251709 ],
						[ 103.86166231235981, 1.3284560134913868 ],
						[ 103.86182045544179, 1.328777221125548 ],
						[ 103.8620134540495, 1.3293774998439185 ]
					]
				]
			},
			"properties" : {
				"OBJECTID" : 5514,
				"DESCRIPTION" : "SITE AREA:32058.8, FOR ENQUIRIES, PLEASE CALL  HDB AT 6490-1111 OR EMAIL at HDBMAILBOX@HDB.GOV.SG",
				"INC_CRC" : "35F7B5537822EF8D",
				"FMEL_UPD_D" : "20250214152432",
				"NAME" : "JLN TENTERAM",
				"SHAPE.AREA" : 32058.7868002,
				"SHAPE.LEN" : 1039.54679575159
			}
		},
		{
			"type" : "Feature",
			"geometry" : {
				"type" : "Polygon",
				"coordinates" : [
					[
						[ 103.81592470626654, 1.2829189251665576 ],
						[ 103.81560166292604, 1.2830073969505151 ],
						[ 103.81551930264594, 1.2830356125590234 ],
						[ 103.81550805289938, 1.2830411200623013 ],
						[ 103.8152779942527, 1.2825728473474218 ],
						[ 103.81550072502313, 1.2824341012584348 ],
						[ 103.81551081549765, 1.282450904428715 ],
						[ 103.81556816857153, 1.2825463695871038 ],
						[ 103.81559876302802, 1.2826612874463676 ],
						[ 103.81583820610527, 1.282597106329021 ],
						[ 103.81592470626654, 1.2829189251665576 ]
					]
				]
			},
			"properties" : {
				"OBJECTID" : 5515,
				"DESCRIPTION" : "SITE AREA:2617.6, FOR ENQUIRIES, PLEASE CALL  HDB AT 6490-1111 OR EMAIL at HDBMAILBOX@HDB.GOV.SG",
				"INC_CRC" : "591D75E27FB77C42",
				"FMEL_UPD_D" : "20250214152432",
				"NAME" : "BT MERAH CTR (OPP BLK 161)",
				"SHAPE.AREA" : 2617.591726,
				"SHAPE.LEN" : 227.352454879544
			}
		},
		{
			"type" : "Feature",
			"geometry" : {
				"type" : "Polygon",
				"coordinates" : [
					[
						[ 103.82317553452722, 1.2839297821729956 ],
						[ 103.82241600720442, 1.2841639733572843 ],
						[ 103.82229890288265, 1.2836222582755656 ],
						[ 103.82232303790717, 1.2835613674913244 ],
						[ 103.82233348796099, 1.283551383348041 ],
						[ 103.82237244866785, 1.2835405040065895 ],
						[ 103.8224824300381, 1.2839264159742076 ],
						[ 103.82311413720534, 1.2837356780874667 ],
						[ 103.82317553452722, 1.2839297821729956 ]
					]
				]
			},
			"properties" : {
				"OBJECTID" : 5516,
				"DESCRIPTION" : "SITE AREA:2480.6, FOR ENQUIRIES, PLEASE CALL  HDB AT 6490-1111 OR EMAIL at HDBMAILBOX@HDB.GOV.SG",
				"INC_CRC" : "C9904C4789C4B0E4",
				"FMEL_UPD_D" : "20250214152432",
				"NAME" : "BT MERAH VIEW (NEXT TO BLK 123)",
				"SHAPE.AREA" : 2480.648851805,
				"SHAPE.LEN" : 303.377146697008
			}
		},
		{
			"type" : "Feature",
			"geometry" : {
				"type" : "Polygon",
				"coordinates" : [
					[
						[ 103.80962186387787, 1.4441346023164003 ],
						[ 103.80908361731764, 1.4443332192727403 ],
						[ 103.80893956423307, 1.443959612446308 ],
						[ 103.8091279493426, 1.4436863808976008 ],
						[ 103.80916520963427, 1.443695534360742 ],
						[ 103.80918830357909, 1.443699106843969 ],
						[ 103.80920707976476, 1.443702034469595 ],
						[ 103.80928308782845, 1.4436919588602728 ],
						[ 103.80931965397001, 1.443656717102755 ],
						[ 103.80934340332325, 1.443628781562384 ],
						[ 103.8093964951589, 1.443548638324509 ],
						[ 103.80962186387787, 1.4441346023164003 ]
					]
				]
			},
			"properties" : {
				"OBJECTID" : 5517,
				"DESCRIPTION" : "SITE AREA:3758.3, FOR ENQUIRIES, PLEASE CALL SLA AT 6323-9829 OR EMAIL at SLA_ENQUIRY@SLA.GOV.SG",
				"INC_CRC" : "C370A59E29A05AED",
				"FMEL_UPD_D" : "20250214152432",
				"NAME" : "WOODLANDS VIEW (OPP BLK 689D)",
				"SHAPE.AREA" : 3758.259368905,
				"SHAPE.LEN" : 252.226686250457
			}
		},
		{
			"type" : "Feature",
			"geometry" : {
				"type" : "Polygon",
				"coordinates" : [
					[
						[ 103.77334710452618, 1.4303131669001812 ],
						[ 103.77358173898011, 1.4305498992027892 ],
						[ 103.77358145854157, 1.4313168806831102 ],
						[ 103.77313995271173, 1.4313165073202379 ],
						[ 103.77313084097585, 1.4313165070795755 ],
						[ 103.77325246563427, 1.430623587117932 ],
						[ 103.77328292255714, 1.4304849038054714 ],
						[ 103.77332508807983, 1.4303485992758962 ],
						[ 103.77334024844158, 1.4303062664277113 ],
						[ 103.77334710452618, 1.4303131669001812 ]
					]
				]
			},
			"properties" : {
				"OBJECTID" : 5532,
				"DESCRIPTION" : "SITE AREA:4095.4, FOR ENQUIRIES, PLEASE CALL  HDB AT 6490-1111 OR EMAIL at HDBMAILBOX@HDB.GOV.SG",
				"INC_CRC" : "6E34E6E5BD6EAC39",
				"FMEL_UPD_D" : "20250214152432",
				"NAME" : "WOODLANDS AVE 1 (NEXT TO BLK 303)",
				"SHAPE.AREA" : 4095.352505,
				"SHAPE.LEN" : 287.280415783182
			}
		},
		{
			"type" : "Feature",
			"geometry" : {
				"type" : "Polygon",
				"coordinates" : [
					[
						[ 103.77331221120549, 1.4365274223997766 ],
						[ 103.77330097528292, 1.4383810945789204 ],
						[ 103.77326390932762, 1.438372190141264 ],
						[ 103.77300746169647, 1.4382696918472706 ],
						[ 103.77276613829824, 1.4381353603426998 ],
						[ 103.77254490839606, 1.4379683999260764 ],
						[ 103.77211659361899, 1.4375957003173632 ],
						[ 103.77172376373228, 1.4372524114885161 ],
						[ 103.77163352989426, 1.4371357995372904 ],
						[ 103.77163699305954, 1.4370026601798493 ],
						[ 103.77179861104523, 1.4367937928319932 ],
						[ 103.77190737234294, 1.4366329185992772 ],
						[ 103.77200883714173, 1.4364679112234116 ],
						[ 103.77211881510439, 1.4362733530979648 ],
						[ 103.77216447500547, 1.4362552317928547 ],
						[ 103.77216453341475, 1.4362552091853509 ],
						[ 103.77216458733118, 1.4362551820559009 ],
						[ 103.77216464124785, 1.4362551458828166 ],
						[ 103.77216468617857, 1.4362551097095078 ],
						[ 103.7721647311093, 1.4362550735361814 ],
						[ 103.77216477604001, 1.4362550373628553 ],
						[ 103.77216481198502, 1.4362549921456702 ],
						[ 103.77216484793003, 1.436254946928468 ],
						[ 103.77216488387505, 1.4362549017112827 ],
						[ 103.7721649198203, 1.4362548474504468 ],
						[ 103.77216495486739, 1.4362547769110587 ],
						[ 103.77257942796393, 1.4364378926557728 ],
						[ 103.77263076416976, 1.4364584321181475 ],
						[ 103.77268536244719, 1.4364725326001058 ],
						[ 103.7727400777138, 1.4364801397556786 ],
						[ 103.77279557487417, 1.436483360768974 ],
						[ 103.77331279734504, 1.4364831972425924 ],
						[ 103.77331221120549, 1.4365274223997766 ]
					]
				]
			},
			"properties" : {
				"OBJECTID" : 5533,
				"DESCRIPTION" : "SITE AREA:28128, FOR ENQUIRIES, PLEASE CALL  HDB AT 6490-1111 OR EMAIL at HDBMAILBOX@HDB.GOV.SG",
				"INC_CRC" : "6420E479A3B7AD3B",
				"FMEL_UPD_D" : "20250214152432",
				"NAME" : "WOODLANDS CENTRE RD (JUNCTION OF WOODLANDS ST 13)",
				"SHAPE.AREA" : 28127.9774442,
				"SHAPE.LEN" : 693.470699937029
			}
		},
		{
			"type" : "Feature",
			"geometry" : {
				"type" : "Polygon",
				"coordinates" : [
					[
						[ 103.9024436627811, 1.3846918118403577 ],
						[ 103.9019501573859, 1.3849811538610657 ],
						[ 103.90169704040633, 1.3845116301483207 ],
						[ 103.90215014542578, 1.3841468238444745 ],
						[ 103.90223310632656, 1.3843010063571122 ],
						[ 103.90220667962348, 1.3843145725824308 ],
						[ 103.9022663033034, 1.3844260607735817 ],
						[ 103.90229264912459, 1.3844121147172568 ],
						[ 103.9024436627811, 1.3846918118403577 ]
					]
				]
			},
			"properties" : {
				"OBJECTID" : 5518,
				"DESCRIPTION" : "SITE AREA:4007.2, FOR ENQUIRIES, PLEASE CALL  HDB AT 6490-1111 OR EMAIL at HDBMAILBOX@HDB.GOV.SG",
				"INC_CRC" : "031D4017C92758BE",
				"FMEL_UPD_D" : "20250214152432",
				"NAME" : "RIVERVALE DR (NEXT TO BLK 113)",
				"SHAPE.AREA" : 4007.2140072,
				"SHAPE.LEN" : 262.402873280157
			}
		},
		{
			"type" : "Feature",
			"geometry" : {
				"type" : "Polygon",
				"coordinates" : [
					[
						[ 103.90935761191302, 1.3876973952005482 ],
						[ 103.90953292719688, 1.3877928450754249 ],
						[ 103.90970710138649, 1.387890917627146 ],
						[ 103.90990132328531, 1.3880031880164245 ],
						[ 103.91007610869502, 1.3881061802555135 ],
						[ 103.90926215427241, 1.3890466270072233 ],
						[ 103.90926281026752, 1.389047694134764 ],
						[ 103.90923104409302, 1.389001138536707 ],
						[ 103.9091793828627, 1.388936767622812 ],
						[ 103.90911941005008, 1.388880228762392 ],
						[ 103.90905269817439, 1.388831838431268 ],
						[ 103.90868530799251, 1.3886077670936205 ],
						[ 103.90860386857133, 1.3885628228454552 ],
						[ 103.90851945505777, 1.3885239921857957 ],
						[ 103.90843215734402, 1.3884923874784163 ],
						[ 103.9083420922985, 1.3884697270096809 ],
						[ 103.90828856469356, 1.3884603079648175 ],
						[ 103.90828953420093, 1.3884585055377092 ],
						[ 103.90828986126365, 1.38845789779508 ],
						[ 103.90851900819375, 1.3880318195703714 ],
						[ 103.90884565729735, 1.3874212534966741 ],
						[ 103.90935761191302, 1.3876973952005482 ]
					]
				]
			},
			"properties" : {
				"OBJECTID" : 5519,
				"DESCRIPTION" : "SITE AREA:18020.5, FOR ENQUIRIES, PLEASE CALL  HDB AT 6490-1111 OR EMAIL at HDBMAILBOX@HDB.GOV.SG",
				"INC_CRC" : "C23301FEFF25487E",
				"FMEL_UPD_D" : "20250214152432",
				"NAME" : "RIVERVALE CRESCENT (BLK 183C)",
				"SHAPE.AREA" : 18020.4971449,
				"SHAPE.LEN" : 553.967745699932
			}
		},
		{
			"type" : "Feature",
			"geometry" : {
				"type" : "Polygon",
				"coordinates" : [
					[
						[ 103.69987146858595, 1.3404242211730346 ],
						[ 103.69980605230117, 1.3407805000525326 ],
						[ 103.69936421822669, 1.3406982873427862 ],
						[ 103.69942958064361, 1.3403422616995648 ],
						[ 103.69987146858595, 1.3404242211730346 ]
					]
				]
			},
			"properties" : {
				"OBJECTID" : 5520,
				"DESCRIPTION" : "SITE AREA:2002.6, FOR ENQUIRIES, PLEASE CALL  HDB AT 6490-1111 OR EMAIL at HDBMAILBOX@HDB.GOV.SG",
				"INC_CRC" : "25A64771DC415372",
				"FMEL_UPD_D" : "20250214152432",
				"NAME" : "JURONG WEST ST 62 (NEXT TO BLK 621)",
				"SHAPE.AREA" : 2002.6232,
				"SHAPE.LEN" : 180.106995949628
			}
		},
		{
			"type" : "Feature",
			"geometry" : {
				"type" : "Polygon",
				"coordinates" : [
					[
						[ 103.77116987384285, 1.3127219929313487 ],
						[ 103.77134880140564, 1.3127423003768486 ],
						[ 103.77132220657712, 1.312980337408381 ],
						[ 103.77131295037822, 1.3130631859794808 ],
						[ 103.7710939628833, 1.3130386188761733 ],
						[ 103.77113056243225, 1.3127176148249873 ],
						[ 103.77116987384285, 1.3127219929313487 ]
					]
				]
			},
			"properties" : {
				"OBJECTID" : 5521,
				"DESCRIPTION" : "SITE AREA:874.5, FOR ENQUIRIES, PLEASE CALL  HDB AT 6490-1111 OR EMAIL at HDBMAILBOX@HDB.GOV.SG",
				"INC_CRC" : "35A5FF37A8D1CA68",
				"FMEL_UPD_D" : "20250214152432",
				"NAME" : "CLEMENTI AVE 2 (NEXT TO BLK 361)",
				"SHAPE.AREA" : 874.4890765,
				"SHAPE.LEN" : 120.396467930544
			}
		},
		{
			"type" : "Feature",
			"geometry" : {
				"type" : "Polygon",
				"coordinates" : [
					[
						[ 103.75996151235773, 1.306758672876287 ],
						[ 103.75995522129682, 1.3068012049306617 ],
						[ 103.75943594491702, 1.3070152073515122 ],
						[ 103.75924995702097, 1.3069368839158644 ],
						[ 103.75951472443988, 1.3065728219455188 ],
						[ 103.75996151235773, 1.306758672876287 ]
					]
				]
			},
			"properties" : {
				"OBJECTID" : 5522,
				"DESCRIPTION" : "SITE AREA:1978.1, FOR ENQUIRIES, PLEASE CALL  HDB AT 6490-1111 OR EMAIL at HDBMAILBOX@HDB.GOV.SG",
				"INC_CRC" : "E064B8371A0F901F",
				"FMEL_UPD_D" : "20250214152432",
				"NAME" : "WEST COAST HIGHWAY (NEXT OT BLK 520)",
				"SHAPE.AREA" : 1978.0744275,
				"SHAPE.LEN" : 193.330842851085
			}
		},
		{
			"type" : "Feature",
			"geometry" : {
				"type" : "Polygon",
				"coordinates" : [
					[
						[ 103.75911522186624, 1.3105089910104444 ],
						[ 103.759281839166, 1.3106162137474098 ],
						[ 103.75941201166187, 1.3107441480396755 ],
						[ 103.75906148229237, 1.3110618415665354 ],
						[ 103.75903530065627, 1.3110834749794482 ],
						[ 103.75903303536109, 1.3110853469451964 ],
						[ 103.75903244410479, 1.3110857403258498 ],
						[ 103.75876866357507, 1.310813331681042 ],
						[ 103.75911522186624, 1.3105089910104444 ]
					]
				]
			},
			"properties" : {
				"OBJECTID" : 5523,
				"DESCRIPTION" : "SITE AREA:2298.3, FOR ENQUIRIES, PLEASE CALL  HDB AT 6490-1111 OR EMAIL at HDBMAILBOX@HDB.GOV.SG",
				"INC_CRC" : "9B1B58B62C421C8F",
				"FMEL_UPD_D" : "20250214152432",
				"NAME" : "WEST COAST RD (NEXT TO BLK 501)",
				"SHAPE.AREA" : 2298.34101806,
				"SHAPE.LEN" : 192.175879661973
			}
		},
		{
			"type" : "Feature",
			"geometry" : {
				"type" : "Polygon",
				"coordinates" : [
					[
						[ 103.95791156361629, 1.3431981453827113 ],
						[ 103.95895895431782, 1.343682891117595 ],
						[ 103.95895891209027, 1.3436829833647297 ],
						[ 103.95940572013592, 1.3438896603411405 ],
						[ 103.95936544342553, 1.3439652499365937 ],
						[ 103.95937957712849, 1.3441283328526044 ],
						[ 103.9590673024426, 1.3441560587118901 ],
						[ 103.95909553363285, 1.3444775037806949 ],
						[ 103.9578547462537, 1.3445876467611761 ],
						[ 103.95782210962363, 1.3442136765248016 ],
						[ 103.95778886179886, 1.3438359532135555 ],
						[ 103.95778336487189, 1.3437029037083026 ],
						[ 103.95778832711314, 1.3435687774755234 ],
						[ 103.95780518632154, 1.3434356906494906 ],
						[ 103.95783325055163, 1.343302585161672 ],
						[ 103.95786767717705, 1.343181416930303 ],
						[ 103.95791156361629, 1.3431981453827113 ]
					]
				]
			},
			"properties" : {
				"OBJECTID" : 5524,
				"DESCRIPTION" : "SITE AREA:18167.6, FOR ENQUIRIES, PLEASE CALL  HDB AT 6490-1111 OR EMAIL at HDBMAILBOX@HDB.GOV.SG",
				"INC_CRC" : "318741E5F62E9BEB",
				"FMEL_UPD_D" : "20250214152432",
				"NAME" : "SIMEI RD (NEXT TO BLK 155)",
				"SHAPE.AREA" : 18167.5563807,
				"SHAPE.LEN" : 581.858107105259
			}
		},
		{
			"type" : "Feature",
			"geometry" : {
				"type" : "Polygon",
				"coordinates" : [
					[
						[ 103.94739079684297, 1.319362894489598 ],
						[ 103.94732476601722, 1.31934377568651 ],
						[ 103.94713262547359, 1.319284934932696 ],
						[ 103.94720995225474, 1.3190336089315928 ],
						[ 103.947485039678, 1.3191504761051147 ],
						[ 103.94739079684297, 1.319362894489598 ]
					]
				]
			},
			"properties" : {
				"OBJECTID" : 5525,
				"DESCRIPTION" : "SITE AREA:864.9, FOR ENQUIRIES, PLEASE CALL  HDB AT 6490-1111 OR EMAIL at HDBMAILBOX@HDB.GOV.SG",
				"INC_CRC" : "D04C7F00F6494C36",
				"FMEL_UPD_D" : "20250214152432",
				"NAME" : "BEDOK SOUTH RD (BESIDE BLK 157)",
				"SHAPE.AREA" : 864.941028355,
				"SHAPE.LEN" : 118.044047142425
			}
		},
		{
			"type" : "Feature",
			"geometry" : {
				"type" : "Polygon",
				"coordinates" : [
					[
						[ 103.89315054036622, 1.3716388599108884 ],
						[ 103.89332552317063, 1.3718060000160943 ],
						[ 103.89305518614182, 1.3720852200934932 ],
						[ 103.89293500234814, 1.372086805746067 ],
						[ 103.89288745045656, 1.3724691448118762 ],
						[ 103.89289232089888, 1.3728399338373731 ],
						[ 103.89113796005269, 1.3728486771429202 ],
						[ 103.89111242237078, 1.3728364598090765 ],
						[ 103.89106146366987, 1.3728056855474404 ],
						[ 103.89101474607823, 1.372768770551461 ],
						[ 103.89097639417068, 1.372731303689652 ],
						[ 103.89081491682461, 1.3725579501027194 ],
						[ 103.89075791900957, 1.3724966898760904 ],
						[ 103.89024049082717, 1.3719431050521902 ],
						[ 103.89023195350003, 1.3719047783176883 ],
						[ 103.89024613207087, 1.371867762367084 ],
						[ 103.89042135839944, 1.3717015722709027 ],
						[ 103.89048963025807, 1.3716368181814582 ],
						[ 103.8906812730655, 1.3714550454840744 ],
						[ 103.89088535215694, 1.3712773782830887 ],
						[ 103.8909411790739, 1.3712244716485322 ],
						[ 103.89097474153766, 1.371260355991796 ],
						[ 103.89101562740638, 1.3712985281974055 ],
						[ 103.89106092512908, 1.3713313464614179 ],
						[ 103.89109991279656, 1.3713518781909666 ],
						[ 103.89112954255663, 1.3713642753947612 ],
						[ 103.89116309367046, 1.3713763360794855 ],
						[ 103.89121787978057, 1.3713874945963456 ],
						[ 103.89127370804154, 1.3713906946850136 ],
						[ 103.89151368926764, 1.3713910234419864 ],
						[ 103.89154628083358, 1.3714081874696373 ],
						[ 103.89159900940794, 1.3714271416439592 ],
						[ 103.89165379552082, 1.3714383001506543 ],
						[ 103.89167103012676, 1.3714392854845567 ],
						[ 103.89170465647852, 1.3714412154763167 ],
						[ 103.89170962378313, 1.3714415002290148 ],
						[ 103.891765568784, 1.371441580248067 ],
						[ 103.89258395985321, 1.3714426814137874 ],
						[ 103.89311740521742, 1.3714433011204537 ],
						[ 103.89315056241414, 1.3714411388574044 ],
						[ 103.89315054036622, 1.3716388599108884 ]
					]
				]
			},
			"properties" : {
				"OBJECTID" : 5526,
				"DESCRIPTION" : "SITE AREA:43237.9, FOR ENQUIRIES, PLEASE CALL  HDB AT 6490-1111 OR EMAIL at HDBMAILBOX@HDB.GOV.SG",
				"INC_CRC" : "A122912CC40F33EE",
				"FMEL_UPD_D" : "20250214152432",
				"NAME" : "HOUGANG CENTRAL (OPPOSITE BLK 830A CARPARK)",
				"SHAPE.AREA" : 43237.93507373,
				"SHAPE.LEN" : 892.381622449997
			}
		},
		{
			"type" : "Feature",
			"geometry" : {
				"type" : "Polygon",
				"coordinates" : [
					[
						[ 103.8946675947849, 1.3704927934303641 ],
						[ 103.89456498457947, 1.3703948806075907 ],
						[ 103.89451051194352, 1.3703428901353485 ],
						[ 103.89409924569225, 1.3703536535543865 ],
						[ 103.89410114265665, 1.3700360138179615 ],
						[ 103.89410417002541, 1.3700037912594263 ],
						[ 103.89411353234682, 1.3699729522157524 ],
						[ 103.89412919370612, 1.3699446180988883 ],
						[ 103.89414820678772, 1.3699185448057523 ],
						[ 103.89427311362427, 1.3697854192651113 ],
						[ 103.89435421721609, 1.3697331811368703 ],
						[ 103.89456072242753, 1.3695715208129955 ],
						[ 103.89461068274228, 1.369565089501798 ],
						[ 103.8946581272906, 1.3695676747610874 ],
						[ 103.89470905872146, 1.369587234837512 ],
						[ 103.89474454393942, 1.3696146723195208 ],
						[ 103.89498246426254, 1.3698497464892758 ],
						[ 103.89502993713172, 1.369905426936485 ],
						[ 103.8951209649942, 1.3700121937614769 ],
						[ 103.8946675947849, 1.3704927934303641 ]
					]
				]
			},
			"properties" : {
				"OBJECTID" : 5527,
				"DESCRIPTION" : "SITE AREA:7209.4, FOR ENQUIRIES, PLEASE CALL  HDB AT 6490-1111 OR EMAIL at HDBMAILBOX@HDB.GOV.SG",
				"INC_CRC" : "3763DDC43CDF6F6A",
				"FMEL_UPD_D" : "20250214152432",
				"NAME" : "HOUGANG CENTRAL (NEXT TO HOUGANG PLAZA)",
				"SHAPE.AREA" : 7209.4405135,
				"SHAPE.LEN" : 335.373593524249
			}
		},
		{
			"type" : "Feature",
			"geometry" : {
				"type" : "Polygon",
				"coordinates" : [
					[
						[ 103.8138714972835, 1.4023206988227874 ],
						[ 103.81381095161484, 1.4024381453530967 ],
						[ 103.81368699709405, 1.4025989583129403 ],
						[ 103.81334448524399, 1.4024925289367938 ],
						[ 103.81354568653116, 1.4022128976959651 ],
						[ 103.8138714972835, 1.4023206988227874 ]
					]
				]
			},
			"properties" : {
				"OBJECTID" : 5528,
				"DESCRIPTION" : "SITE AREA:1430.9, FOR ENQUIRIES, PLEASE CALL SLA AT 6323-9829 OR EMAIL at SLA_ENQUIRY@SLA.GOV.SG",
				"INC_CRC" : "9BFAA7A04267DA7D",
				"FMEL_UPD_D" : "20250214152432",
				"NAME" : "MANDAI RD (MENG SUAN ROAD)",
				"SHAPE.AREA" : 1430.89105867,
				"SHAPE.LEN" : 153.371501730173
			}
		},
		{
			"type" : "Feature",
			"geometry" : {
				"type" : "Polygon",
				"coordinates" : [
					[
						[ 103.89526494457081, 1.361197395067761 ],
						[ 103.89524571397946, 1.3613591564082124 ],
						[ 103.89524241488681, 1.3613765727318965 ],
						[ 103.89523849928493, 1.3613903652856845 ],
						[ 103.89521518247521, 1.361429437118103 ],
						[ 103.89518550942502, 1.3614066741425452 ],
						[ 103.89517561151087, 1.3613987512665893 ],
						[ 103.89515480030772, 1.3613831153531453 ],
						[ 103.89507785476371, 1.361332898014042 ],
						[ 103.89500311091656, 1.3612907656282307 ],
						[ 103.89492175369045, 1.3612513555450405 ],
						[ 103.89484685738171, 1.3612206543167975 ],
						[ 103.89426837310407, 1.3610198641492468 ],
						[ 103.89418461680509, 1.3609836374616977 ],
						[ 103.89410449949276, 1.3609390091387592 ],
						[ 103.89403051916801, 1.3608853912809609 ],
						[ 103.89396329593323, 1.3608264284594978 ],
						[ 103.89390218272464, 1.3607582771449056 ],
						[ 103.89384748511955, 1.3606835238105432 ],
						[ 103.89380235713355, 1.3606040765849976 ],
						[ 103.893765378117, 1.3605193114935956 ],
						[ 103.89373735049647, 1.3604295269565698 ],
						[ 103.893734002076, 1.360414963165442 ],
						[ 103.8935134036335, 1.35945557792833 ],
						[ 103.89388803091755, 1.359340886122648 ],
						[ 103.89391238203717, 1.3593401620169647 ],
						[ 103.89393339081941, 1.3593525964895705 ],
						[ 103.89394490199022, 1.3593742828441513 ],
						[ 103.89396809592454, 1.3594523107717544 ],
						[ 103.89398367789336, 1.3594857447097175 ],
						[ 103.8940071581309, 1.359514086879328 ],
						[ 103.89403648788165, 1.359536333488327 ],
						[ 103.89407003172235, 1.3595511642066476 ],
						[ 103.8941061183129, 1.3595582987237036 ],
						[ 103.89414277977141, 1.359556859856308 ],
						[ 103.89434205419, 1.3595340738722395 ],
						[ 103.89437442069803, 1.3595404307269205 ],
						[ 103.89438727168725, 1.3595641726640633 ],
						[ 103.89439837340964, 1.3596690288478743 ],
						[ 103.89440096416276, 1.3597837473359213 ],
						[ 103.89440142318716, 1.3598138174221222 ],
						[ 103.89440506311574, 1.359843091587155 ],
						[ 103.89440852377768, 1.359854379768584 ],
						[ 103.89440927513084, 1.3598604208999405 ],
						[ 103.89441847720276, 1.3598904365016653 ],
						[ 103.89443174971693, 1.359917955955444 ],
						[ 103.89444947009441, 1.359943901702728 ],
						[ 103.89447312996907, 1.3599688253673117 ],
						[ 103.89449855986663, 1.3599876716614858 ],
						[ 103.89452665840597, 1.360002538686368 ],
						[ 103.89454988654158, 1.3600104512772706 ],
						[ 103.89458433770243, 1.3600157137953155 ],
						[ 103.89536295422891, 1.360013025912367 ],
						[ 103.89540572621283, 1.360022158880506 ],
						[ 103.89543678656868, 1.3600423796516534 ],
						[ 103.8954239838874, 1.3602216863902543 ],
						[ 103.89540846050429, 1.3603720282344596 ],
						[ 103.89532772717435, 1.361011794474984 ],
						[ 103.89531166165125, 1.3610097736373288 ],
						[ 103.89526494457081, 1.361197395067761 ]
					]
				]
			},
			"properties" : {
				"OBJECTID" : 5529,
				"DESCRIPTION" : "SITE AREA:27318.9, FOR ENQUIRIES, PLEASE CALL  HDB AT 6490-1111 OR EMAIL at HDBMAILBOX@HDB.GOV.SG",
				"INC_CRC" : "A26FC0DAC5E28831",
				"FMEL_UPD_D" : "20250214152432",
				"NAME" : "DEFU LANE 10",
				"SHAPE.AREA" : 27318.92768809,
				"SHAPE.LEN" : 745.716104366102
			}
		},
		{
			"type" : "Feature",
			"geometry" : {
				"type" : "Polygon",
				"coordinates" : [
					[
						[ 103.89522356758023, 1.3913574980184624 ],
						[ 103.89447056599796, 1.3916184357182262 ],
						[ 103.89441192937291, 1.3914470422564194 ],
						[ 103.89440817987672, 1.391352708186372 ],
						[ 103.89434837505256, 1.391178990538039 ],
						[ 103.89433892097189, 1.391138439119805 ],
						[ 103.89433726652068, 1.3910968565240986 ],
						[ 103.89434377116844, 1.391055753028825 ],
						[ 103.89435806653808, 1.3910166931925694 ],
						[ 103.89438013470344, 1.3909814586119897 ],
						[ 103.89440826839021, 1.3909509717822066 ],
						[ 103.89444171282182, 1.3909263541335821 ],
						[ 103.89447943467769, 1.390909305896389 ],
						[ 103.89462996307513, 1.3908570297506022 ],
						[ 103.89488349619117, 1.390834169842654 ],
						[ 103.89492316174893, 1.3908203311339211 ],
						[ 103.89492607873953, 1.390828328344659 ],
						[ 103.89499399891872, 1.3908046286162696 ],
						[ 103.89499147819751, 1.3907965093061259 ],
						[ 103.89502742906733, 1.3907839648376485 ],
						[ 103.89506028356426, 1.3908800345183883 ],
						[ 103.89501735894123, 1.3908968115924891 ],
						[ 103.89512950069313, 1.3912133539863714 ],
						[ 103.89514965563386, 1.3912071766517575 ],
						[ 103.89517944564828, 1.391290060789607 ],
						[ 103.89519852230593, 1.391284263315699 ],
						[ 103.89522356758023, 1.3913574980184624 ]
					]
				]
			},
			"properties" : {
				"OBJECTID" : 5530,
				"DESCRIPTION" : "SITE AREA:5855.9, FOR ENQUIRIES, PLEASE CALL  HDB AT 6490-1111 OR EMAIL at HDBMAILBOX@HDB.GOV.SG",
				"INC_CRC" : "B07F48FB16A3DAF1",
				"FMEL_UPD_D" : "20250214152432",
				"NAME" : "SENGKANG SQUARE (NEXT TO COMPASS PT COMPLEX)",
				"SHAPE.AREA" : 5855.885786685,
				"SHAPE.LEN" : 317.501130267047
			}
		},
		{
			"type" : "Feature",
			"geometry" : {
				"type" : "Polygon",
				"coordinates" : [
					[
						[ 103.78007951735209, 1.4360754682743555 ],
						[ 103.78002693202471, 1.4360553350077865 ],
						[ 103.77996606186318, 1.4360260231614732 ],
						[ 103.77990777976851, 1.4359919272921808 ],
						[ 103.77985087257882, 1.4359555705453544 ],
						[ 103.77979541218347, 1.4359168805737617 ],
						[ 103.77974125479051, 1.4358765808647866 ],
						[ 103.77968722320952, 1.4358359917612713 ],
						[ 103.7793960027298, 1.435613222080255 ],
						[ 103.7793014630741, 1.4355480423659877 ],
						[ 103.77920203487562, 1.435491001801851 ],
						[ 103.77913929567718, 1.4354610658789595 ],
						[ 103.77913929657942, 1.4354609112328376 ],
						[ 103.77913943046858, 1.435460975445839 ],
						[ 103.7791402504394, 1.435365429475171 ],
						[ 103.77920004311468, 1.4353583316476524 ],
						[ 103.77925873965359, 1.4353448580306791 ],
						[ 103.77931542350238, 1.435324429809978 ],
						[ 103.7793693128745, 1.4352974087124428 ],
						[ 103.7794193564152, 1.4352637223642837 ],
						[ 103.77946503291844, 1.4352242570294738 ],
						[ 103.77950582118318, 1.4351796909684678 ],
						[ 103.77954100232166, 1.435130530607986 ],
						[ 103.77957030673615, 1.4350776079562413 ],
						[ 103.77959304249515, 1.435021510833302 ],
						[ 103.77960873332543, 1.4349630260242567 ],
						[ 103.77961746007925, 1.4349030850254785 ],
						[ 103.7796192311959, 1.4348651470234002 ],
						[ 103.77973001815477, 1.4348990903959584 ],
						[ 103.77975002929217, 1.4349235177227233 ],
						[ 103.78046070248443, 1.435639645470346 ],
						[ 103.78050953140081, 1.435671905248111 ],
						[ 103.78049849668439, 1.4356705394028333 ],
						[ 103.78007951735209, 1.4360754682743555 ]
					]
				]
			},
			"properties" : {
				"OBJECTID" : 5531,
				"DESCRIPTION" : "SITE AREA:9390.3, FOR ENQUIRIES, PLEASE CALL  HDB AT 6490-1111 OR EMAIL at HDBMAILBOX@HDB.GOV.SG",
				"INC_CRC" : "928B3670F6D95098",
				"FMEL_UPD_D" : "20250214152432",
				"NAME" : "WOODLANDS ST 13",
				"SHAPE.AREA" : 9390.3212421,
				"SHAPE.LEN" : 421.083096089569
			}
		},
		{
			"type" : "Feature",
			"geometry" : {
				"type" : "Polygon",
				"coordinates" : [
					[
						[ 103.82196827488865, 1.4484153281774161 ],
						[ 103.82187424427754, 1.4486261529564188 ],
						[ 103.82174962511841, 1.4488695075343854 ],
						[ 103.82155896887267, 1.4492463268433171 ],
						[ 103.82118077345174, 1.4491546594382918 ],
						[ 103.82053903860108, 1.448999114378848 ],
						[ 103.82055801754547, 1.448910233627293 ],
						[ 103.82054784270377, 1.4489078342927773 ],
						[ 103.82054792268386, 1.448907007704863 ],
						[ 103.82027837702458, 1.4488391870238 ],
						[ 103.82032330205492, 1.448613124406881 ],
						[ 103.82005375656884, 1.448522698225344 ],
						[ 103.82027089334366, 1.44807810889767 ],
						[ 103.82085490998317, 1.4482212856360135 ],
						[ 103.8212592340982, 1.4474149969927894 ],
						[ 103.82206796118024, 1.4474951476968676 ],
						[ 103.82212003500088, 1.4475063439787303 ],
						[ 103.82216763373016, 1.4475304907249043 ],
						[ 103.82220750444424, 1.4475659600650195 ],
						[ 103.82223964716286, 1.4476087275811687 ],
						[ 103.82225912857201, 1.4476585942894302 ],
						[ 103.82226701802425, 1.4477116352570663 ],
						[ 103.8222671885398, 1.4477566996992386 ],
						[ 103.82224753588096, 1.4478127882370038 ],
						[ 103.82214787108502, 1.4480260366958246 ],
						[ 103.8220625390851, 1.4482112409043932 ],
						[ 103.82196827488865, 1.4484153281774161 ]
					]
				]
			},
			"properties" : {
				"OBJECTID" : 5534,
				"DESCRIPTION" : "SITE AREA:28482.2, FOR ENQUIRIES, PLEASE CALL  HDB AT 6490-1111 OR EMAIL at HDBMAILBOX@HDB.GOV.SG",
				"INC_CRC" : "670F5D9BA6FC9F87",
				"FMEL_UPD_D" : "20250214152432",
				"NAME" : "SEMBAWANG VISTA (BESIDE BUS INTERCHANGE)",
				"SHAPE.AREA" : 28482.18709568,
				"SHAPE.LEN" : 751.278932272623
			}
		},
		{
			"type" : "Feature",
			"geometry" : {
				"type" : "Polygon",
				"coordinates" : [
					[
						[ 103.82187969552459, 1.443898763708015 ],
						[ 103.82215712797196, 1.444085091149079 ],
						[ 103.82202493356202, 1.4443980455462997 ],
						[ 103.82162994630464, 1.4442288190006414 ],
						[ 103.82179306190757, 1.4438428464600406 ],
						[ 103.82187969552459, 1.443898763708015 ]
					]
				]
			},
			"properties" : {
				"OBJECTID" : 5535,
				"DESCRIPTION" : "SITE AREA:2009.7, FOR ENQUIRIES, PLEASE CALL  HDB AT 6490-1111 OR EMAIL at HDBMAILBOX@HDB.GOV.SG",
				"INC_CRC" : "3D37EDFF30DA55C3",
				"FMEL_UPD_D" : "20250214152432",
				"NAME" : "SEMBAWANG AVE (BESIDE BLK 313) / JLN LEGUNDI",
				"SHAPE.AREA" : 2009.734175,
				"SHAPE.LEN" : 180.324534656897
			}
		},
		{
			"type" : "Feature",
			"geometry" : {
				"type" : "Polygon",
				"coordinates" : [
					[
						[ 103.84688248211287, 1.4280987577633453 ],
						[ 103.84686383016322, 1.4285827372100004 ],
						[ 103.84633029961998, 1.4285619218541097 ],
						[ 103.84634902356856, 1.4280779424102485 ],
						[ 103.84688248211287, 1.4280987577633453 ]
					]
				]
			},
			"properties" : {
				"OBJECTID" : 5536,
				"DESCRIPTION" : "SITE AREA:3182, FOR ENQUIRIES, PLEASE CALL  HDB AT 6490-1111 OR EMAIL at HDBMAILBOX@HDB.GOV.SG",
				"INC_CRC" : "286A4738019CAF2B",
				"FMEL_UPD_D" : "20250214152432",
				"NAME" : "YISHUN RING RD (BLK 396)",
				"SHAPE.AREA" : 3182.03308,
				"SHAPE.LEN" : 225.942036648662
			}
		},
		{
			"type" : "Feature",
			"geometry" : {
				"type" : "Polygon",
				"coordinates" : [
					[
						[ 103.87577492465999, 1.3143669134094933 ],
						[ 103.87586064737842, 1.3144296115292284 ],
						[ 103.87590389512862, 1.3144617247692667 ],
						[ 103.87609093961538, 1.3145992211237212 ],
						[ 103.876215929342, 1.314682945026858 ],
						[ 103.87642909480192, 1.3148257314348095 ],
						[ 103.87661287735897, 1.3149488212788802 ],
						[ 103.8768243261718, 1.3150649831921466 ],
						[ 103.87678834328845, 1.3152990604685633 ],
						[ 103.87676926029967, 1.315427299679078 ],
						[ 103.87621630431406, 1.3152783432972837 ],
						[ 103.87544147554499, 1.315066987610786 ],
						[ 103.87544620890495, 1.3150549287348776 ],
						[ 103.87573365375262, 1.3143365726876306 ],
						[ 103.87577492465999, 1.3143669134094933 ]
					]
				]
			},
			"properties" : {
				"OBJECTID" : 5537,
				"DESCRIPTION" : "SITE AREA:9058.9, FOR ENQUIRIES, PLEASE CALL SLA AT 6323-9829 OR EMAIL at SLA_ENQUIRY@SLA.GOV.SG",
				"INC_CRC" : "FBCCC23093EBC0E9",
				"FMEL_UPD_D" : "20250214152432",
				"NAME" : "LORONG 17 GEYLANG",
				"SHAPE.AREA" : 9058.94454135,
				"SHAPE.LEN" : 426.464457306475
			}
		},
		{
			"type" : "Feature",
			"geometry" : {
				"type" : "Polygon",
				"coordinates" : [
					[
						[ 103.76074802872239, 1.3207529596507495 ],
						[ 103.7608940299633, 1.3205953513922397 ],
						[ 103.76132436939123, 1.3204188411784745 ],
						[ 103.76139573970497, 1.3204758181858611 ],
						[ 103.7616745996449, 1.3206695772217483 ],
						[ 103.76168920869459, 1.3207184856475154 ],
						[ 103.76135404347052, 1.3212199818780166 ],
						[ 103.76131364285031, 1.3212800033338787 ],
						[ 103.76131250166519, 1.3212808443590462 ],
						[ 103.76129497957679, 1.3212921845715087 ],
						[ 103.76126730375206, 1.3213069882013027 ],
						[ 103.76123757936766, 1.321316971511206 ],
						[ 103.76120662411377, 1.3213218632158554 ],
						[ 103.76117528263303, 1.3213215367289664 ],
						[ 103.76114443550651, 1.3213159920762836 ],
						[ 103.76111492736844, 1.3213053920680438 ],
						[ 103.76108755792234, 1.3212900080368932 ],
						[ 103.76064022267558, 1.3209870239497163 ],
						[ 103.7606282839735, 1.320882054078188 ],
						[ 103.76074802872239, 1.3207529596507495 ]
					]
				]
			},
			"properties" : {
				"OBJECTID" : 5538,
				"DESCRIPTION" : "SITE AREA:7083.4, FOR ENQUIRIES, PLEASE CALL SLA AT 6323-9829 OR EMAIL at SLA_ENQUIRY@SLA.GOV.SG",
				"INC_CRC" : "84348CDE56BCBC90",
				"FMEL_UPD_D" : "20250214152432",
				"NAME" : "STATE LAND AT JALAN LEMPENG AND LEMPENG DRIVE",
				"SHAPE.AREA" : 7083.3739995,
				"SHAPE.LEN" : 321.996055335565
			}
		},
		{
			"type" : "Feature",
			"geometry" : {
				"type" : "Polygon",
				"coordinates" : [
					[
						[ 103.85525957514287, 1.3145983531399694 ],
						[ 103.85530176241564, 1.3146376926282395 ],
						[ 103.85534301518993, 1.314676163934012 ],
						[ 103.85538415115293, 1.3147145176727 ],
						[ 103.85542527813162, 1.3147528623671043 ],
						[ 103.85546654888086, 1.314791351757842 ],
						[ 103.85550772977555, 1.3148297507122018 ],
						[ 103.85554918922438, 1.3148684119291014 ],
						[ 103.85559949946754, 1.3149153299148937 ],
						[ 103.85560081168941, 1.3149535302649173 ],
						[ 103.8555374851614, 1.31502129758708 ],
						[ 103.85546789815955, 1.3149563621157079 ],
						[ 103.85542668131983, 1.3149177913317973 ],
						[ 103.85538583289024, 1.3148795913333675 ],
						[ 103.85534442735758, 1.314841029593349 ],
						[ 103.85530340820428, 1.3148026396784411 ],
						[ 103.85526238006672, 1.3147642497629186 ],
						[ 103.85522134294499, 1.3147258688903947 ],
						[ 103.85519405375436, 1.3147003931793542 ],
						[ 103.85519258886612, 1.3146714806550375 ],
						[ 103.85525957514287, 1.3145983531399694 ]
					]
				]
			},
			"properties" : {
				"OBJECTID" : 5539,
				"DESCRIPTION" : "SITE AREA:715.8, FOR ENQUIRIES, PLEASE CALL  HDB AT 6490-1111 OR EMAIL at HDBMAILBOX@HDB.GOV.SG",
				"INC_CRC" : "669C98F64709DA7C",
				"FMEL_UPD_D" : "20250214152432",
				"NAME" : "TESSENSOHN RD",
				"SHAPE.AREA" : 715.76366375,
				"SHAPE.LEN" : 132.437098617592
			}
		},
		{
			"type" : "Feature",
			"geometry" : {
				"type" : "Polygon",
				"coordinates" : [
					[
						[ 103.85522928477174, 1.3145701101000216 ],
						[ 103.85516239733572, 1.314643282831643 ],
						[ 103.85513367968058, 1.314644178405101 ],
						[ 103.85510782818471, 1.3146201767947892 ],
						[ 103.85506787832429, 1.3145830620205525 ],
						[ 103.85502774875349, 1.3145457663742903 ],
						[ 103.85498744845769, 1.3145082808122674 ],
						[ 103.85494731888934, 1.3144709942082733 ],
						[ 103.85490700961061, 1.3144335267322556 ],
						[ 103.85486670033299, 1.314396050211904 ],
						[ 103.85481626431664, 1.3143491141244452 ],
						[ 103.85486917936893, 1.3142837190590946 ],
						[ 103.85490704513283, 1.3142798995983935 ],
						[ 103.85494482853106, 1.314311102562665 ],
						[ 103.8549872673511, 1.3143461463223371 ],
						[ 103.85500329759809, 1.3143593860806604 ],
						[ 103.85502834038958, 1.314382736556718 ],
						[ 103.8550684070598, 1.3144200955091483 ],
						[ 103.85510862648599, 1.3144575991578915 ],
						[ 103.85514885489901, 1.3144951208931681 ],
						[ 103.85518880476029, 1.3145323622771663 ],
						[ 103.85522928477174, 1.3145701101000216 ]
					]
				]
			},
			"properties" : {
				"OBJECTID" : 5540,
				"DESCRIPTION" : "SITE AREA:658.6, FOR ENQUIRIES, PLEASE CALL  HDB AT 6490-1111 OR EMAIL at HDBMAILBOX@HDB.GOV.SG",
				"INC_CRC" : "05E0A53FE4A45543",
				"FMEL_UPD_D" : "20250214152432",
				"NAME" : "TESSENSOHN RD",
				"SHAPE.AREA" : 658.56358575,
				"SHAPE.LEN" : 123.981246915506
			}
		},
		{
			"type" : "Feature",
			"geometry" : {
				"type" : "Polygon",
				"coordinates" : [
					[
						[ 103.93421313026339, 1.348088720473758 ],
						[ 103.93363017184578, 1.3483317651476305 ],
						[ 103.9330458607865, 1.3469132777272823 ],
						[ 103.93318577237719, 1.3468550391198277 ],
						[ 103.9335243485058, 1.3476769654582306 ],
						[ 103.93396804123945, 1.3474918239352025 ],
						[ 103.93421313026339, 1.348088720473758 ]
					]
				]
			},
			"properties" : {
				"OBJECTID" : 5541,
				"DESCRIPTION" : "SITE AREA:6675.1, FOR ENQUIRIES, PLEASE CALL  HDB AT 6490-1111 OR EMAIL at HDBMAILBOX@HDB.GOV.SG",
				"INC_CRC" : "38F85560B7FE88D6",
				"FMEL_UPD_D" : "20250214152432",
				"NAME" : "STATE LAND AT TAMPINES AVE 1 IN FRONT OF BLK 897",
				"SHAPE.AREA" : 6675.085786,
				"SHAPE.LEN" : 480.122901947137
			}
		},
		{
			"type" : "Feature",
			"geometry" : {
				"type" : "Polygon",
				"coordinates" : [
					[
						[ 103.94402100307485, 1.3528768652602094 ],
						[ 103.94423983905826, 1.352879007587706 ],
						[ 103.94426394755254, 1.3528804444153868 ],
						[ 103.94428740029514, 1.3528862583885075 ],
						[ 103.94430874166768, 1.352897607158361 ],
						[ 103.94432798954249, 1.3529123112100223 ],
						[ 103.94463246975296, 1.353160852218141 ],
						[ 103.94464279526608, 1.3531834517651842 ],
						[ 103.94463508667744, 1.3532070921619967 ],
						[ 103.94462623686562, 1.3532296654635103 ],
						[ 103.9446230570524, 1.3532537578325434 ],
						[ 103.94462284250415, 1.3532780399808522 ],
						[ 103.94462625813782, 1.3533020868272427 ],
						[ 103.94463480450271, 1.3533247949799192 ],
						[ 103.94464662156618, 1.353345983652181 ],
						[ 103.94466170929492, 1.3533649203101927 ],
						[ 103.94467995084278, 1.3533808814691162 ],
						[ 103.94470084297929, 1.3533930894002415 ],
						[ 103.94472324455505, 1.3534020958174924 ],
						[ 103.94474697580546, 1.353406761232117 ],
						[ 103.94477112915952, 1.3534065882866038 ],
						[ 103.94479487797997, 1.3534024632945933 ],
						[ 103.94481775503151, 1.3533947661100592 ],
						[ 103.94483894260934, 1.3533832164184167 ],
						[ 103.94485754215081, 1.3533678142613081 ],
						[ 103.94451757204584, 1.3537852204832592 ],
						[ 103.94448552210481, 1.3538245526955843 ],
						[ 103.94439634465401, 1.353734780722572 ],
						[ 103.94402103383167, 1.353357181340897 ],
						[ 103.94402100307485, 1.3528768652602094 ]
					]
				]
			},
			"properties" : {
				"OBJECTID" : 5542,
				"DESCRIPTION" : "SITE AREA:5339.6, FOR ENQUIRIES, PLEASE CALL  HDB AT 6490-1111 OR EMAIL at HDBMAILBOX@HDB.GOV.SG",
				"INC_CRC" : "B634116AE0EDAC1F",
				"FMEL_UPD_D" : "20250214152432",
				"NAME" : "STATE LAND AT TAMPINES CENTRAL 5",
				"SHAPE.AREA" : 5339.579312,
				"SHAPE.LEN" : 318.716607323793
			}
		},
		{
			"type" : "Feature",
			"geometry" : {
				"type" : "Polygon",
				"coordinates" : [
					[
						[ 103.95378280804768, 1.3536953337067021 ],
						[ 103.9534203729334, 1.3536959125002757 ],
						[ 103.9532443535561, 1.3536961654434536 ],
						[ 103.95318866964104, 1.3536961139519632 ],
						[ 103.95307313249474, 1.3536962915246278 ],
						[ 103.95332458258801, 1.3532571658458425 ],
						[ 103.95353163826742, 1.3532568028287413 ],
						[ 103.95378280804768, 1.3536953337067021 ]
					]
				]
			},
			"properties" : {
				"OBJECTID" : 5543,
				"DESCRIPTION" : "SITE AREA:2475.7, FOR ENQUIRIES, PLEASE CALL  HDB AT 6490-1111 OR EMAIL at HDBMAILBOX@HDB.GOV.SG",
				"INC_CRC" : "6BBCAA30A5967C33",
				"FMEL_UPD_D" : "20250214152432",
				"NAME" : "STATE LAND AT TAMPINES AVENUE 2(NEXT TO BLK 201B)",
				"SHAPE.AREA" : 2475.654722,
				"SHAPE.LEN" : 214.035313217335
			}
		},
		{
			"type" : "Feature",
			"geometry" : {
				"type" : "Polygon",
				"coordinates" : [
					[
						[ 103.91187648123153, 1.3914568138585064 ],
						[ 103.91219490390989, 1.3918089350912177 ],
						[ 103.91253271875595, 1.3921838907908244 ],
						[ 103.91166130144454, 1.3928969924291525 ],
						[ 103.91124387816018, 1.393238358268679 ],
						[ 103.91063977545768, 1.3924885073885853 ],
						[ 103.91032068747676, 1.3920939776525294 ],
						[ 103.91154748470176, 1.391093006746533 ],
						[ 103.91187648123153, 1.3914568138585064 ]
					]
				]
			},
			"properties" : {
				"OBJECTID" : 5544,
				"DESCRIPTION" : "SITE AREA:29367.5, FOR ENQUIRIES, PLEASE CALL  HDB AT 6490-1111 OR EMAIL at HDBMAILBOX@HDB.GOV.SG",
				"INC_CRC" : "86AD5192FC5613CE",
				"FMEL_UPD_D" : "20250214152432",
				"NAME" : "PUNGGOL FIELD WALK",
				"SHAPE.AREA" : 29367.514878835,
				"SHAPE.LEN" : 686.605703743103
			}
		},
		{
			"type" : "Feature",
			"geometry" : {
				"type" : "Polygon",
				"coordinates" : [
					[
						[ 103.8969853649247, 1.3070204573536144 ],
						[ 103.89720556470387, 1.3064539878438162 ],
						[ 103.89868635099239, 1.3070509600996254 ],
						[ 103.89870961464122, 1.3070613596781644 ],
						[ 103.89870077419891, 1.3071100689633794 ],
						[ 103.8984852796126, 1.3076110380823607 ],
						[ 103.89841734453974, 1.307769267409246 ],
						[ 103.8969853649247, 1.3070204573536144 ]
					]
				]
			},
			"properties" : {
				"OBJECTID" : 5545,
				"DESCRIPTION" : "SITE AREA:13707.2, FOR ENQUIRIES, PLEASE CALL SLA AT 6323-9829 OR EMAIL at SLA_ENQUIRY@SLA.GOV.SG",
				"INC_CRC" : "8C2B339C4F4D48A8",
				"FMEL_UPD_D" : "20250214152432",
				"NAME" : "TANJONG KATONG ROAD(NEXT TO TG KATONG GIRL'S SCH)",
				"SHAPE.AREA" : 13707.19909443,
				"SHAPE.LEN" : 512.110562105948
			}
		},
		{
			"type" : "Feature",
			"geometry" : {
				"type" : "MultiPolygon",
				"coordinates" : [
					[
						[
							[ 103.83387856096499, 1.417996890598846 ],
							[ 103.83387832823057, 1.4179970072618506 ],
							[ 103.83387592809923, 1.4179921987594755 ],
							[ 103.83387856096499, 1.417996890598846 ]
						]
					],
					[
						[
							[ 103.83462345476431, 1.4175925039761028 ],
							[ 103.83462761253779, 1.4176008729574738 ],
							[ 103.83460906836916, 1.4176037904458276 ],
							[ 103.83387400511619, 1.4179775372121148 ],
							[ 103.83387184850378, 1.4179786314929697 ],
							[ 103.8338686791815, 1.4179776755810398 ],
							[ 103.8334340318315, 1.4171069233110756 ],
							[ 103.83419118576819, 1.4167246964539304 ],
							[ 103.83462345476431, 1.4175925039761028 ]
						]
					]
				]
			},
			"properties" : {
				"OBJECTID" : 5546,
				"DESCRIPTION" : "SITE AREA:10164.1, FOR ENQUIRIES, PLEASE CALL  HDB AT 6490-1111 OR EMAIL at HDBMAILBOX@HDB.GOV.SG",
				"INC_CRC" : "369DBAE0A74D576B",
				"FMEL_UPD_D" : "20250214152432",
				"NAME" : "YISHUN AVE 2(BESDIE BLK 846)",
				"SHAPE.AREA" : 10164.054929165,
				"SHAPE.LEN" : 405.986155071038
			}
		},
		{
			"type" : "Feature",
			"geometry" : {
				"type" : "Polygon",
				"coordinates" : [
					[
						[ 103.83334294824344, 1.4208730934511977 ],
						[ 103.83350683303881, 1.420875616619917 ],
						[ 103.83349464821669, 1.4216632633073651 ],
						[ 103.83251548161671, 1.4216482507267585 ],
						[ 103.83252713660254, 1.4208605950006719 ],
						[ 103.83263565029739, 1.4208622771530428 ],
						[ 103.8326502257095, 1.4198858445012503 ],
						[ 103.83335766713301, 1.4198970315841455 ],
						[ 103.83334294824344, 1.4208730934511977 ]
					]
				]
			},
			"properties" : {
				"OBJECTID" : 5547,
				"DESCRIPTION" : "SITE AREA:17994.9, FOR ENQUIRIES, PLEASE CALL  HDB AT 6490-1111 OR EMAIL at HDBMAILBOX@HDB.GOV.SG",
				"INC_CRC" : "21D1E64ED0C81543",
				"FMEL_UPD_D" : "20250214152432",
				"NAME" : "YISHUN RING RD (BESIDE BLK 791)",
				"SHAPE.AREA" : 17994.8508375,
				"SHAPE.LEN" : 608.165751276463
			}
		},
		{
			"type" : "Feature",
			"geometry" : {
				"type" : "MultiPolygon",
				"coordinates" : [
					[
						[
							[ 103.94402157736248, 1.32693407298534 ],
							[ 103.94395629339967, 1.327145367657097 ],
							[ 103.9438982985464, 1.3272972399303313 ],
							[ 103.94392827783881, 1.3271751405448622 ],
							[ 103.94398235425471, 1.327006564864599 ],
							[ 103.94402786035269, 1.3268803589717693 ],
							[ 103.94404044764995, 1.3268482083035238 ],
							[ 103.94405476020145, 1.3268167991351079 ],
							[ 103.94406113944818, 1.3268060278855545 ],
							[ 103.94402157736248, 1.32693407298534 ]
						]
					],
					[
						[
							[ 103.94593489655938, 1.3283820871493908 ],
							[ 103.9457589959671, 1.3283075187355842 ],
							[ 103.94513540675378, 1.328059959782599 ],
							[ 103.94498140994412, 1.3279988680317263 ],
							[ 103.94483523071378, 1.32794132101819 ],
							[ 103.94469900786754, 1.327892885000015 ],
							[ 103.94464610930724, 1.3278765862566142 ],
							[ 103.94445710574229, 1.3278347137681312 ],
							[ 103.94433929571085, 1.327818720914758 ],
							[ 103.9441734404448, 1.32781186428902 ],
							[ 103.94401671500438, 1.3278168001329835 ],
							[ 103.94400086455374, 1.3278174519883426 ],
							[ 103.94394154219253, 1.3278202762722444 ],
							[ 103.94388788070462, 1.3278228289910976 ],
							[ 103.94384135215886, 1.327790011754559 ],
							[ 103.94384425196228, 1.327733181458896 ],
							[ 103.94384987347716, 1.3276559757444422 ],
							[ 103.94385423801053, 1.3276011349812444 ],
							[ 103.9438548767186, 1.3276176938374011 ],
							[ 103.94385694412146, 1.3276341441057382 ],
							[ 103.94386043122718, 1.3276503410885814 ],
							[ 103.94386531107398, 1.3276661672199719 ],
							[ 103.94387153872937, 1.327681513978371 ],
							[ 103.94387907824526, 1.3276962457109425 ],
							[ 103.94388786671888, 1.3277102719841978 ],
							[ 103.94389782327485, 1.3277234661909854 ],
							[ 103.94390889399597, 1.327735737897394 ],
							[ 103.94392098902247, 1.3277469876275683 ],
							[ 103.9439340095103, 1.3277571430368822 ],
							[ 103.94394785661416, 1.32776610464987 ],
							[ 103.94396243149116, 1.3277738272528166 ],
							[ 103.94396824523965, 1.3277762778144837 ],
							[ 103.9440188760571, 1.3277771174957613 ],
							[ 103.94430844702696, 1.3277884351951235 ],
							[ 103.94449261555869, 1.3278121392639157 ],
							[ 103.94467378374878, 1.3278542562828726 ],
							[ 103.94484865387098, 1.3279139001264022 ],
							[ 103.94502152962234, 1.3279826781124415 ],
							[ 103.94503175541377, 1.3279883570462994 ],
							[ 103.94529190701303, 1.3272438013424228 ],
							[ 103.94550035582425, 1.327338782495508 ],
							[ 103.94551620656328, 1.327344624860441 ],
							[ 103.9455983017864, 1.327380536073741 ],
							[ 103.94629193333265, 1.3276337439698236 ],
							[ 103.94604900334605, 1.3282914918890545 ],
							[ 103.94599585894076, 1.3282636046820957 ],
							[ 103.94593489655938, 1.3283820871493908 ]
						],
						[
							[ 103.94562821976184, 1.327693724607441 ],
							[ 103.94564501401278, 1.3277001990778219 ],
							[ 103.94567876910183, 1.3276214727481486 ],
							[ 103.94566198383484, 1.3276149530594124 ],
							[ 103.94562821976184, 1.327693724607441 ]
						],
						[
							[ 103.94573392515531, 1.3274858610158424 ],
							[ 103.94588093989825, 1.3275405230208903 ],
							[ 103.94589266443852, 1.327505632165177 ],
							[ 103.94574715932184, 1.327452190981451 ],
							[ 103.94573392515531, 1.3274858610158424 ]
						]
					]
				]
			},
			"properties" : {
				"OBJECTID" : 5548,
				"DESCRIPTION" : "SITE AREA:11081.7, FOR ENQUIRIES, PLEASE CALL  HDB AT 6490-1111 OR EMAIL at HDBMAILBOX@HDB.GOV.SG",
				"INC_CRC" : "5B1DB96D061EAD7E",
				"FMEL_UPD_D" : "20250214152432",
				"NAME" : "TANAH MERAH KECHIL LINK",
				"SHAPE.AREA" : 11081.67896742,
				"SHAPE.LEN" : 898.670717833298
			}
		},
		{
			"type" : "Feature",
			"geometry" : {
				"type" : "Polygon",
				"coordinates" : [
					[
						[ 103.95377351894155, 1.359678251999833 ],
						[ 103.95377330059036, 1.3596782520107944 ],
						[ 103.95351191712295, 1.359678048071365 ],
						[ 103.95351188468842, 1.3592037914051123 ],
						[ 103.95273673806827, 1.3592037487026376 ],
						[ 103.9527368332453, 1.3596778878121718 ],
						[ 103.95247651817917, 1.359678045451702 ],
						[ 103.95247566336451, 1.3587372644190663 ],
						[ 103.9525295395215, 1.358683063305974 ],
						[ 103.95257123645136, 1.358682113463701 ],
						[ 103.95286264352384, 1.3586818204300097 ],
						[ 103.95372012189209, 1.3586833095770123 ],
						[ 103.95372071854572, 1.3586834506276195 ],
						[ 103.95377281545944, 1.3587370079712935 ],
						[ 103.95377351894155, 1.359678251999833 ]
					]
				]
			},
			"properties" : {
				"OBJECTID" : 5549,
				"DESCRIPTION" : "SITE AREA:11331.8, FOR ENQUIRIES, PLEASE CALL  HDB AT 6490-1111 OR EMAIL at HDBMAILBOX@HDB.GOV.SG",
				"INC_CRC" : "6990AA7F7D7DD299",
				"FMEL_UPD_D" : "20250214152432",
				"NAME" : "TAMPINES ST 43/44 (NEXT TO BLK 473)",
				"SHAPE.AREA" : 11331.77805888,
				"SHAPE.LEN" : 606.655801725481
			}
		},
		{
			"type" : "Feature",
			"geometry" : {
				"type" : "Polygon",
				"coordinates" : [
					[
						[ 103.95134652787642, 1.3546477208077394 ],
						[ 103.95139781940526, 1.3546800130773369 ],
						[ 103.95147985875363, 1.3547843661517367 ],
						[ 103.95154838882974, 1.3549013827691856 ],
						[ 103.9515966071792, 1.3550242127194465 ],
						[ 103.95166256478443, 1.3552729362852893 ],
						[ 103.95111331809575, 1.3552724386943324 ],
						[ 103.95086298968671, 1.3550213592087639 ],
						[ 103.95118842921553, 1.3547194960437423 ],
						[ 103.95123270819632, 1.3546740523747933 ],
						[ 103.95128616232032, 1.3546455352081774 ],
						[ 103.95134652787642, 1.3546477208077394 ]
					]
				]
			},
			"properties" : {
				"OBJECTID" : 5550,
				"DESCRIPTION" : "SITE AREA:3982.5, FOR ENQUIRIES, PLEASE CALL  HDB AT 6490-1111 OR EMAIL at HDBMAILBOX@HDB.GOV.SG",
				"INC_CRC" : "20C4738943AB4BF3",
				"FMEL_UPD_D" : "20250214152432",
				"NAME" : "TAMPINES ST 21/24 (JUNCTION)",
				"SHAPE.AREA" : 3982.529104885,
				"SHAPE.LEN" : 249.737418723418
			}
		},
		{
			"type" : "Feature",
			"geometry" : {
				"type" : "Polygon",
				"coordinates" : [
					[
						[ 103.74730460516716, 1.3799431491896117 ],
						[ 103.74668589152687, 1.3802223939390599 ],
						[ 103.74648218360947, 1.379764706351461 ],
						[ 103.74710105888944, 1.3794855249595839 ],
						[ 103.74730460516716, 1.3799431491896117 ]
					]
				]
			},
			"properties" : {
				"OBJECTID" : 5551,
				"DESCRIPTION" : "SITE AREA:4184.5, FOR ENQUIRIES, PLEASE CALL  HDB AT 6490-1111 OR EMAIL at HDBMAILBOX@HDB.GOV.SG",
				"INC_CRC" : "407B7BA3B0A48C2C",
				"FMEL_UPD_D" : "20250214152432",
				"NAME" : "CHOA CHU KANG WAY (BLK 239)",
				"SHAPE.AREA" : 4184.531803,
				"SHAPE.LEN" : 261.831721706852
			}
		},
		{
			"type" : "Feature",
			"geometry" : {
				"type" : "Polygon",
				"coordinates" : [
					[
						[ 103.75161142911737, 1.3558121830603562 ],
						[ 103.75166341010113, 1.3558407717546435 ],
						[ 103.75168766051321, 1.3558956131784698 ],
						[ 103.75167555521462, 1.3562126192938704 ],
						[ 103.75167699999709, 1.3562694947613092 ],
						[ 103.75168962295388, 1.3563253938956592 ],
						[ 103.75171324445652, 1.3563778206475416 ],
						[ 103.75174580774367, 1.3564252185373544 ],
						[ 103.75172369766712, 1.3564520113635523 ],
						[ 103.75172083652214, 1.3564554632218189 ],
						[ 103.75167009089276, 1.356512008633454 ],
						[ 103.75148387263432, 1.3565045774783975 ],
						[ 103.75123014531812, 1.3564944580456084 ],
						[ 103.75125479843337, 1.3557979633705948 ],
						[ 103.75161142911737, 1.3558121830603562 ]
					]
				]
			},
			"properties" : {
				"OBJECTID" : 5552,
				"DESCRIPTION" : "SITE AREA:3817.7, FOR ENQUIRIES, PLEASE CALL  HDB AT 6490-1111 OR EMAIL at HDBMAILBOX@HDB.GOV.SG",
				"INC_CRC" : "756641ED79215DA4",
				"FMEL_UPD_D" : "20250214152432",
				"NAME" : "BT BATOK ST 51",
				"SHAPE.AREA" : 3817.71776104,
				"SHAPE.LEN" : 252.23241546183
			}
		},
		{
			"type" : "Feature",
			"geometry" : {
				"type" : "Polygon",
				"coordinates" : [
					[
						[ 103.68901102900062, 1.3386670959154514 ],
						[ 103.68899224909104, 1.3386686141306623 ],
						[ 103.68892364311922, 1.3386894646450718 ],
						[ 103.68885961007616, 1.3387226237903243 ],
						[ 103.68880245031693, 1.338767196385131 ],
						[ 103.68875361967498, 1.3388202252538002 ],
						[ 103.68869485862571, 1.3388964684945455 ],
						[ 103.68832723122638, 1.3386101348006503 ],
						[ 103.68868371546381, 1.338147918673682 ],
						[ 103.68882852877954, 1.3382662629818425 ],
						[ 103.6888747752392, 1.338304049952095 ],
						[ 103.68891455228567, 1.338338626054508 ],
						[ 103.68896021523936, 1.338366962409743 ],
						[ 103.68901079371584, 1.338388100336673 ],
						[ 103.68906507472512, 1.3384009997472908 ],
						[ 103.68912169249292, 1.3384051269870967 ],
						[ 103.68914903569024, 1.3384027230028617 ],
						[ 103.68901102900062, 1.3386670959154514 ]
					]
				]
			},
			"properties" : {
				"OBJECTID" : 5553,
				"DESCRIPTION" : "SITE AREA:3757.1, FOR ENQUIRIES, PLEASE CALL  HDB AT 6490-1111 OR EMAIL at HDBMAILBOX@HDB.GOV.SG",
				"INC_CRC" : "D1D64B8190EC3141",
				"FMEL_UPD_D" : "20250214152432",
				"NAME" : "JURONG WEST ST 91 (OPP BLK 922)",
				"SHAPE.AREA" : 3757.052251,
				"SHAPE.LEN" : 255.136411364188
			}
		},
		{
			"type" : "Feature",
			"geometry" : {
				"type" : "Polygon",
				"coordinates" : [
					[
						[ 103.68685437730528, 1.3409606433329053 ],
						[ 103.68629226213756, 1.3410296592301643 ],
						[ 103.68625473911251, 1.3407167297927007 ],
						[ 103.68681542283231, 1.3406472923774793 ],
						[ 103.68685437730528, 1.3409606433329053 ]
					]
				]
			},
			"properties" : {
				"OBJECTID" : 5554,
				"DESCRIPTION" : "SITE AREA:2195.9, FOR ENQUIRIES, PLEASE CALL  HDB AT 6490-1111 OR EMAIL at HDBMAILBOX@HDB.GOV.SG",
				"INC_CRC" : "9B94BA8652E942E4",
				"FMEL_UPD_D" : "20250214152432",
				"NAME" : "JURONG WEST ST 91 (BETWEEN BLK 908 & 909)",
				"SHAPE.AREA" : 2195.90766201,
				"SHAPE.LEN" : 195.66253563906
			}
		},
		{
			"type" : "Feature",
			"geometry" : {
				"type" : "Polygon",
				"coordinates" : [
					[
						[ 103.76699606061719, 1.3853579372341154 ],
						[ 103.76705466264377, 1.3854684973295652 ],
						[ 103.76709979485393, 1.3855852700224416 ],
						[ 103.76713309271678, 1.3857059854069291 ],
						[ 103.7671520954042, 1.3857848464435887 ],
						[ 103.76655609597853, 1.386144920045231 ],
						[ 103.76640885328793, 1.3858978527861632 ],
						[ 103.76693153681771, 1.3852533186389926 ],
						[ 103.76699606061719, 1.3853579372341154 ]
					]
				]
			},
			"properties" : {
				"OBJECTID" : 5555,
				"DESCRIPTION" : "SITE AREA:3953, FOR ENQUIRIES, PLEASE CALL  HDB AT 6490-1111 OR EMAIL at HDBMAILBOX@HDB.GOV.SG",
				"INC_CRC" : "D79A0245DAE73FDC",
				"FMEL_UPD_D" : "20250214152432",
				"NAME" : "JELAPANG RD (NEXT TO BLK 524A)",
				"SHAPE.AREA" : 3952.9768585,
				"SHAPE.LEN" : 265.362272646134
			}
		},
		{
			"type" : "Feature",
			"geometry" : {
				"type" : "Polygon",
				"coordinates" : [
					[
						[ 103.77375802374303, 1.3740890677955602 ],
						[ 103.77344009524786, 1.37428686223689 ],
						[ 103.77320903696886, 1.373911310302952 ],
						[ 103.7731533817205, 1.373820854430174 ],
						[ 103.77309809489367, 1.3737302719546243 ],
						[ 103.7731537352956, 1.3736956633644157 ],
						[ 103.77321408428297, 1.3736581157098078 ],
						[ 103.77341614914162, 1.3735323871229572 ],
						[ 103.77375802374303, 1.3740890677955602 ]
					]
				]
			},
			"properties" : {
				"OBJECTID" : 5556,
				"DESCRIPTION" : "SITE AREA:3011.9, FOR ENQUIRIES, PLEASE CALL  HDB AT 6490-1111 OR EMAIL at HDBMAILBOX@HDB.GOV.SG",
				"INC_CRC" : "DA8D7437E65FCA2F",
				"FMEL_UPD_D" : "20250214152432",
				"NAME" : "PETIR RD (BETWEEN BLK 219 & 205)",
				"SHAPE.AREA" : 3011.8727185,
				"SHAPE.LEN" : 227.935376010386
			}
		},
		{
			"type" : "Feature",
			"geometry" : {
				"type" : "Polygon",
				"coordinates" : [
					[
						[ 103.70602683823864, 1.3497615664341196 ],
						[ 103.70593742107104, 1.3497883037122158 ],
						[ 103.70585423021832, 1.3498286610098154 ],
						[ 103.70577746342907, 1.3498813631871627 ],
						[ 103.70570909767333, 1.3499437786552582 ],
						[ 103.7056517207266, 1.350017426880017 ],
						[ 103.70553124123552, 1.3501983200761511 ],
						[ 103.70509049843704, 1.349933488629028 ],
						[ 103.70422802697762, 1.3494152513418252 ],
						[ 103.7042101201324, 1.3494044911891276 ],
						[ 103.70409798431757, 1.3493525702889542 ],
						[ 103.70418311168744, 1.3491907980183733 ],
						[ 103.7045468289571, 1.3485456725945815 ],
						[ 103.70457584693206, 1.3484797190076807 ],
						[ 103.70463145264097, 1.3483749986380589 ],
						[ 103.70471968469292, 1.348208834018733 ],
						[ 103.7047342499354, 1.3482167750926841 ],
						[ 103.70480602449575, 1.3480915790087757 ],
						[ 103.7047918457346, 1.3480817297516743 ],
						[ 103.70484085719045, 1.3480056031477763 ],
						[ 103.70509073214431, 1.3475974144479972 ],
						[ 103.7051010914912, 1.347617464706257 ],
						[ 103.70515810741664, 1.3475734614624142 ],
						[ 103.70514722660731, 1.3475590996148592 ],
						[ 103.70520419760021, 1.3475151415854194 ],
						[ 103.70527251627551, 1.3474927531928254 ],
						[ 103.70534359163425, 1.347506656998452 ],
						[ 103.70535399406097, 1.3475105038007957 ],
						[ 103.70540770264358, 1.3475303637201543 ],
						[ 103.70546999820495, 1.3475609434970397 ],
						[ 103.70552878006599, 1.34759790788401 ],
						[ 103.7056638279804, 1.3477062033398624 ],
						[ 103.70572445296875, 1.3477225574053937 ],
						[ 103.70575568591921, 1.3477416501378863 ],
						[ 103.70579236366655, 1.347769913389635 ],
						[ 103.70583180929273, 1.3477921537344484 ],
						[ 103.70586584532474, 1.347819467265741 ],
						[ 103.70587339279797, 1.347827751621018 ],
						[ 103.70591472496852, 1.3478583302835025 ],
						[ 103.7060190352379, 1.347926922602834 ],
						[ 103.70634592984878, 1.348129960052298 ],
						[ 103.70597427331185, 1.3487080269251779 ],
						[ 103.70560179675998, 1.3493271607647643 ],
						[ 103.70571842662842, 1.3493902823610655 ],
						[ 103.70573739561516, 1.3494003642876498 ],
						[ 103.70620631338147, 1.3496535045986946 ],
						[ 103.70626292079226, 1.34969034224798 ],
						[ 103.70629456802322, 1.3497091356538804 ],
						[ 103.70631387746111, 1.3497213084796724 ],
						[ 103.70633807398595, 1.349737047462311 ],
						[ 103.7063682341142, 1.3497555703849131 ],
						[ 103.70630299281167, 1.3497633354279062 ],
						[ 103.7062110887785, 1.3497487522767857 ],
						[ 103.70611842025352, 1.3497479606055507 ],
						[ 103.70602683823864, 1.3497615664341196 ]
					],
					[
						[ 103.7048428561279, 1.3482695503949107 ],
						[ 103.7046604582006, 1.3485967298852397 ],
						[ 103.7050468540571, 1.3488259881310478 ],
						[ 103.70505488800144, 1.3488104244843162 ],
						[ 103.7051670025156, 1.348616833618569 ],
						[ 103.7052724040533, 1.3484368892155014 ],
						[ 103.70567655845583, 1.3477469003101374 ],
						[ 103.70560323766664, 1.3477142037486083 ],
						[ 103.70553511025, 1.3476873767698523 ],
						[ 103.70547787269743, 1.3476736636162994 ],
						[ 103.70543086034043, 1.3476679455635363 ],
						[ 103.70537537446462, 1.347664126222534 ],
						[ 103.7053001466517, 1.3476713390547328 ],
						[ 103.70523134310722, 1.3476868723566346 ],
						[ 103.70521671396244, 1.3476981489787492 ],
						[ 103.70517658202662, 1.347741185450264 ],
						[ 103.70514392579611, 1.347790191107287 ],
						[ 103.70501358635212, 1.348025327408537 ],
						[ 103.70488610706846, 1.3482076943194585 ],
						[ 103.7048428561279, 1.3482695503949107 ]
					]
				]
			},
			"properties" : {
				"OBJECTID" : 5557,
				"DESCRIPTION" : "SITE AREA:34098.7, FOR ENQUIRIES, PLEASE CALL  HDB AT 6490-1111 OR EMAIL at HDBMAILBOX@HDB.GOV.SG",
				"INC_CRC" : "9B402353AFC7F608",
				"FMEL_UPD_D" : "20250214152432",
				"NAME" : "JURONG WEST ST 24(BESIDE BLK 271D)",
				"SHAPE.AREA" : 34098.699022845,
				"SHAPE.LEN" : 1307.1424402497
			}
		},
		{
			"type" : "Feature",
			"geometry" : {
				"type" : "Polygon",
				"coordinates" : [
					[
						[ 103.73227919941735, 1.3438973974180115 ],
						[ 103.73227996844115, 1.3442069247530553 ],
						[ 103.73223284753131, 1.3442178565398335 ],
						[ 103.73159089868666, 1.344217133350873 ],
						[ 103.73159147730509, 1.3436972964517693 ],
						[ 103.73180217707741, 1.343561949254387 ],
						[ 103.73195646420496, 1.3434526905564899 ],
						[ 103.73227919941735, 1.3438973974180115 ]
					]
				]
			},
			"properties" : {
				"OBJECTID" : 5558,
				"DESCRIPTION" : "SITE AREA:5027.4, FOR ENQUIRIES, PLEASE CALL  HDB AT 6490-1111 OR EMAIL at HDBMAILBOX@HDB.GOV.SG",
				"INC_CRC" : "9E4AE8ABA1A36E50",
				"FMEL_UPD_D" : "20250214152432",
				"NAME" : "JURONG EAST AVE 1 (INFRONT OF BLK 349)",
				"SHAPE.AREA" : 5027.425795,
				"SHAPE.LEN" : 278.237055593941
			}
		},
		{
			"type" : "Feature",
			"geometry" : {
				"type" : "Polygon",
				"coordinates" : [
					[
						[ 103.73534693750034, 1.3400016532870083 ],
						[ 103.73562148947377, 1.340289966263114 ],
						[ 103.73556351280445, 1.340332749357065 ],
						[ 103.73543099889895, 1.3404216700615552 ],
						[ 103.735349155773, 1.3404831725073492 ],
						[ 103.7352509494256, 1.3405565304917728 ],
						[ 103.73519596527741, 1.3405909121626916 ],
						[ 103.73513594958732, 1.3406156078996316 ],
						[ 103.73507278934954, 1.3406300842041987 ],
						[ 103.73500810199141, 1.3406337985236778 ],
						[ 103.73494377448539, 1.3406267690215625 ],
						[ 103.73488142423537, 1.34060904098155 ],
						[ 103.73482284833185, 1.3405812837053483 ],
						[ 103.73476956531384, 1.3405441212653586 ],
						[ 103.73472312065833, 1.3404986389603597 ],
						[ 103.7346848441812, 1.340446093909427 ],
						[ 103.73463771769914, 1.3403737791204597 ],
						[ 103.73454684395023, 1.3402134589766237 ],
						[ 103.73446715753148, 1.3400463746480704 ],
						[ 103.73445154216193, 1.340007242220047 ],
						[ 103.73534693750034, 1.3400016532870083 ]
					]
				]
			},
			"properties" : {
				"OBJECTID" : 5559,
				"DESCRIPTION" : "SITE AREA:6190.5, FOR ENQUIRIES, PLEASE CALL  HDB AT 6490-1111 OR EMAIL at HDBMAILBOX@HDB.GOV.SG",
				"INC_CRC" : "BAB8205A724B7EF0",
				"FMEL_UPD_D" : "20250214152432",
				"NAME" : "JURONG EAST ST 13 (INFRONT BLK 115)",
				"SHAPE.AREA" : 6190.506987,
				"SHAPE.LEN" : 321.726503252632
			}
		},
		{
			"type" : "Feature",
			"geometry" : {
				"type" : "Polygon",
				"coordinates" : [
					[
						[ 103.72444562803429, 1.3546867127658029 ],
						[ 103.7239126400641, 1.3548039573221362 ],
						[ 103.72350893925504, 1.3548782685148892 ],
						[ 103.72328196961865, 1.3549130128103803 ],
						[ 103.72299194916629, 1.3531289812857459 ],
						[ 103.72302608759006, 1.3531237321180367 ],
						[ 103.72324955983704, 1.3530893729315756 ],
						[ 103.72359335280117, 1.353023704739285 ],
						[ 103.72393698470901, 1.35294241814432 ],
						[ 103.72404008799715, 1.353294111409666 ],
						[ 103.72444562803429, 1.3546867127658029 ]
					]
				]
			},
			"properties" : {
				"OBJECTID" : 5560,
				"DESCRIPTION" : "SITE AREA:23925.8, FOR ENQUIRIES, PLEASE CALL  HDB AT 6490-1111 OR EMAIL at HDBMAILBOX@HDB.GOV.SG",
				"INC_CRC" : "4F229F6B4282777D",
				"FMEL_UPD_D" : "20250214152432",
				"NAME" : "JURONG WEST ST 42 (BESIDE BLK 404)",
				"SHAPE.AREA" : 23925.8289616,
				"SHAPE.LEN" : 640.070744041032
			}
		},
		{
			"type" : "Feature",
			"geometry" : {
				"type" : "Polygon",
				"coordinates" : [
					[
						[ 103.71961102086316, 1.353069344238119 ],
						[ 103.7198314454458, 1.353107102721806 ],
						[ 103.72021818419063, 1.3531613736135963 ],
						[ 103.72060663987207, 1.353201346551546 ],
						[ 103.72089520332787, 1.3532207405200694 ],
						[ 103.72084210764231, 1.3549669899767534 ],
						[ 103.72089600662191, 1.3550932505638473 ],
						[ 103.72076386321115, 1.3551086818584244 ],
						[ 103.72048549835253, 1.3550865842895894 ],
						[ 103.7202117254294, 1.3550586628094652 ],
						[ 103.7200289676308, 1.3550380980522378 ],
						[ 103.72018714830861, 1.3541206476922478 ],
						[ 103.71999761599889, 1.354087548154249 ],
						[ 103.72015555392586, 1.3531713729248105 ],
						[ 103.72001379835822, 1.3531360056864141 ],
						[ 103.71983220022898, 1.353107301717119 ],
						[ 103.71961074226459, 1.3530702938057175 ],
						[ 103.71953676516637, 1.353056480697805 ],
						[ 103.71953692605243, 1.3530555492118994 ],
						[ 103.71961102086316, 1.353069344238119 ]
					]
				]
			},
			"properties" : {
				"OBJECTID" : 5561,
				"DESCRIPTION" : "SITE AREA:18125, FOR ENQUIRIES, PLEASE CALL  HDB AT 6490-1111 OR EMAIL at HDBMAILBOX@HDB.GOV.SG",
				"INC_CRC" : "54F516A06520AD76",
				"FMEL_UPD_D" : "20250214152432",
				"NAME" : "JURONG WEST ST 42 ( BESIDE BLK 555)",
				"SHAPE.AREA" : 18124.9946535,
				"SHAPE.LEN" : 755.076670553245
			}
		},
		{
			"type" : "Feature",
			"geometry" : {
				"type" : "Polygon",
				"coordinates" : [
					[
						[ 103.89709236472953, 1.3848987364428351 ],
						[ 103.89729574647215, 1.385165870894077 ],
						[ 103.89672791486497, 1.3853630194282214 ],
						[ 103.89653378179621, 1.385182251403511 ],
						[ 103.89678875067007, 1.3849065520126795 ],
						[ 103.89680294235477, 1.3848909124703357 ],
						[ 103.89683400536214, 1.3848628854047167 ],
						[ 103.89687280535605, 1.3848443539479993 ],
						[ 103.8969161973035, 1.3848345946937612 ],
						[ 103.89696214146814, 1.3848347110204315 ],
						[ 103.89700838244472, 1.3848453993488135 ],
						[ 103.89705261719399, 1.3848669925469574 ],
						[ 103.89709236472953, 1.3848987364428351 ]
					]
				]
			},
			"properties" : {
				"OBJECTID" : 5562,
				"DESCRIPTION" : "SITE AREA:2819.4, FOR ENQUIRIES, PLEASE CALL  HDB AT 6490-1111 OR EMAIL at HDBMAILBOX@HDB.GOV.SG",
				"INC_CRC" : "D50D34E7F1F2E629",
				"FMEL_UPD_D" : "20250214152432",
				"NAME" : "COMPASSVALE LANE ( BESIDE BLK 205B)",
				"SHAPE.AREA" : 2819.36623195,
				"SHAPE.LEN" : 213.363359578612
			}
		},
		{
			"type" : "Feature",
			"geometry" : {
				"type" : "Polygon",
				"coordinates" : [
					[
						[ 103.89490675983963, 1.375123247169086 ],
						[ 103.89477064714967, 1.375239361956641 ],
						[ 103.89439904287941, 1.375244264160171 ],
						[ 103.89439410930812, 1.3748744337829777 ],
						[ 103.89453346602998, 1.3747657347157105 ],
						[ 103.89457742328314, 1.3747314401089077 ],
						[ 103.89490675983963, 1.375123247169086 ]
					]
				]
			},
			"properties" : {
				"OBJECTID" : 5563,
				"DESCRIPTION" : "SITE AREA:2152, FOR ENQUIRIES, PLEASE CALL  HDB AT 6490-1111 OR EMAIL at HDBMAILBOX@HDB.GOV.SG",
				"INC_CRC" : "4964652E69C0EF9E",
				"FMEL_UPD_D" : "20250214152432",
				"NAME" : "HOUGANG AVE 10 (INFRONT OF BLK 421)",
				"SHAPE.AREA" : 2152.030497,
				"SHAPE.LEN" : 184.671367257251
			}
		},
		{
			"type" : "Feature",
			"geometry" : {
				"type" : "Polygon",
				"coordinates" : [
					[
						[ 103.88749041291125, 1.372244412884011 ],
						[ 103.88717705442052, 1.372250036101886 ],
						[ 103.88673464017627, 1.3717150334561403 ],
						[ 103.8868284952045, 1.3716844819349803 ],
						[ 103.88748214846879, 1.3715522129696676 ],
						[ 103.88749041291125, 1.372244412884011 ]
					]
				]
			},
			"properties" : {
				"OBJECTID" : 5564,
				"DESCRIPTION" : "SITE AREA:4285.2, FOR ENQUIRIES, PLEASE CALL  HDB AT 6490-1111 OR EMAIL at HDBMAILBOX@HDB.GOV.SG",
				"INC_CRC" : "2DC59C283CD357A0",
				"FMEL_UPD_D" : "20250214152432",
				"NAME" : "HOUGANG AVE 4 (INFRONT OF BLK 501)",
				"SHAPE.AREA" : 4285.2097845,
				"SHAPE.LEN" : 273.567146060374
			}
		},
		{
			"type" : "Feature",
			"geometry" : {
				"type" : "Polygon",
				"coordinates" : [
					[
						[ 103.89549295351567, 1.385557400097456 ],
						[ 103.89551422372595, 1.3855927963283245 ],
						[ 103.89552710134083, 1.385632081544317 ],
						[ 103.89553096629005, 1.3856732390310418 ],
						[ 103.89552609698875, 1.385710788337635 ],
						[ 103.89544535206329, 1.3857872914934002 ],
						[ 103.89536104868556, 1.385860460351631 ],
						[ 103.89506669780721, 1.3859685531098869 ],
						[ 103.8948356837565, 1.3853036890947388 ],
						[ 103.89533237871682, 1.3852380011824068 ],
						[ 103.89534370254215, 1.385306189902472 ],
						[ 103.89535545693104, 1.3853454028001893 ],
						[ 103.89537223430891, 1.385382716401821 ],
						[ 103.89540428792233, 1.3854372667715495 ],
						[ 103.89546574370111, 1.3855212561143737 ],
						[ 103.89549295351567, 1.385557400097456 ]
					]
				]
			},
			"properties" : {
				"OBJECTID" : 5565,
				"DESCRIPTION" : "SITE AREA:3962.2, FOR ENQUIRIES, PLEASE CALL  HDB AT 6490-1111 OR EMAIL at HDBMAILBOX@HDB.GOV.SG",
				"INC_CRC" : "5E3892EE58DBBA9E",
				"FMEL_UPD_D" : "20250214152432",
				"NAME" : "COMPASSVALE LINK (BESIDE BLK 271A)",
				"SHAPE.AREA" : 3962.240324185,
				"SHAPE.LEN" : 251.398464552478
			}
		},
		{
			"type" : "Feature",
			"geometry" : {
				"type" : "Polygon",
				"coordinates" : [
					[
						[ 103.89522529471535, 1.3813944313388595 ],
						[ 103.89461021319225, 1.3814521910004565 ],
						[ 103.89450454509712, 1.3802116147676318 ],
						[ 103.89463734583335, 1.380232113251565 ],
						[ 103.89479368836788, 1.3802200630668298 ],
						[ 103.89503103567998, 1.380144325468186 ],
						[ 103.89510060584016, 1.380592734293942 ],
						[ 103.89522529471535, 1.3813944313388595 ]
					]
				]
			},
			"properties" : {
				"OBJECTID" : 5566,
				"DESCRIPTION" : "SITE AREA:8685, FOR ENQUIRIES, PLEASE CALL  HDB AT 6490-1111 OR EMAIL at HDBMAILBOX@HDB.GOV.SG",
				"INC_CRC" : "72654E2FD631B018",
				"FMEL_UPD_D" : "20250214152432",
				"NAME" : "COMPASSVALE BOW (BESIDE THE QUARTZ)",
				"SHAPE.AREA" : 8685.0072135,
				"SHAPE.LEN" : 406.45011385205
			}
		},
		{
			"type" : "Feature",
			"geometry" : {
				"type" : "Polygon",
				"coordinates" : [
					[
						[ 103.77177309010588, 1.376127082194948 ],
						[ 103.77149513031345, 1.3763001339995724 ],
						[ 103.77120895561286, 1.3758527287474034 ],
						[ 103.77149516439037, 1.3756747031889667 ],
						[ 103.77177309010588, 1.376127082194948 ]
					]
				]
			},
			"properties" : {
				"OBJECTID" : 5567,
				"DESCRIPTION" : "SITE AREA:2170.9, FOR ENQUIRIES, PLEASE CALL  HDB AT 6490-1111 OR EMAIL at HDBMAILBOX@HDB.GOV.SG",
				"INC_CRC" : "0A6D12F2DD385D0B",
				"FMEL_UPD_D" : "20250214152432",
				"NAME" : "PENDING RD (NEXT TO PENDING LRT STATION)",
				"SHAPE.AREA" : 2170.937722,
				"SHAPE.LEN" : 191.465533423014
			}
		},
		{
			"type" : "Feature",
			"geometry" : {
				"type" : "Polygon",
				"coordinates" : [
					[
						[ 103.71445695187619, 1.349689677550925 ],
						[ 103.71440829127256, 1.3497622855161242 ],
						[ 103.71472581169165, 1.349976338398936 ],
						[ 103.7145308457548, 1.3502673164928731 ],
						[ 103.71453064987482, 1.3502671853506845 ],
						[ 103.71373037110978, 1.349724061739374 ],
						[ 103.71379061522985, 1.3496667968716018 ],
						[ 103.71406901900589, 1.3494281566047994 ],
						[ 103.71445695187619, 1.349689677550925 ]
					]
				]
			},
			"properties" : {
				"OBJECTID" : 5568,
				"DESCRIPTION" : "SITE AREA:4478.2, FOR ENQUIRIES, PLEASE CALL  HDB AT 6490-1111 OR EMAIL at HDBMAILBOX@HDB.GOV.SG",
				"INC_CRC" : "BDCB556F26F737D1",
				"FMEL_UPD_D" : "20250214152432",
				"NAME" : "JURONG WEST AVE 1 (NEXT TO BLK 538 & JURONG JC)",
				"SHAPE.AREA" : 4478.17647901,
				"SHAPE.LEN" : 300.349696239421
			}
		},
		{
			"type" : "Feature",
			"geometry" : {
				"type" : "Polygon",
				"coordinates" : [
					[
						[ 103.71919483059764, 1.3355275555196284 ],
						[ 103.71924530074514, 1.3355652969347498 ],
						[ 103.71959292212723, 1.3358252631767795 ],
						[ 103.71955897228749, 1.3358772534096417 ],
						[ 103.71950962836148, 1.3359687635763473 ],
						[ 103.71947465265548, 1.3360535188220553 ],
						[ 103.71944711664177, 1.336145880104724 ],
						[ 103.71943004797046, 1.3362563743482225 ],
						[ 103.71942802039494, 1.3363828041647832 ],
						[ 103.71943325923854, 1.3365721960542114 ],
						[ 103.7194295359523, 1.3366430165265168 ],
						[ 103.71940332915634, 1.336749169401318 ],
						[ 103.7193772683912, 1.3368062063422128 ],
						[ 103.71929230363993, 1.3369414859939903 ],
						[ 103.7184411083094, 1.3363999136719333 ],
						[ 103.71871151840723, 1.3360428297218918 ],
						[ 103.71913740605581, 1.3354805621476358 ],
						[ 103.71919483059764, 1.3355275555196284 ]
					]
				]
			},
			"properties" : {
				"OBJECTID" : 5569,
				"DESCRIPTION" : "SITE AREA:10837.9, FOR ENQUIRIES, PLEASE CALL  HDB AT 6490-1111 OR EMAIL at HDBMAILBOX@HDB.GOV.SG",
				"INC_CRC" : "3EF03529F6D309AD",
				"FMEL_UPD_D" : "20250214152432",
				"NAME" : "YUNG AN RD (BESIDE MOSQUE)",
				"SHAPE.AREA" : 10837.8727405,
				"SHAPE.LEN" : 434.40060990642
			}
		},
		{
			"type" : "Feature",
			"geometry" : {
				"type" : "Polygon",
				"coordinates" : [
					[
						[ 103.74628508616425, 1.397570921106657 ],
						[ 103.74616597371124, 1.3976038309537067 ],
						[ 103.74608626276623, 1.3970120218571151 ],
						[ 103.74555899791848, 1.397058903267216 ],
						[ 103.7455586756968, 1.3970489769666858 ],
						[ 103.74555594769406, 1.3969498405907284 ],
						[ 103.74555957942479, 1.3969102386709182 ],
						[ 103.74557016612158, 1.3968716860735482 ],
						[ 103.7455900799426, 1.396836642755044 ],
						[ 103.7456181975305, 1.3968086899504968 ],
						[ 103.74565159852115, 1.3967873120630527 ],
						[ 103.74568818924271, 1.3967720206579035 ],
						[ 103.74572686440624, 1.3967638014491377 ],
						[ 103.74581688425225, 1.3967595362306635 ],
						[ 103.74606071446567, 1.3967410511309124 ],
						[ 103.746172462337, 1.3967266035827608 ],
						[ 103.74617765691909, 1.3967294706074136 ],
						[ 103.74628508616425, 1.397570921106657 ]
					]
				]
			},
			"properties" : {
				"OBJECTID" : 5570,
				"DESCRIPTION" : "SITE AREA:2998.5, FOR ENQUIRIES, PLEASE CALL  HDB AT 6490-1111 OR EMAIL at HDBMAILBOX@HDB.GOV.SG",
				"INC_CRC" : "D5F1B943F2858AD6",
				"FMEL_UPD_D" : "20250214152432",
				"NAME" : "CHOA CHU KANG ST 62",
				"SHAPE.AREA" : 2998.476471415,
				"SHAPE.LEN" : 325.897157112541
			}
		},
		{
			"type" : "Feature",
			"geometry" : {
				"type" : "Polygon",
				"coordinates" : [
					[
						[ 103.7414932714627, 1.382782178296405 ],
						[ 103.74120985879726, 1.383077776383773 ],
						[ 103.74103420314329, 1.3829067544716978 ],
						[ 103.74087169313202, 1.3827491809411363 ],
						[ 103.74115595949453, 1.3824521721208003 ],
						[ 103.7414932714627, 1.382782178296405 ]
					]
				]
			},
			"properties" : {
				"OBJECTID" : 5571,
				"DESCRIPTION" : "SITE AREA:2380.9, FOR ENQUIRIES, PLEASE CALL  HDB AT 6490-1111 OR EMAIL at HDBMAILBOX@HDB.GOV.SG",
				"INC_CRC" : "DF71C600C4F88E7B",
				"FMEL_UPD_D" : "20250214152432",
				"NAME" : "CHOA CHU KANG AVE 4",
				"SHAPE.AREA" : 2380.9484725,
				"SHAPE.LEN" : 195.685119791268
			}
		},
		{
			"type" : "Feature",
			"geometry" : {
				"type" : "Polygon",
				"coordinates" : [
					[
						[ 103.78273682357494, 1.4356226455195158 ],
						[ 103.78264392423812, 1.4357803418205124 ],
						[ 103.78254661104471, 1.4359762075807436 ],
						[ 103.78201207328378, 1.4355058994632717 ],
						[ 103.78223759218315, 1.4352496649275464 ],
						[ 103.78273682357494, 1.4356226455195158 ]
					]
				]
			},
			"properties" : {
				"OBJECTID" : 5572,
				"DESCRIPTION" : "SITE AREA:3000.3, FOR ENQUIRIES, PLEASE CALL  HDB AT 6490-1111 OR EMAIL at HDBMAILBOX@HDB.GOV.SG",
				"INC_CRC" : "0C5AB07800729FBD",
				"FMEL_UPD_D" : "20250214152432",
				"NAME" : "WOODLANDS STREET 13 (INFRONT OF BLK 101)",
				"SHAPE.AREA" : 3000.255257325,
				"SHAPE.LEN" : 230.540600529758
			}
		},
		{
			"type" : "Feature",
			"geometry" : {
				"type" : "Polygon",
				"coordinates" : [
					[
						[ 103.77625351232068, 1.44925455728368 ],
						[ 103.77615552823525, 1.4495333546016418 ],
						[ 103.77537461384496, 1.4492873885315616 ],
						[ 103.77546269823922, 1.4490044381601017 ],
						[ 103.77625351232068, 1.44925455728368 ]
					]
				]
			},
			"properties" : {
				"OBJECTID" : 5573,
				"DESCRIPTION" : "SITE AREA:3000.1, FOR ENQUIRIES, PLEASE CALL  HDB AT 6490-1111 OR EMAIL at HDBMAILBOX@HDB.GOV.SG",
				"INC_CRC" : "6EBEA5C4A1DCF743",
				"FMEL_UPD_D" : "20250214152432",
				"NAME" : "MARSILING CRESCENT (OPP CARPARK)",
				"SHAPE.AREA" : 3000.0840681,
				"SHAPE.LEN" : 248.795069343244
			}
		},
		{
			"type" : "Feature",
			"geometry" : {
				"type" : "Polygon",
				"coordinates" : [
					[
						[ 103.84130657815273, 1.4299445815448226 ],
						[ 103.84090032542368, 1.430333730676949 ],
						[ 103.84017811466148, 1.4295683698618773 ],
						[ 103.84058369343762, 1.4291803060945245 ],
						[ 103.84130657815273, 1.4299445815448226 ]
					]
				]
			},
			"properties" : {
				"OBJECTID" : 5574,
				"DESCRIPTION" : "SITE AREA:7275.4, FOR ENQUIRIES, PLEASE CALL  HDB AT 6490-1111 OR EMAIL at HDBMAILBOX@HDB.GOV.SG",
				"INC_CRC" : "E651D58FBD333142",
				"FMEL_UPD_D" : "20250214152432",
				"NAME" : "YISHUN CENTRAL (BESIDE BLK 302)",
				"SHAPE.AREA" : 7275.39157,
				"SHAPE.LEN" : 358.080320993515
			}
		},
		{
			"type" : "Feature",
			"geometry" : {
				"type" : "MultiPolygon",
				"coordinates" : [
					[
						[
							[ 103.86562785147515, 1.3021739795354335 ],
							[ 103.86551143217449, 1.3020925972592876 ],
							[ 103.86534276019331, 1.3019743374640895 ],
							[ 103.86516843451346, 1.3018508351270133 ],
							[ 103.86521055773133, 1.3018033373601048 ],
							[ 103.86530745048837, 1.301866644364033 ],
							[ 103.86526089443551, 1.3017465778895012 ],
							[ 103.8653315918884, 1.3016668608614044 ],
							[ 103.86537516172868, 1.3016170117252543 ],
							[ 103.86539761649904, 1.301626489179578 ],
							[ 103.86539764794759, 1.3016264475784052 ],
							[ 103.86543698113063, 1.3015755277276708 ],
							[ 103.86551325375967, 1.3015439969803688 ],
							[ 103.86552871315254, 1.301537606541226 ],
							[ 103.86554190373003, 1.3015321530529154 ],
							[ 103.86563190623247, 1.301508666449112 ],
							[ 103.86564307062204, 1.3015057533466956 ],
							[ 103.8658266790998, 1.3014831237695572 ],
							[ 103.86590716176985, 1.301479947500586 ],
							[ 103.86589433061556, 1.3014857093744678 ],
							[ 103.86545914039962, 1.3016655117262006 ],
							[ 103.86562785147515, 1.3021739795354335 ]
						]
					],
					[
						[
							[ 103.86639302340399, 1.3014931186361616 ],
							[ 103.86650900222888, 1.3016288902712905 ],
							[ 103.86667466780139, 1.3018228281646007 ],
							[ 103.86689357568386, 1.3021424638779109 ],
							[ 103.86692189850605, 1.3021926557353345 ],
							[ 103.86695577479747, 1.3022772585920013 ],
							[ 103.86699698409691, 1.3024276448326466 ],
							[ 103.86701414846965, 1.3025895530011649 ],
							[ 103.86700557788956, 1.3027060624112698 ],
							[ 103.8669885068262, 1.3028045750794826 ],
							[ 103.86694167657507, 1.3029523760192847 ],
							[ 103.86689262632117, 1.3030556732047638 ],
							[ 103.86656670281249, 1.3028324803625129 ],
							[ 103.86636066434154, 1.3026862473279104 ],
							[ 103.86575740404399, 1.3022645418414331 ],
							[ 103.86655056420857, 1.3020912000185796 ],
							[ 103.86634719730891, 1.3014715772744498 ],
							[ 103.86601842858896, 1.3014755517442305 ],
							[ 103.86601777354971, 1.3014755779793363 ],
							[ 103.86611332348083, 1.3014378656302166 ],
							[ 103.86617245641045, 1.301411466452226 ],
							[ 103.86622556933601, 1.3014044478861617 ],
							[ 103.86624026955137, 1.3014054696252557 ],
							[ 103.86626002840178, 1.301392971046417 ],
							[ 103.86626912153791, 1.3013819557655997 ],
							[ 103.86627542018313, 1.301369801022044 ],
							[ 103.86639302340399, 1.3014931186361616 ]
						]
					]
				]
			},
			"properties" : {
				"OBJECTID" : 5575,
				"DESCRIPTION" : "SITE AREA:11226.9, FOR ENQUIRIES, PLEASE CALL SLA AT 6323-9829 OR EMAIL at SLA_ENQUIRY@SLA.GOV.SG",
				"INC_CRC" : "E2F056A529EFB941",
				"FMEL_UPD_D" : "20250214152432",
				"NAME" : "NICHOLL HIGHWAY",
				"SHAPE.AREA" : 11226.945345645,
				"SHAPE.LEN" : 892.689669210455
			}
		},
		{
			"type" : "Feature",
			"geometry" : {
				"type" : "Polygon",
				"coordinates" : [
					[
						[ 103.83817435376925, 1.422338872287546 ],
						[ 103.83818974663407, 1.422345130453042 ],
						[ 103.83852415731717, 1.422481218396857 ],
						[ 103.83835077164719, 1.422912773084881 ],
						[ 103.83828516007716, 1.4228729803127103 ],
						[ 103.838233258333, 1.4228467167929382 ],
						[ 103.83815494519082, 1.4228070886383457 ],
						[ 103.83812487832913, 1.4227952686655316 ],
						[ 103.83801755059807, 1.4227530622252573 ],
						[ 103.83789546802865, 1.4227173400983109 ],
						[ 103.83787879018054, 1.4227124746537918 ],
						[ 103.8377627102175, 1.4226862392849124 ],
						[ 103.8377676608386, 1.4223655699316093 ],
						[ 103.83776816398607, 1.4223325244745044 ],
						[ 103.83817435376925, 1.422338872287546 ]
					]
				]
			},
			"properties" : {
				"OBJECTID" : 5441,
				"DESCRIPTION" : "SITE AREA:3645.9, FOR ENQUIRIES, PLEASE CALL  HDB AT 6490-1111 OR EMAIL at HDBMAILBOX@HDB.GOV.SG",
				"INC_CRC" : "FDB0CDFD2802A65C",
				"FMEL_UPD_D" : "20250214152432",
				"NAME" : "YISHUN CENTRAL (BLK 645A)",
				"SHAPE.AREA" : 3645.8920337,
				"SHAPE.LEN" : 248.268276946207
			}
		},
		{
			"type" : "Feature",
			"geometry" : {
				"type" : "Polygon",
				"coordinates" : [
					[
						[ 103.8485770241613, 1.4180571169175369 ],
						[ 103.8487194481186, 1.4181113425321203 ],
						[ 103.84885678345422, 1.4181774723139113 ],
						[ 103.84898806508276, 1.4182550830280476 ],
						[ 103.84911236026663, 1.4183436085501226 ],
						[ 103.84922595871309, 1.4184400021049925 ],
						[ 103.8480566631803, 1.4196211018774454 ],
						[ 103.8479910127015, 1.419549781448979 ],
						[ 103.84779239799009, 1.4193340991578107 ],
						[ 103.84831974814065, 1.4188615403322702 ],
						[ 103.84854014961017, 1.4180465695656077 ],
						[ 103.8485770241613, 1.4180571169175369 ]
					]
				]
			},
			"properties" : {
				"OBJECTID" : 5442,
				"DESCRIPTION" : "SITE AREA:9507.6, FOR ENQUIRIES, PLEASE CALL  HDB AT 6490-1111 OR EMAIL at HDBMAILBOX@HDB.GOV.SG",
				"INC_CRC" : "DA05DD22986F16B0",
				"FMEL_UPD_D" : "20250214152432",
				"NAME" : "YISHUN AVE 1 (MILTONIA  CLOSE)",
				"SHAPE.AREA" : 9507.601366855,
				"SHAPE.LEN" : 488.17931819766
			}
		},
		{
			"type" : "Feature",
			"geometry" : {
				"type" : "Polygon",
				"coordinates" : [
					[
						[ 103.84682111067757, 1.4254306587613987 ],
						[ 103.84680169504628, 1.4259349231039133 ],
						[ 103.84640378958314, 1.4259194427030772 ],
						[ 103.84639973681048, 1.4258974033796814 ],
						[ 103.8463914066158, 1.4258530262940903 ],
						[ 103.84636263315085, 1.4257532841712 ],
						[ 103.84632124349517, 1.425659293873473 ],
						[ 103.84627149696507, 1.4255694908266971 ],
						[ 103.84621326774699, 1.4254818130814961 ],
						[ 103.84618879894596, 1.4254539226384235 ],
						[ 103.84654119769864, 1.4251259802181027 ],
						[ 103.84682111067757, 1.4254306587613987 ]
					]
				]
			},
			"properties" : {
				"OBJECTID" : 5443,
				"DESCRIPTION" : "SITE AREA:4159.7, FOR ENQUIRIES, PLEASE CALL  HDB AT 6490-1111 OR EMAIL at HDBMAILBOX@HDB.GOV.SG",
				"INC_CRC" : "AF922BB478712E07",
				"FMEL_UPD_D" : "20250214152432",
				"NAME" : "YISHUN RING RD (BLK 412)",
				"SHAPE.AREA" : 4159.6995445,
				"SHAPE.LEN" : 256.880219934839
			}
		},
		{
			"type" : "Feature",
			"geometry" : {
				"type" : "Polygon",
				"coordinates" : [
					[
						[ 103.83477288251126, 1.4286611354464909 ],
						[ 103.83472960271918, 1.4287093064128562 ],
						[ 103.83471264628444, 1.4287273665688682 ],
						[ 103.83469869115169, 1.4287494420983697 ],
						[ 103.83468572447133, 1.4287725214710623 ],
						[ 103.83467675652925, 1.4287966046851583 ],
						[ 103.83467077191338, 1.428817676365925 ],
						[ 103.83466578473542, 1.4288387480460905 ],
						[ 103.8346627924352, 1.42886283125664 ],
						[ 103.83466279245019, 1.4288889221531347 ],
						[ 103.83467076850003, 1.429130648651964 ],
						[ 103.8346388720913, 1.4292120242320066 ],
						[ 103.83465282744793, 1.4295762748421648 ],
						[ 103.83469470194156, 1.4296695961205796 ],
						[ 103.83471366261855, 1.430275147271593 ],
						[ 103.83386284745905, 1.4303051290971467 ],
						[ 103.83384822721784, 1.429736202864217 ],
						[ 103.83425034765152, 1.4297150315809308 ],
						[ 103.83420016085634, 1.4287354427899657 ],
						[ 103.83419241492572, 1.4285715720665364 ],
						[ 103.83476845956375, 1.4285418670427346 ],
						[ 103.83477288251126, 1.4286611354464909 ]
					]
				]
			},
			"properties" : {
				"OBJECTID" : 5444,
				"DESCRIPTION" : "SITE AREA:12457.5, FOR ENQUIRIES, PLEASE CALL  HDB AT 6490-1111 OR EMAIL at HDBMAILBOX@HDB.GOV.SG",
				"INC_CRC" : "6C45B7EE4BF79EF3",
				"FMEL_UPD_D" : "20250214152432",
				"NAME" : "YISHUN AVE 5 (MRT)",
				"SHAPE.AREA" : 12457.48128257,
				"SHAPE.LEN" : 590.49380320271
			}
		},
		{
			"type" : "Feature",
			"geometry" : {
				"type" : "Polygon",
				"coordinates" : [
					[
						[ 103.83731218490315, 1.4388955868239584 ],
						[ 103.83717620978793, 1.4392200727711235 ],
						[ 103.83692345340528, 1.4398232566719185 ],
						[ 103.83604868666008, 1.4394521341395863 ],
						[ 103.83600168995329, 1.4393781843719118 ],
						[ 103.83629393973284, 1.4386808472097652 ],
						[ 103.83634996705872, 1.4385472273915867 ],
						[ 103.83731218490315, 1.4388955868239584 ]
					]
				]
			},
			"properties" : {
				"OBJECTID" : 5445,
				"DESCRIPTION" : "SITE AREA:12282.3, FOR ENQUIRIES, PLEASE CALL  HDB AT 6490-1111 OR EMAIL at HDBMAILBOX@HDB.GOV.SG",
				"INC_CRC" : "2252A27FFF16E5F1",
				"FMEL_UPD_D" : "20250214152432",
				"NAME" : "YISHUN AVE 7 (BLK 280)",
				"SHAPE.AREA" : 12282.2683615,
				"SHAPE.LEN" : 440.197184634793
			}
		},
		{
			"type" : "Feature",
			"geometry" : {
				"type" : "MultiPolygon",
				"coordinates" : [
					[
						[
							[ 103.87802010339536, 1.3472715451051807 ],
							[ 103.87815036086141, 1.3473784928053065 ],
							[ 103.87793929725306, 1.3473549108853875 ],
							[ 103.87795133646418, 1.347271537329743 ],
							[ 103.87795878461883, 1.3472208475801246 ],
							[ 103.87802010339536, 1.3472715451051807 ]
						]
					],
					[
						[
							[ 103.8790121300431, 1.3475664397475522 ],
							[ 103.87897997500642, 1.3478077156696904 ],
							[ 103.8789654200766, 1.3479029997524725 ],
							[ 103.87893042277868, 1.3479939070978408 ],
							[ 103.87892302749773, 1.3479876897335499 ],
							[ 103.87896588686101, 1.3478778674635699 ],
							[ 103.87897648842227, 1.3477989162721342 ],
							[ 103.87900764620346, 1.3475655806861955 ],
							[ 103.8790145375461, 1.3475319382092077 ],
							[ 103.87895701456398, 1.3476903025031066 ],
							[ 103.87890791957055, 1.3478209478753287 ],
							[ 103.87886060156376, 1.3478352286760835 ],
							[ 103.87850083092852, 1.3475963385777134 ],
							[ 103.87848202455103, 1.347624708832627 ],
							[ 103.87845295563464, 1.3476008160732234 ],
							[ 103.87824261710087, 1.3474276613760203 ],
							[ 103.87822643375884, 1.3474143403918428 ],
							[ 103.87801533146798, 1.3472405616764227 ],
							[ 103.87793771254289, 1.3471766788217667 ],
							[ 103.877912268459, 1.3473518546322898 ],
							[ 103.87789360529278, 1.3473497658946127 ],
							[ 103.877877997247, 1.3473482468499924 ],
							[ 103.87761416999167, 1.3473189141155393 ],
							[ 103.87755665076996, 1.3471923313117369 ],
							[ 103.87756029864423, 1.3471764506099873 ],
							[ 103.8776014283573, 1.3468194340081696 ],
							[ 103.87763717651546, 1.3465088656482556 ],
							[ 103.87764589206749, 1.3464814903847984 ],
							[ 103.87766411449954, 1.346459649656231 ],
							[ 103.87768911224055, 1.3464464364378745 ],
							[ 103.87771763255677, 1.3464450884129011 ],
							[ 103.87803846448132, 1.3464757133289555 ],
							[ 103.87807839662439, 1.3464796465759536 ],
							[ 103.87808837966021, 1.346480632148523 ],
							[ 103.8783573106059, 1.3465071159923412 ],
							[ 103.87905647356759, 1.346575346217962 ],
							[ 103.87908308053599, 1.346605533391674 ],
							[ 103.87907743353978, 1.3468713351717791 ],
							[ 103.87909016288386, 1.3471775526387921 ],
							[ 103.87907461022697, 1.3472551021599815 ],
							[ 103.87907195073198, 1.3472683873198403 ],
							[ 103.87905112400487, 1.347372136370412 ],
							[ 103.8790121300431, 1.3475664397475522 ]
						]
					]
				]
			},
			"properties" : {
				"OBJECTID" : 5446,
				"DESCRIPTION" : "SITE AREA:18269.2, FOR ENQUIRIES, PLEASE CALL  HDB AT 6490-1111 OR EMAIL at HDBMAILBOX@HDB.GOV.SG",
				"INC_CRC" : "90CF6ACC0123BF01",
				"FMEL_UPD_D" : "20250214152432",
				"NAME" : "LOR ONG LYE",
				"SHAPE.AREA" : 18269.24833225,
				"SHAPE.LEN" : 755.271950402245
			}
		},
		{
			"type" : "Feature",
			"geometry" : {
				"type" : "Polygon",
				"coordinates" : [
					[
						[ 103.92004017552183, 1.3272597186051824 ],
						[ 103.91987635173317, 1.3278950461142631 ],
						[ 103.919390778728, 1.3276658440855815 ],
						[ 103.91942189495792, 1.3273860690795738 ],
						[ 103.92004017552183, 1.3272597186051824 ]
					]
				]
			},
			"properties" : {
				"OBJECTID" : 5447,
				"DESCRIPTION" : "SITE AREA:3169.3, FOR ENQUIRIES, PLEASE CALL  HDB AT 6490-1111 OR EMAIL at HDBMAILBOX@HDB.GOV.SG",
				"INC_CRC" : "1A0F9D0CA856ED99",
				"FMEL_UPD_D" : "20250214152432",
				"NAME" : "CHAI CHEE ST (INFRONT BLK 55)",
				"SHAPE.AREA" : 3169.346969055,
				"SHAPE.LEN" : 233.607721399964
			}
		},
		{
			"type" : "Feature",
			"geometry" : {
				"type" : "Polygon",
				"coordinates" : [
					[
						[ 103.8887029139348, 1.3194951365178278 ],
						[ 103.8886475378123, 1.3203812700090274 ],
						[ 103.88861630501194, 1.3204202940247194 ],
						[ 103.88790078722678, 1.3203777324643762 ],
						[ 103.88798795110328, 1.3197537011222304 ],
						[ 103.88808573125033, 1.3193727662679768 ],
						[ 103.8887029139348, 1.3194951365178278 ]
					]
				]
			},
			"properties" : {
				"OBJECTID" : 5448,
				"DESCRIPTION" : "SITE AREA:8379.5, FOR ENQUIRIES, PLEASE CALL  HDB AT 6490-1111 OR EMAIL at HDBMAILBOX@HDB.GOV.SG",
				"INC_CRC" : "F90AF00434F84F5A",
				"FMEL_UPD_D" : "20250214152432",
				"NAME" : "ALJUNIED AVE 2 (OPP SWIMMING COMPLEX)",
				"SHAPE.AREA" : 8379.47081465,
				"SHAPE.LEN" : 366.679765599121
			}
		},
		{
			"type" : "Feature",
			"geometry" : {
				"type" : "Polygon",
				"coordinates" : [
					[
						[ 103.88996853937755, 1.3185962240739033 ],
						[ 103.88979468685649, 1.3193565180071885 ],
						[ 103.88954008115789, 1.3193057437571494 ],
						[ 103.88930970042686, 1.3192554844197353 ],
						[ 103.88924497747897, 1.3192425986938565 ],
						[ 103.88905034681511, 1.319205363176817 ],
						[ 103.88894391438598, 1.3190879411116734 ],
						[ 103.88908135319866, 1.318521977834556 ],
						[ 103.88908695964436, 1.318498889289204 ],
						[ 103.8891780902277, 1.318477508063278 ],
						[ 103.88996853937755, 1.3185962240739033 ]
					]
				]
			},
			"properties" : {
				"OBJECTID" : 5449,
				"DESCRIPTION" : "SITE AREA:8152, FOR ENQUIRIES, PLEASE CALL  HDB AT 6490-1111 OR EMAIL at HDBMAILBOX@HDB.GOV.SG",
				"INC_CRC" : "E5DC55CAE20D8753",
				"FMEL_UPD_D" : "20250214152432",
				"NAME" : "GEYLANG EAST AVE 2 (OPP SRI SIVAN TEMPLE)",
				"SHAPE.AREA" : 8151.9784729,
				"SHAPE.LEN" : 354.762470885458
			}
		},
		{
			"type" : "Feature",
			"geometry" : {
				"type" : "Polygon",
				"coordinates" : [
					[
						[ 103.81434660021493, 1.457778889193869 ],
						[ 103.81433928381803, 1.4579888154249048 ],
						[ 103.81434984105665, 1.4581512663385015 ],
						[ 103.81437368866763, 1.4583121889901247 ],
						[ 103.81441263285839, 1.4584704077220738 ],
						[ 103.81446449901831, 1.4586248282353504 ],
						[ 103.81453657479383, 1.458780108062635 ],
						[ 103.81503500453226, 1.4597973403075142 ],
						[ 103.81532984275286, 1.4604058563684965 ],
						[ 103.81408193225283, 1.4608780657075024 ],
						[ 103.8143593676797, 1.4615195720159102 ],
						[ 103.81426622185258, 1.4615152745911066 ],
						[ 103.81411440708243, 1.4614970811125696 ],
						[ 103.81409838406695, 1.4614946093490608 ],
						[ 103.81394702049658, 1.4614651167452772 ],
						[ 103.8138223805996, 1.4614312146884993 ],
						[ 103.81381126577098, 1.4614284662305954 ],
						[ 103.81379791881376, 1.4614248359986728 ],
						[ 103.8136385147619, 1.461368686284671 ],
						[ 103.8134770260795, 1.4612981634914488 ],
						[ 103.81225757265324, 1.4607100845121508 ],
						[ 103.8122472692924, 1.4607050109355735 ],
						[ 103.81181840559805, 1.4604985117157085 ],
						[ 103.81182563052747, 1.4604833980622507 ],
						[ 103.81125235635749, 1.4602077795493853 ],
						[ 103.8117480152784, 1.4591666594047312 ],
						[ 103.81192251351912, 1.4587866493375967 ],
						[ 103.81208676227253, 1.4584009507107525 ],
						[ 103.812240234052, 1.4580106252442513 ],
						[ 103.81238292975584, 1.4576162019930625 ],
						[ 103.81244690675729, 1.4574225105295788 ],
						[ 103.81434660021493, 1.457778889193869 ]
					]
				]
			},
			"properties" : {
				"OBJECTID" : 5450,
				"DESCRIPTION" : "SITE AREA:121772.5, FOR ENQUIRIES, PLEASE CALL  HDB AT 6490-1111 OR EMAIL at HDBMAILBOX@HDB.GOV.SG",
				"INC_CRC" : "484618F5A5DC495B",
				"FMEL_UPD_D" : "20250214152432",
				"NAME" : "SEMBAWANG DRIVE/ADMIRALTY ST",
				"SHAPE.AREA" : 121772.479792065,
				"SHAPE.LEN" : 1470.14400475176
			}
		},
		{
			"type" : "Feature",
			"geometry" : {
				"type" : "Polygon",
				"coordinates" : [
					[
						[ 103.8233277457778, 1.4545901414273694 ],
						[ 103.82279559589577, 1.4553519351005124 ],
						[ 103.82277346499296, 1.455374121748644 ],
						[ 103.82274513826238, 1.4553873343672716 ],
						[ 103.82271403938975, 1.455390020180041 ],
						[ 103.82268390476953, 1.4553817894239205 ],
						[ 103.82265838452335, 1.4553637029348434 ],
						[ 103.82221441383743, 1.45491457481929 ],
						[ 103.82209703253801, 1.4548098697289717 ],
						[ 103.82196752452458, 1.4547207811218257 ],
						[ 103.82182794219767, 1.4546487532749774 ],
						[ 103.82168048083635, 1.4545948849997725 ],
						[ 103.82152749117824, 1.4545600571571737 ],
						[ 103.82137135990624, 1.454544800620197 ],
						[ 103.8212145455927, 1.4545493261181972 ],
						[ 103.82105955713277, 1.4545736345690545 ],
						[ 103.82090881536102, 1.4546173036487366 ],
						[ 103.82076469079226, 1.4546796225415357 ],
						[ 103.82062946588032, 1.4547596398710738 ],
						[ 103.82050528020385, 1.4548560850203043 ],
						[ 103.82039406486811, 1.4549674368625842 ],
						[ 103.82035849882757, 1.4550078318659074 ],
						[ 103.82020294718404, 1.455139036935439 ],
						[ 103.82003731285471, 1.4553283726172241 ],
						[ 103.82002328917334, 1.4553420392766385 ],
						[ 103.8200074611093, 1.45535353816571 ],
						[ 103.81999015665419, 1.4553626314387107 ],
						[ 103.81997173435182, 1.4553691300857552 ],
						[ 103.81995257610942, 1.455372900263293 ],
						[ 103.81993307911011, 1.455373863294063 ],
						[ 103.81991364592832, 1.455372000188797 ],
						[ 103.81989468003673, 1.4553673480288458 ],
						[ 103.81987924386848, 1.4553610255303555 ],
						[ 103.81986473327302, 1.4553527767428702 ],
						[ 103.81985138548085, 1.4553427355136548 ],
						[ 103.81984317858246, 1.4553352446206198 ],
						[ 103.81956174675345, 1.4550546007987266 ],
						[ 103.8195280942793, 1.455019909204256 ],
						[ 103.81949348930839, 1.4549816996289926 ],
						[ 103.81946302689484, 1.4549441050460852 ],
						[ 103.81943340019937, 1.4549038516389716 ],
						[ 103.81939720479986, 1.4548501050857865 ],
						[ 103.81937975410457, 1.4548216536985243 ],
						[ 103.81935662431972, 1.4547800799599346 ],
						[ 103.819333827043, 1.4547345812851784 ],
						[ 103.81931002338958, 1.4546797405279295 ],
						[ 103.81928899642048, 1.4546248636132526 ],
						[ 103.81927306449131, 1.4545763534500389 ],
						[ 103.81925530851052, 1.454509846439639 ],
						[ 103.8192466821605, 1.45447156467434 ],
						[ 103.8192397541671, 1.4544337622323882 ],
						[ 103.81923054393732, 1.4543614040429187 ],
						[ 103.8192261681452, 1.4542964164471317 ],
						[ 103.81922600687861, 1.45421880396193 ],
						[ 103.81922891870695, 1.4541615396770255 ],
						[ 103.81924079883265, 1.45406515267903 ],
						[ 103.81924939873711, 1.4540204862147268 ],
						[ 103.81925979585691, 1.453974146688957 ],
						[ 103.81927072311525, 1.4539337126607919 ],
						[ 103.81929350310827, 1.4538663105840823 ],
						[ 103.81972257524994, 1.4541359130618647 ],
						[ 103.82044410652139, 1.4544488180869166 ],
						[ 103.82066332353821, 1.4539368229239222 ],
						[ 103.82088952824209, 1.4540349476414007 ],
						[ 103.82122388102327, 1.4539039252711352 ],
						[ 103.82150856179427, 1.45323880352585 ],
						[ 103.82165487253158, 1.4531802286602862 ],
						[ 103.82183128825373, 1.4527628476732224 ],
						[ 103.82187381001808, 1.452780817595784 ],
						[ 103.82223880357937, 1.4529187529684506 ],
						[ 103.82255884921702, 1.4530317095434668 ],
						[ 103.82277235678195, 1.4531043671313437 ],
						[ 103.82297652790169, 1.4531727741468863 ],
						[ 103.82334898009039, 1.4532887152506755 ],
						[ 103.82360710329135, 1.4533669257499997 ],
						[ 103.82373558527995, 1.453410778895104 ],
						[ 103.8237894464864, 1.4534405372097539 ],
						[ 103.82383064634351, 1.4534803727933745 ],
						[ 103.82385550691795, 1.453519059765492 ],
						[ 103.82386868300802, 1.453547421568622 ],
						[ 103.82388109335798, 1.4536073103886449 ],
						[ 103.82387828408118, 1.4536662947808663 ],
						[ 103.82385451756545, 1.453732436218318 ],
						[ 103.82378881663357, 1.453852476644805 ],
						[ 103.82372718102062, 1.4539612839861236 ],
						[ 103.82366398453277, 1.4540691724854375 ],
						[ 103.82359924334473, 1.4541761430470486 ],
						[ 103.8235329403832, 1.4542821242260442 ],
						[ 103.82346512686827, 1.4543871521970297 ],
						[ 103.82339578752388, 1.454491154610751 ],
						[ 103.8233277457778, 1.4545901414273694 ]
					]
				]
			},
			"properties" : {
				"OBJECTID" : 5451,
				"DESCRIPTION" : "SITE AREA:70912.5, FOR ENQUIRIES, PLEASE CALL  HDB AT 6490-1111 OR EMAIL at HDBMAILBOX@HDB.GOV.SG",
				"INC_CRC" : "D1C1420E61172424",
				"FMEL_UPD_D" : "20250214152432",
				"NAME" : "WELLINGTON CIRCLE (OPPOSITE BLK 507B)",
				"SHAPE.AREA" : 70912.461561675,
				"SHAPE.LEN" : 1483.11877525876
			}
		},
		{
			"type" : "Feature",
			"geometry" : {
				"type" : "Polygon",
				"coordinates" : [
					[
						[ 103.87791909760591, 1.299554181519804 ],
						[ 103.87808098085061, 1.2996367380768588 ],
						[ 103.87826277629934, 1.2997444536877636 ],
						[ 103.87838986796113, 1.2998294978490654 ],
						[ 103.87881094069633, 1.3001490203246482 ],
						[ 103.87912423328595, 1.3004302891718085 ],
						[ 103.87929867881145, 1.3005917973427745 ],
						[ 103.87936806551406, 1.3006504621955814 ],
						[ 103.87994221821491, 1.3011646551557312 ],
						[ 103.88039630046363, 1.3015888117036292 ],
						[ 103.8807701620487, 1.3019393553184413 ],
						[ 103.88085427546079, 1.3020182224460535 ],
						[ 103.88098068969005, 1.3021443137748194 ],
						[ 103.88122246137516, 1.3023854688025356 ],
						[ 103.88124568190685, 1.3024022967724533 ],
						[ 103.8814537951044, 1.3025531154530436 ],
						[ 103.88103615693268, 1.3028627787414733 ],
						[ 103.88088225429186, 1.3026854131874386 ],
						[ 103.88067891442802, 1.302451072691765 ],
						[ 103.88056078897381, 1.3023085380368935 ],
						[ 103.88045228717091, 1.3021776333220132 ],
						[ 103.8803321848985, 1.302032729257352 ],
						[ 103.88021339454538, 1.301889407799557 ],
						[ 103.88008790090835, 1.30173798335477 ],
						[ 103.87997362138032, 1.301600106074338 ],
						[ 103.87992415536709, 1.3015404098944057 ],
						[ 103.87979812273994, 1.3013945744160136 ],
						[ 103.87975827153515, 1.3013549368586617 ],
						[ 103.87966709449991, 1.3012642850486296 ],
						[ 103.87965126188898, 1.3012508464848065 ],
						[ 103.87950760027034, 1.3011288503642235 ],
						[ 103.8794681715025, 1.301095380559973 ],
						[ 103.87937116327832, 1.3010239827658236 ],
						[ 103.87929910798843, 1.3009709611970488 ],
						[ 103.87926596021987, 1.300946571093862 ],
						[ 103.8792453563077, 1.3009314143221244 ],
						[ 103.87910306124431, 1.3008499065506467 ],
						[ 103.87900943188843, 1.300796288486219 ],
						[ 103.87890443601728, 1.3007468487887386 ],
						[ 103.87882968542934, 1.300711670366536 ],
						[ 103.87851096906545, 1.3005734078375797 ],
						[ 103.87802339689144, 1.3003619309290502 ],
						[ 103.87802300151469, 1.3003609632660469 ],
						[ 103.87798829819411, 1.3002745880283513 ],
						[ 103.87795923794731, 1.3002001683886806 ],
						[ 103.877907488311, 1.3000610056952933 ],
						[ 103.8778588296337, 1.299919518728812 ],
						[ 103.87781742242319, 1.2997897883713985 ],
						[ 103.87778517174146, 1.2996803427473145 ],
						[ 103.87777561984784, 1.299659506357669 ],
						[ 103.87776027231365, 1.2996370693453403 ],
						[ 103.87775152927944, 1.2996259005981163 ],
						[ 103.87776985948294, 1.2996198048567082 ],
						[ 103.87775074637653, 1.299558977636569 ],
						[ 103.87774484263943, 1.2995418490767883 ],
						[ 103.8777358837351, 1.2995180915789981 ],
						[ 103.87771438959746, 1.2994635768650469 ],
						[ 103.87791909760591, 1.299554181519804 ]
					]
				]
			},
			"properties" : {
				"OBJECTID" : 5452,
				"DESCRIPTION" : "SITE AREA:22572, FOR ENQUIRIES, PLEASE CALL SLA AT 6323-9829 OR EMAIL at SLA_ENQUIRY@SLA.GOV.SG",
				"INC_CRC" : "D01102C0E918FFFE",
				"FMEL_UPD_D" : "20250214152432",
				"NAME" : "JALAN BENAAM KEPAL (NEXT TO GEYLANG RIVER)",
				"SHAPE.AREA" : 22571.98867165,
				"SHAPE.LEN" : 1149.39375421362
			}
		},
		{
			"type" : "Feature",
			"geometry" : {
				"type" : "Polygon",
				"coordinates" : [
					[
						[ 103.92706613934558, 1.3120056936204934 ],
						[ 103.92698858670012, 1.3123235396168857 ],
						[ 103.9268630954571, 1.3122992549470904 ],
						[ 103.92687612462669, 1.3122084527437343 ],
						[ 103.92641818049496, 1.3121364735545153 ],
						[ 103.92646777886063, 1.3118774637950514 ],
						[ 103.92706613934558, 1.3120056936204934 ]
					]
				]
			},
			"properties" : {
				"OBJECTID" : 5453,
				"DESCRIPTION" : "SITE AREA:1995.1, FOR ENQUIRIES, PLEASE CALL SLA AT 6323-9829 OR EMAIL at SLA_ENQUIRY@SLA.GOV.SG",
				"INC_CRC" : "7C837721F8A40D67",
				"FMEL_UPD_D" : "20250214152432",
				"NAME" : "JALAN SEMPANDAN (NEXT TO VILLA MARINA)",
				"SHAPE.AREA" : 1995.12191656,
				"SHAPE.LEN" : 209.390931531907
			}
		},
		{
			"type" : "Feature",
			"geometry" : {
				"type" : "Polygon",
				"coordinates" : [
					[
						[ 103.96491212099546, 1.3794397649282726 ],
						[ 103.96471761808623, 1.3793923826611794 ],
						[ 103.96475638236804, 1.379046657451921 ],
						[ 103.96529381601103, 1.3791748796009733 ],
						[ 103.96527650445614, 1.3792949508748027 ],
						[ 103.96492471867218, 1.3792871441271792 ],
						[ 103.96491212099546, 1.3794397649282726 ]
					]
				]
			},
			"properties" : {
				"OBJECTID" : 5454,
				"DESCRIPTION" : "SITE AREA:1524.9, FOR ENQUIRIES, PLEASE CALL SLA AT 6323-9829 OR EMAIL at SLA_ENQUIRY@SLA.GOV.SG",
				"INC_CRC" : "5D184551245F0A45",
				"FMEL_UPD_D" : "20250214152432",
				"NAME" : "JLN LOYANG BESAR SITE B (OPP THE EDGEWATER)",
				"SHAPE.AREA" : 1524.907055725,
				"SHAPE.LEN" : 191.718574885888
			}
		},
		{
			"type" : "Feature",
			"geometry" : {
				"type" : "Polygon",
				"coordinates" : [
					[
						[ 103.8250954840696, 1.3968462991595494 ],
						[ 103.82500365944331, 1.3977480185407576 ],
						[ 103.82292585123257, 1.3975275560863272 ],
						[ 103.8230845758258, 1.3966554893739778 ],
						[ 103.8250954840696, 1.3968462991595494 ]
					]
				]
			},
			"properties" : {
				"OBJECTID" : 5455,
				"DESCRIPTION" : "SITE AREA:22628.5, FOR ENQUIRIES, PLEASE CALL SLA AT 6323-9829 OR EMAIL at SLA_ENQUIRY@SLA.GOV.SG",
				"INC_CRC" : "7678885867ECBBCE",
				"FMEL_UPD_D" : "20250214152432",
				"NAME" : "SPRINGLEAF RD (AFTER NEE SOON ROAD)",
				"SHAPE.AREA" : 22628.45726766,
				"SHAPE.LEN" : 655.556348929258
			}
		},
		{
			"type" : "Feature",
			"geometry" : {
				"type" : "Polygon",
				"coordinates" : [
					[
						[ 103.8214754323226, 1.4064425047119928 ],
						[ 103.82086886842121, 1.4067477343241002 ],
						[ 103.82062175179837, 1.4063520610790117 ],
						[ 103.82112722246647, 1.4060016128007744 ],
						[ 103.8214754323226, 1.4064425047119928 ]
					]
				]
			},
			"properties" : {
				"OBJECTID" : 5456,
				"DESCRIPTION" : "SITE AREA:4062.7, FOR ENQUIRIES, PLEASE CALL SLA AT 6323-9829 OR EMAIL at SLA_ENQUIRY@SLA.GOV.SG",
				"INC_CRC" : "0CF0085D6D718167",
				"FMEL_UPD_D" : "20250214152432",
				"NAME" : "SPRINGSIDE ROAD / JLN SELETAR ULU (NEXT TO MOSQUE)",
				"SHAPE.AREA" : 4062.746691245,
				"SHAPE.LEN" : 257.730146438285
			}
		},
		{
			"type" : "Feature",
			"geometry" : {
				"type" : "Polygon",
				"coordinates" : [
					[
						[ 103.86804290625335, 1.3575880105615246 ],
						[ 103.86796502775216, 1.3576009639894984 ],
						[ 103.86770409451324, 1.3576254335012956 ],
						[ 103.86767988259558, 1.3573023750531497 ],
						[ 103.8679884966974, 1.357299943309324 ],
						[ 103.86804290625335, 1.3575880105615246 ]
					]
				]
			},
			"properties" : {
				"OBJECTID" : 5457,
				"DESCRIPTION" : "SITE AREA:1235.9, FOR ENQUIRIES, PLEASE CALL SLA AT 6323-9829 OR EMAIL at SLA_ENQUIRY@SLA.GOV.SG",
				"INC_CRC" : "A0DECD8C915DF904",
				"FMEL_UPD_D" : "20250214152432",
				"NAME" : "LORONG CHUAN (NEXT TO PLAYGROUND)",
				"SHAPE.AREA" : 1235.92648753,
				"SHAPE.LEN" : 140.542506765567
			}
		},
		{
			"type" : "Feature",
			"geometry" : {
				"type" : "Polygon",
				"coordinates" : [
					[
						[ 103.82950473603483, 1.369925013095206 ],
						[ 103.82910028149092, 1.3698804028335079 ],
						[ 103.82910505105379, 1.369395494468451 ],
						[ 103.82956293547379, 1.3693929458342602 ],
						[ 103.82950473603483, 1.369925013095206 ]
					]
				]
			},
			"properties" : {
				"OBJECTID" : 5458,
				"DESCRIPTION" : "SITE AREA:2706.1, FOR ENQUIRIES, PLEASE CALL SLA AT 6323-9829 OR EMAIL at SLA_ENQUIRY@SLA.GOV.SG",
				"INC_CRC" : "23A8BD35C4D1D033",
				"FMEL_UPD_D" : "20250214152432",
				"NAME" : "ANG MO KIO AVE 1 (END OF JLN CHEMPEDAK)",
				"SHAPE.AREA" : 2706.09319295,
				"SHAPE.LEN" : 209.048217316547
			}
		},
		{
			"type" : "Feature",
			"geometry" : {
				"type" : "Polygon",
				"coordinates" : [
					[
						[ 103.85301443462313, 1.3897145822280719 ],
						[ 103.85194248466337, 1.3894094024569292 ],
						[ 103.85198998869576, 1.3891580892471462 ],
						[ 103.85208000246477, 1.3891149494587633 ],
						[ 103.85365738272056, 1.389028656385888 ],
						[ 103.85301443462313, 1.3897145822280719 ]
					]
				]
			},
			"properties" : {
				"OBJECTID" : 5459,
				"DESCRIPTION" : "SITE AREA:8642.6, FOR ENQUIRIES, PLEASE CALL SLA AT 6323-9829 OR EMAIL at SLA_ENQUIRY@SLA.GOV.SG",
				"INC_CRC" : "3A528A9304DA4332",
				"FMEL_UPD_D" : "20250214152432",
				"NAME" : "CACTUS ROAD (NEXT TO CACTUS PLAYGROUND)",
				"SHAPE.AREA" : 8642.57459433,
				"SHAPE.LEN" : 443.428926594861
			}
		},
		{
			"type" : "Feature",
			"geometry" : {
				"type" : "Polygon",
				"coordinates" : [
					[
						[ 103.8621279324844, 1.3802756748292793 ],
						[ 103.86220080168862, 1.380443918218502 ],
						[ 103.86226510013333, 1.380672557856951 ],
						[ 103.8614552938743, 1.3810283091987923 ],
						[ 103.86031395058191, 1.380861036857278 ],
						[ 103.86062771552938, 1.380689833511188 ],
						[ 103.86133067211877, 1.380314509663515 ],
						[ 103.8619993385693, 1.3799866407233687 ],
						[ 103.8621279324844, 1.3802756748292793 ]
					]
				]
			},
			"properties" : {
				"OBJECTID" : 5460,
				"DESCRIPTION" : "SITE AREA:12193.8, FOR ENQUIRIES, PLEASE CALL SLA AT 6323-9829 OR EMAIL at SLA_ENQUIRY@SLA.GOV.SG",
				"INC_CRC" : "D0E340C92C804CE8",
				"FMEL_UPD_D" : "20250214152432",
				"NAME" : "LILAC DR / LILAC WALK / NIM RD ",
				"SHAPE.AREA" : 12193.75013992,
				"SHAPE.LEN" : 519.328215332914
			}
		},
		{
			"type" : "Feature",
			"geometry" : {
				"type" : "Polygon",
				"coordinates" : [
					[
						[ 103.77506311596737, 1.3450505136426378 ],
						[ 103.77510622205493, 1.345339789974004 ],
						[ 103.7745361571828, 1.3460485000494486 ],
						[ 103.7742416942295, 1.3463838853132348 ],
						[ 103.77402007300057, 1.3465734698572585 ],
						[ 103.77369284834985, 1.345837149477598 ],
						[ 103.77376515106272, 1.3458000777587908 ],
						[ 103.77396632343859, 1.3456950860363144 ],
						[ 103.77409731750787, 1.3456183358697107 ],
						[ 103.774174514058, 1.3455693664450559 ],
						[ 103.7743270383349, 1.3454634239211116 ],
						[ 103.77444306272969, 1.3453711363969159 ],
						[ 103.77452681028106, 1.3453009869146726 ],
						[ 103.7746110252371, 1.3452242355834578 ],
						[ 103.77474903861618, 1.3450806259189796 ],
						[ 103.77482950694075, 1.3449878672460887 ],
						[ 103.77484994261673, 1.3449623239777695 ],
						[ 103.77488108625793, 1.3449444409304339 ],
						[ 103.77506311596737, 1.3450505136426378 ]
					]
				]
			},
			"properties" : {
				"OBJECTID" : 5461,
				"DESCRIPTION" : "SITE AREA:11410.8, FOR ENQUIRIES, PLEASE CALL SLA AT 6323-9829 OR EMAIL at SLA_ENQUIRY@SLA.GOV.SG",
				"INC_CRC" : "4150F82327B1AAA9",
				"FMEL_UPD_D" : "20250214152432",
				"NAME" : "HINDHEDE DR / UPPER BUKIT TIMAH ROAD (JUNCTION)",
				"SHAPE.AREA" : 11410.81071453,
				"SHAPE.LEN" : 494.080351431121
			}
		},
		{
			"type" : "Feature",
			"geometry" : {
				"type" : "MultiPolygon",
				"coordinates" : [
					[
						[
							[ 103.76046962981258, 1.417532163834188 ],
							[ 103.76014472108271, 1.4177923297663222 ],
							[ 103.76007400626287, 1.4178638979130853 ],
							[ 103.7598140306388, 1.4177147474728014 ],
							[ 103.76034714793566, 1.4174422047559252 ],
							[ 103.76046962981258, 1.417532163834188 ]
						]
					],
					[
						[
							[ 103.76006414125176, 1.4178738817683865 ],
							[ 103.75984487612655, 1.4180957901225315 ],
							[ 103.75936407217598, 1.4186370035038127 ],
							[ 103.75896198121488, 1.4181503364466408 ],
							[ 103.75979952809688, 1.417722161883015 ],
							[ 103.76006414125176, 1.4178738817683865 ]
						]
					]
				]
			},
			"properties" : {
				"OBJECTID" : 5462,
				"DESCRIPTION" : "SITE AREA:6753.7, FOR ENQUIRIES, PLEASE CALL SLA AT 6323-9829 OR EMAIL at SLA_ENQUIRY@SLA.GOV.SG",
				"INC_CRC" : "BE6899D07BF82E56",
				"FMEL_UPD_D" : "20250214152432",
				"NAME" : "JLN KASAU/ TURF CLUB RD (NEAR HSE 101)",
				"SHAPE.AREA" : 6753.69752944,
				"SHAPE.LEN" : 497.388315454592
			}
		},
		{
			"type" : "Feature",
			"geometry" : {
				"type" : "Polygon",
				"coordinates" : [
					[
						[ 103.84131176281007, 1.2810736427521379 ],
						[ 103.8411518377728, 1.2812104619052227 ],
						[ 103.84102989488365, 1.2810615721566678 ],
						[ 103.8411938174723, 1.2809106693236898 ],
						[ 103.84131176281007, 1.2810736427521379 ]
					]
				]
			},
			"properties" : {
				"OBJECTID" : 5463,
				"DESCRIPTION" : "SITE AREA:523.1, FOR ENQUIRIES, PLEASE CALL SLA AT 6323-9829 OR EMAIL at SLA_ENQUIRY@SLA.GOV.SG",
				"INC_CRC" : "DEAF7FD148228562",
				"FMEL_UPD_D" : "20250214152432",
				"NAME" : "NEW BRIDGE ROAD (NEXT TO 321)",
				"SHAPE.AREA" : 523.06143714,
				"SHAPE.LEN" : 91.7132412276583
			}
		},
		{
			"type" : "Feature",
			"geometry" : {
				"type" : "Polygon",
				"coordinates" : [
					[
						[ 103.82122151325355, 1.3186127866670037 ],
						[ 103.82120118672616, 1.3188791581304236 ],
						[ 103.82119679211684, 1.3190218849371562 ],
						[ 103.82119794174211, 1.319129431986298 ],
						[ 103.82120923565917, 1.319311055592982 ],
						[ 103.82121298432033, 1.3193311524024525 ],
						[ 103.8209625198826, 1.3193899240112685 ],
						[ 103.82079217214431, 1.319443741892779 ],
						[ 103.82037731904636, 1.3195720419647494 ],
						[ 103.82029948205303, 1.319385888042812 ],
						[ 103.82039896641827, 1.3193290212123974 ],
						[ 103.82058894059436, 1.3192225721501618 ],
						[ 103.8206276844621, 1.3192009553215274 ],
						[ 103.82072369499636, 1.3191470647239834 ],
						[ 103.8208198045546, 1.3190556610777764 ],
						[ 103.82109317215347, 1.3188118095630683 ],
						[ 103.82088495125633, 1.31871394722562 ],
						[ 103.82121706203505, 1.3185701349996886 ],
						[ 103.82122151325355, 1.3186127866670037 ]
					]
				]
			},
			"properties" : {
				"OBJECTID" : 5464,
				"DESCRIPTION" : "SITE AREA:4515.8, FOR ENQUIRIES, PLEASE CALL SLA AT 6323-9829 OR EMAIL at SLA_ENQUIRY@SLA.GOV.SG",
				"INC_CRC" : "AB685BAB82630386",
				"FMEL_UPD_D" : "20250214152432",
				"NAME" : "EVANS ROAD (NEXT TO EVAN LODGE)",
				"SHAPE.AREA" : 4515.82155155,
				"SHAPE.LEN" : 378.746916649009
			}
		},
		{
			"type" : "Feature",
			"geometry" : {
				"type" : "Polygon",
				"coordinates" : [
					[
						[ 103.82456699237268, 1.2969170157045171 ],
						[ 103.82447872167192, 1.2973027640668848 ],
						[ 103.82447181572957, 1.2974842139894287 ],
						[ 103.82450466168524, 1.2975777950624034 ],
						[ 103.82458361105208, 1.2976698027010403 ],
						[ 103.82411406943619, 1.2977158051561946 ],
						[ 103.82403927725585, 1.2972390400320555 ],
						[ 103.82436338612204, 1.2968584655042104 ],
						[ 103.82456699237268, 1.2969170157045171 ]
					]
				]
			},
			"properties" : {
				"OBJECTID" : 5465,
				"DESCRIPTION" : "SITE AREA:3861.5, FOR ENQUIRIES, PLEASE CALL SLA AT 6323-9829 OR EMAIL at SLA_ENQUIRY@SLA.GOV.SG",
				"INC_CRC" : "CC35528B54192B55",
				"FMEL_UPD_D" : "20250214152432",
				"NAME" : "NATHAN ROAD (NEXT TO REGENCY PARK)",
				"SHAPE.AREA" : 3861.51079331,
				"SHAPE.LEN" : 273.132073419714
			}
		},
		{
			"type" : "Feature",
			"geometry" : {
				"type" : "Polygon",
				"coordinates" : [
					[
						[ 103.69545743636814, 1.3339248380009552 ],
						[ 103.69438106865132, 1.3339414408492407 ],
						[ 103.69437731605053, 1.33365731183738 ],
						[ 103.6954574519738, 1.3336444306394706 ],
						[ 103.69545743636814, 1.3339248380009552 ]
					]
				]
			},
			"properties" : {
				"OBJECTID" : 5466,
				"DESCRIPTION" : "SITE AREA:3745.7, FOR ENQUIRIES, PLEASE CALL SLA AT 6323-9829 OR EMAIL at SLA_ENQUIRY@SLA.GOV.SG",
				"INC_CRC" : "D7D910B6A2D3640E",
				"FMEL_UPD_D" : "20250214152432",
				"NAME" : "KIAN TECK LANE (NEXT TO KIAN TECK HOSTEL)",
				"SHAPE.AREA" : 3745.715308485,
				"SHAPE.LEN" : 302.445988335972
			}
		},
		{
			"type" : "Feature",
			"geometry" : {
				"type" : "MultiPolygon",
				"coordinates" : [
					[
						[
							[ 103.69605199314121, 1.3344544676131085 ],
							[ 103.69614235647995, 1.3346134070630296 ],
							[ 103.69550616178722, 1.3346280391166052 ],
							[ 103.69550653236044, 1.3345891343920853 ],
							[ 103.6955065398584, 1.334454435110702 ],
							[ 103.69605199314121, 1.3344544676131085 ]
						]
					],
					[
						[
							[ 103.69543434020989, 1.3346296909521351 ],
							[ 103.69469428073664, 1.3346433501682595 ],
							[ 103.69453481396518, 1.3346479081450169 ],
							[ 103.69350411267654, 1.3346740831233128 ],
							[ 103.69352830378543, 1.334606571182558 ],
							[ 103.6935403318524, 1.3346063322146386 ],
							[ 103.69358144292576, 1.3345674470062516 ],
							[ 103.69363912447551, 1.3345085492163964 ],
							[ 103.69364670425837, 1.3345001463192774 ],
							[ 103.69372533307208, 1.3344543358399434 ],
							[ 103.69375435818523, 1.3344543338799981 ],
							[ 103.69375435059185, 1.3345890349600629 ],
							[ 103.69543471087697, 1.3345891212974597 ],
							[ 103.69543434020989, 1.3346296909521351 ]
						]
					]
				]
			},
			"properties" : {
				"OBJECTID" : 5467,
				"DESCRIPTION" : "SITE AREA:2851.7, FOR ENQUIRIES, PLEASE CALL SLA AT 6323-9829 OR EMAIL at SLA_ENQUIRY@SLA.GOV.SG",
				"INC_CRC" : "F05A5C1EE3A53594",
				"FMEL_UPD_D" : "20250214152432",
				"NAME" : "PIONEER RD / UPPER JURONG ROAD (OPP BLK 990A)",
				"SHAPE.AREA" : 2851.718294105,
				"SHAPE.LEN" : 631.522854742873
			}
		},
		{
			"type" : "Feature",
			"geometry" : {
				"type" : "MultiPolygon",
				"coordinates" : [
					[
						[
							[ 103.72068773448832, 1.3436371813162553 ],
							[ 103.72076566013538, 1.3438941243295703 ],
							[ 103.72072117036267, 1.3438814295350698 ],
							[ 103.72071186832761, 1.3438651270610136 ],
							[ 103.72070496806987, 1.3438503765848 ],
							[ 103.7206989034021, 1.3438371545203645 ],
							[ 103.72069318024893, 1.3438225759276738 ],
							[ 103.7206879602889, 1.3438079973583248 ],
							[ 103.7206833514584, 1.343791031299731 ],
							[ 103.72067841018725, 1.3437734954771774 ],
							[ 103.7206745831235, 1.343756086317129 ],
							[ 103.72067174455422, 1.3437369408265043 ],
							[ 103.72066859171393, 1.3437128936753282 ],
							[ 103.72066808952277, 1.3436910261613344 ],
							[ 103.72066791991485, 1.343666617403502 ],
							[ 103.72066876541501, 1.343647960439723 ],
							[ 103.72067094968223, 1.3436311755688952 ],
							[ 103.72067431993038, 1.3436169410559955 ],
							[ 103.72068005347425, 1.3436008346218828 ],
							[ 103.7206900375373, 1.343577403046886 ],
							[ 103.72071311474947, 1.343528948362532 ],
							[ 103.72063844854858, 1.3436367720657154 ],
							[ 103.72064602300436, 1.343645418124955 ],
							[ 103.72065209682196, 1.343655040826259 ],
							[ 103.72065578036216, 1.3436670780650959 ],
							[ 103.72065577924127, 1.3436915410767505 ],
							[ 103.72065559852791, 1.343713399515412 ],
							[ 103.72065844583068, 1.3437380435318078 ],
							[ 103.72066106871294, 1.343757903458979 ],
							[ 103.72066557862384, 1.3437765697149249 ],
							[ 103.72066985496416, 1.343794042201235 ],
							[ 103.72067532635567, 1.3438122201459257 ],
							[ 103.72068007911882, 1.3438256230220817 ],
							[ 103.72068673670658, 1.34384165768215 ],
							[ 103.72069267553503, 1.3438557750598807 ],
							[ 103.7207000789924, 1.3438703808614307 ],
							[ 103.72070375108777, 1.3438772668496002 ],
							[ 103.720503001722, 1.3438292892234487 ],
							[ 103.72109653745233, 1.342968234086451 ],
							[ 103.72115107630103, 1.3429698011534976 ],
							[ 103.72068773448832, 1.3436371813162553 ]
						]
					],
					[
						[
							[ 103.71987002783408, 1.343053829294624 ],
							[ 103.7200413624973, 1.343108397494851 ],
							[ 103.72008938554407, 1.3427466853977634 ],
							[ 103.72021621076716, 1.3427865393364107 ],
							[ 103.72020112808522, 1.3428728817601048 ],
							[ 103.720099443563, 1.3433420875279138 ],
							[ 103.7203383408839, 1.343396839731448 ],
							[ 103.72068273643902, 1.3434860168546097 ],
							[ 103.72075049293703, 1.3431770173395612 ],
							[ 103.72090133242496, 1.3432114986348787 ],
							[ 103.72091822644954, 1.3431870092740394 ],
							[ 103.72087718968083, 1.3431780089649534 ],
							[ 103.7209096792049, 1.343033059209674 ],
							[ 103.72107083875096, 1.3429665236532637 ],
							[ 103.72047907515497, 1.343823570730073 ],
							[ 103.72039993184441, 1.3438046559205579 ],
							[ 103.72035277274495, 1.3440203514682019 ],
							[ 103.72004845173078, 1.3439168022231698 ],
							[ 103.72000129239915, 1.3441368124754085 ],
							[ 103.71948257183479, 1.3439506377985528 ],
							[ 103.71958720274077, 1.3435233430894218 ],
							[ 103.71967300488737, 1.343550188592379 ],
							[ 103.71988749515057, 1.3426784562818415 ],
							[ 103.71995951616378, 1.3427034734120247 ],
							[ 103.71987002783408, 1.343053829294624 ]
						]
					]
				]
			},
			"properties" : {
				"OBJECTID" : 5468,
				"DESCRIPTION" : "SITE AREA:10988, FOR ENQUIRIES, PLEASE CALL SLA AT 6323-9829 OR EMAIL at SLA_ENQUIRY@SLA.GOV.SG",
				"INC_CRC" : "EE2389657B359DFE",
				"FMEL_UPD_D" : "20250214152432",
				"NAME" : "BOON LAY WAY (NEXT TO LAKESIDE MRT)",
				"SHAPE.AREA" : 10988.0160669,
				"SHAPE.LEN" : 1131.45267075097
			}
		},
		{
			"type" : "Feature",
			"geometry" : {
				"type" : "Polygon",
				"coordinates" : [
					[
						[ 103.75526736662067, 1.3150216634663017 ],
						[ 103.7549782691741, 1.3154513718744376 ],
						[ 103.75477204603337, 1.3157578976627526 ],
						[ 103.75349953688907, 1.3149679223561312 ],
						[ 103.75456634319649, 1.3145998315421783 ],
						[ 103.75526736662067, 1.3150216634663017 ]
					]
				]
			},
			"properties" : {
				"OBJECTID" : 5469,
				"DESCRIPTION" : "SITE AREA:12528.7, FOR ENQUIRIES, PLEASE CALL SLA AT 6323-9829 OR EMAIL at SLA_ENQUIRY@SLA.GOV.SG",
				"INC_CRC" : "EFF6E2E506D2BB3F",
				"FMEL_UPD_D" : "20250214152432",
				"NAME" : "WEST COAST RD / WEST COAST WAY",
				"SHAPE.AREA" : 12528.73362906,
				"SHAPE.LEN" : 481.113416857016
			}
		},
		{
			"type" : "Feature",
			"geometry" : {
				"type" : "Polygon",
				"coordinates" : [
					[
						[ 103.77284401756587, 1.3100834404186512 ],
						[ 103.77281352799935, 1.310459233760084 ],
						[ 103.77267636781482, 1.3105129161945583 ],
						[ 103.77223441559326, 1.3103058349207508 ],
						[ 103.77215036209111, 1.309849510571317 ],
						[ 103.7722556350417, 1.3095539750689218 ],
						[ 103.77242382773417, 1.3094132537841319 ],
						[ 103.77263708970295, 1.3093126150077956 ],
						[ 103.77288521225404, 1.3092269867914441 ],
						[ 103.77284401756587, 1.3100834404186512 ]
					]
				]
			},
			"properties" : {
				"OBJECTID" : 5470,
				"DESCRIPTION" : "SITE AREA:8410.9, FOR ENQUIRIES, PLEASE CALL SLA AT 6323-9829 OR EMAIL at SLA_ENQUIRY@SLA.GOV.SG",
				"INC_CRC" : "EBD28F803FF2CC84",
				"FMEL_UPD_D" : "20250214152432",
				"NAME" : "DOVER ROAD (NEXT TO NEW TOWN SEC SCH)",
				"SHAPE.AREA" : 8410.926734365,
				"SHAPE.LEN" : 372.916828850938
			}
		},
		{
			"type" : "Feature",
			"geometry" : {
				"type" : "Polygon",
				"coordinates" : [
					[
						[ 103.82882953546164, 1.2780301801598246 ],
						[ 103.82882943931783, 1.2780303619370224 ],
						[ 103.8288293701294, 1.2780309696701466 ],
						[ 103.82880514519215, 1.2782429889475269 ],
						[ 103.82865620406527, 1.2780053848740738 ],
						[ 103.8284486422974, 1.2778208126412205 ],
						[ 103.82842993124278, 1.277776092662549 ],
						[ 103.82834114613901, 1.2776426471103293 ],
						[ 103.82812259946496, 1.2776276486851748 ],
						[ 103.82854646680954, 1.2774084676233908 ],
						[ 103.82856129174378, 1.277424340160568 ],
						[ 103.82861019093566, 1.277476693034686 ],
						[ 103.82870041269155, 1.277675481661749 ],
						[ 103.82893969289678, 1.2778212114542058 ],
						[ 103.82885336115527, 1.2779849827543257 ],
						[ 103.82884082657519, 1.2779762465668094 ],
						[ 103.82882953546164, 1.2780301801598246 ]
					]
				]
			},
			"properties" : {
				"OBJECTID" : 5471,
				"DESCRIPTION" : "SITE AREA:2758.5, FOR ENQUIRIES, PLEASE CALL  HDB AT 6490-1111 OR EMAIL at HDBMAILBOX@HDB.GOV.SG",
				"INC_CRC" : "3841BF75B3CC625D",
				"FMEL_UPD_D" : "20250214152432",
				"NAME" : "JLN BUKIT MERAH (NEXT TO THAI TEMPLE)",
				"SHAPE.AREA" : 2758.53775711,
				"SHAPE.LEN" : 280.053153557383
			}
		},
		{
			"type" : "Feature",
			"geometry" : {
				"type" : "Polygon",
				"coordinates" : [
					[
						[ 103.82787746863657, 1.2907667680525654 ],
						[ 103.82701987336698, 1.2907915185218857 ],
						[ 103.82688021299332, 1.290802325329226 ],
						[ 103.82670233752218, 1.2908574459071125 ],
						[ 103.82657216482151, 1.290877695195795 ],
						[ 103.82686052628725, 1.2906662454978843 ],
						[ 103.82815430961473, 1.290636883753069 ],
						[ 103.82951201519302, 1.2905934133513397 ],
						[ 103.82954099312227, 1.2906207794758988 ],
						[ 103.82954534181222, 1.290791026168699 ],
						[ 103.82844929165327, 1.2907522722535885 ],
						[ 103.82843080865145, 1.290751205067269 ],
						[ 103.82787746863657, 1.2907667680525654 ]
					]
				]
			},
			"properties" : {
				"OBJECTID" : 5472,
				"DESCRIPTION" : "SITE AREA:4900.7, FOR ENQUIRIES, PLEASE CALL  HDB AT 6490-1111 OR EMAIL at HDBMAILBOX@HDB.GOV.SG",
				"INC_CRC" : "A0ADB6568675A11E",
				"FMEL_UPD_D" : "20250214152432",
				"NAME" : "GANGES AVE(Near Indus Garden)",
				"SHAPE.AREA" : 4900.67771885,
				"SHAPE.LEN" : 690.32672927579
			}
		},
		{
			"type" : "Feature",
			"geometry" : {
				"type" : "Polygon",
				"coordinates" : [
					[
						[ 103.82704773146514, 1.2876124382090446 ],
						[ 103.82706047181541, 1.287636007798282 ],
						[ 103.82709536916188, 1.2877082485515163 ],
						[ 103.82672823759778, 1.2878716021454981 ],
						[ 103.82659336288516, 1.2879299912044873 ],
						[ 103.82649055268665, 1.2879537142283983 ],
						[ 103.82646208870308, 1.2879571127545664 ],
						[ 103.82646668511275, 1.2878175041513185 ],
						[ 103.82656905592681, 1.287791051753934 ],
						[ 103.82669770911555, 1.2877409231487043 ],
						[ 103.82670500168024, 1.2877376611236582 ],
						[ 103.82670507715774, 1.2877376312798148 ],
						[ 103.8267140464013, 1.2877336141144364 ],
						[ 103.82693425920267, 1.2876351040220935 ],
						[ 103.82699436265365, 1.2876082264488038 ],
						[ 103.82704462162863, 1.2876072652341901 ],
						[ 103.82704773146514, 1.2876124382090446 ]
					]
				]
			},
			"properties" : {
				"OBJECTID" : 5473,
				"DESCRIPTION" : "SITE AREA:1065.8, FOR ENQUIRIES, PLEASE CALL  HDB AT 6490-1111 OR EMAIL at HDBMAILBOX@HDB.GOV.SG",
				"INC_CRC" : "CAA76944CD303F1F",
				"FMEL_UPD_D" : "20250214152432",
				"NAME" : "JLN BT HO SWEE",
				"SHAPE.AREA" : 1065.76559927,
				"SHAPE.LEN" : 172.744447790804
			}
		},
		{
			"type" : "Feature",
			"geometry" : {
				"type" : "MultiPolygon",
				"coordinates" : [
					[
						[
							[ 103.81660843937348, 1.2937042528921285 ],
							[ 103.8166294955586, 1.293882278148662 ],
							[ 103.81659159166004, 1.2939840062769583 ],
							[ 103.81654105441262, 1.294060301773364 ],
							[ 103.81625735229704, 1.2940275663833314 ],
							[ 103.81606662777293, 1.294000244223389 ],
							[ 103.81601643300871, 1.2937887789698055 ],
							[ 103.81602757779937, 1.2936318762742347 ],
							[ 103.8159925805955, 1.2934793612395978 ],
							[ 103.81598420540429, 1.2934609492188653 ],
							[ 103.81603047413849, 1.2934496305068122 ],
							[ 103.81613220731474, 1.293423495059774 ],
							[ 103.81613231424122, 1.2934235104347127 ],
							[ 103.81613261345538, 1.2934235909252194 ],
							[ 103.81613289379979, 1.2934237229643883 ],
							[ 103.81613312921687, 1.2934238866560324 ],
							[ 103.81613336193786, 1.2934241181750052 ],
							[ 103.81613353894905, 1.293424373207093 ],
							[ 103.81613366923582, 1.2934246553697943 ],
							[ 103.81613374381305, 1.29342492396665 ],
							[ 103.81616041185457, 1.2935297219424307 ],
							[ 103.81616207054144, 1.2935331323134192 ],
							[ 103.8161648272438, 1.2935370952587684 ],
							[ 103.81616822640781, 1.293540516493978 ],
							[ 103.81617216380327, 1.2935432911120115 ],
							[ 103.81617651992453, 1.293545335910481 ],
							[ 103.81617781651869, 1.2935457745362304 ],
							[ 103.8161811617877, 1.2935465875829493 ],
							[ 103.81618595101743, 1.2935470090495291 ],
							[ 103.8161907393543, 1.2935465876480758 ],
							[ 103.81619538213283, 1.293545336038742 ],
							[ 103.81619973828154, 1.2935432912995148 ],
							[ 103.81619992967188, 1.293543179159584 ],
							[ 103.81633287896128, 1.2934061326161337 ],
							[ 103.81646918881421, 1.2932647722676731 ],
							[ 103.81647532591249, 1.293256841029297 ],
							[ 103.81647654793842, 1.29325562918862 ],
							[ 103.81649078986457, 1.2932516862531749 ],
							[ 103.81650234603374, 1.2932497338066842 ],
							[ 103.8165310805291, 1.2932494708281115 ],
							[ 103.81653710075034, 1.2932516232564601 ],
							[ 103.81661529174409, 1.2932795776922827 ],
							[ 103.81663227327674, 1.2932832576652038 ],
							[ 103.8166444673991, 1.293283159170153 ],
							[ 103.81677831439103, 1.2932700196314997 ],
							[ 103.8169297144202, 1.293255495617405 ],
							[ 103.81693400467232, 1.2933004886991466 ],
							[ 103.8166664145123, 1.2933887059237699 ],
							[ 103.8166467399802, 1.2933951918981004 ],
							[ 103.81660927409034, 1.2934342493573894 ],
							[ 103.81657896159527, 1.2934584092621246 ],
							[ 103.81660843937348, 1.2937042528921285 ]
						]
					],
					[
						[
							[ 103.8164068397115, 1.2931487961065524 ],
							[ 103.81628259815714, 1.2931600093934674 ],
							[ 103.81609376032826, 1.293178411933836 ],
							[ 103.81609328589728, 1.2931784878972432 ],
							[ 103.81609092452311, 1.2931791245539261 ],
							[ 103.81608870871013, 1.2931801645583125 ],
							[ 103.81608670584922, 1.2931815762580823 ],
							[ 103.81608497704157, 1.2931833162441657 ],
							[ 103.81608357440301, 1.2931853311593684 ],
							[ 103.81608301370512, 1.2931864154889356 ],
							[ 103.81608235865723, 1.2931879510959063 ],
							[ 103.81608169641456, 1.2931904389989726 ],
							[ 103.81608147266013, 1.2931930046804136 ],
							[ 103.81608169637991, 1.2931955712692782 ],
							[ 103.81608183654781, 1.293196273057317 ],
							[ 103.8160995463178, 1.2932710189299437 ],
							[ 103.81611219023276, 1.2933268789175063 ],
							[ 103.81594165465461, 1.2933674041431307 ],
							[ 103.81588886247314, 1.2932513457382744 ],
							[ 103.81579436907512, 1.2928532581634478 ],
							[ 103.81655790867222, 1.2927844592804918 ],
							[ 103.81688137339647, 1.2927485291873855 ],
							[ 103.81692240616695, 1.2931788524605983 ],
							[ 103.81660271265203, 1.2932025438141364 ],
							[ 103.81653851994339, 1.2931916349391706 ],
							[ 103.81655839674065, 1.2931707731839341 ],
							[ 103.81656044453298, 1.2931686678362728 ],
							[ 103.81656235934526, 1.293165915866888 ],
							[ 103.81656377007705, 1.2931628708799434 ],
							[ 103.81656463359776, 1.293159625120359 ],
							[ 103.8165649247475, 1.2931562789724942 ],
							[ 103.81656463364169, 1.2931529319163784 ],
							[ 103.81656394986868, 1.2931502079650279 ],
							[ 103.81656376926504, 1.2931496852409605 ],
							[ 103.81656235857321, 1.2931466402352578 ],
							[ 103.81656044379709, 1.2931438882403925 ],
							[ 103.81655808334139, 1.2931415124583419 ],
							[ 103.81655534908904, 1.2931395852387297 ],
							[ 103.81655232370557, 1.293138165365852 ],
							[ 103.8165490997406, 1.2931372962498109 ],
							[ 103.8165488184971, 1.2931372483166186 ],
							[ 103.8164068397115, 1.2931487961065524 ]
						]
					]
				]
			},
			"properties" : {
				"OBJECTID" : 5474,
				"DESCRIPTION" : "SITE AREA:10232.9, FOR ENQUIRIES, PLEASE CALL  HDB AT 6490-1111 OR EMAIL at HDBMAILBOX@HDB.GOV.SG",
				"INC_CRC" : "AFAD30FEA3F0663C",
				"FMEL_UPD_D" : "20250214152432",
				"NAME" : "TANGLIN RD",
				"SHAPE.AREA" : 10232.87082484,
				"SHAPE.LEN" : 729.986721136589
			}
		},
		{
			"type" : "Feature",
			"geometry" : {
				"type" : "Polygon",
				"coordinates" : [
					[
						[ 103.88397670195997, 1.3916527623473636 ],
						[ 103.88333464939217, 1.3920572437846572 ],
						[ 103.88376183016163, 1.3927437009885169 ],
						[ 103.88361808542524, 1.3930398262357162 ],
						[ 103.88293819466344, 1.3919638043012774 ],
						[ 103.88242109150522, 1.3922641525932722 ],
						[ 103.88240220192581, 1.3917153416350292 ],
						[ 103.882471880529, 1.391679174667536 ],
						[ 103.88266925979048, 1.3915620734987881 ],
						[ 103.8833196510408, 1.3911523377114732 ],
						[ 103.88332400070871, 1.3911784827755824 ],
						[ 103.88355210257869, 1.3910336585127112 ],
						[ 103.88356648791472, 1.3910337160839001 ],
						[ 103.88358824253895, 1.3910361483563571 ],
						[ 103.88359901653747, 1.391038445209444 ],
						[ 103.88360455091143, 1.3910399662306752 ],
						[ 103.8836092693718, 1.391041262082817 ],
						[ 103.883619971512, 1.3910448747866275 ],
						[ 103.88363011654565, 1.3910490436860565 ],
						[ 103.88363536249801, 1.391051599305569 ],
						[ 103.88363997404778, 1.3910538456462702 ],
						[ 103.88364952604475, 1.3910591811876092 ],
						[ 103.88365940514761, 1.391065624567516 ],
						[ 103.88366819247885, 1.391072095101714 ],
						[ 103.88367602552347, 1.3910787148764021 ],
						[ 103.8836852352413, 1.3910877727862225 ],
						[ 103.8836962261304, 1.3911057730067469 ],
						[ 103.88390475725656, 1.3914399490189282 ],
						[ 103.88406385597555, 1.391695618261562 ],
						[ 103.88405530127986, 1.391684802256073 ],
						[ 103.88404533584406, 1.3916752795212621 ],
						[ 103.88403416634503, 1.391667230925374 ],
						[ 103.88402199945901, 1.391660810205771 ],
						[ 103.88400906881903, 1.3916561439683357 ],
						[ 103.88399561704311, 1.3916533226441534 ],
						[ 103.88398190471985, 1.391652391445799 ],
						[ 103.88397670195997, 1.3916527623473636 ]
					]
				]
			},
			"properties" : {
				"OBJECTID" : 5475,
				"DESCRIPTION" : "SITE AREA:16158.8, FOR ENQUIRIES, PLEASE CALL  HDB AT 6490-1111 OR EMAIL at HDBMAILBOX@HDB.GOV.SG",
				"INC_CRC" : "A9E3F2443B2902DC",
				"FMEL_UPD_D" : "20250214152432",
				"NAME" : "ANCHORVALE LANE (BLK 311C)",
				"SHAPE.AREA" : 16158.81988466,
				"SHAPE.LEN" : 738.085350350567
			}
		},
		{
			"type" : "Feature",
			"geometry" : {
				"type" : "Polygon",
				"coordinates" : [
					[
						[ 103.82999586606698, 1.4523667543327892 ],
						[ 103.82960801906053, 1.4526622916212992 ],
						[ 103.82913656632043, 1.4522962776418098 ],
						[ 103.8291278580118, 1.452272798536662 ],
						[ 103.82911330424382, 1.4522782183606777 ],
						[ 103.82910117583016, 1.452268802103618 ],
						[ 103.82943980832908, 1.451902115815837 ],
						[ 103.82999586606698, 1.4523667543327892 ]
					]
				]
			},
			"properties" : {
				"OBJECTID" : 5476,
				"DESCRIPTION" : "SITE AREA:4080.8, FOR ENQUIRIES, PLEASE CALL SLA AT 6323-9829 OR EMAIL at SLA_ENQUIRY@SLA.GOV.SG",
				"INC_CRC" : "2A3BD1607C58907A",
				"FMEL_UPD_D" : "20250214152432",
				"NAME" : "SEMBAWANG ROAD (BEHIND SEMBAWANG CC)",
				"SHAPE.AREA" : 4080.758963615,
				"SHAPE.LEN" : 262.384412778644
			}
		},
		{
			"type" : "Feature",
			"geometry" : {
				"type" : "Polygon",
				"coordinates" : [
					[
						[ 103.74557528466588, 1.3395961018867382 ],
						[ 103.74559349890596, 1.3395829983167313 ],
						[ 103.74561481298241, 1.3395752125153262 ],
						[ 103.74563846311766, 1.3395728348912699 ],
						[ 103.74566236461516, 1.339577041041942 ],
						[ 103.74568491804702, 1.3395876771680004 ],
						[ 103.74570335585364, 1.3396047612571529 ],
						[ 103.74629747201861, 1.3404114657288606 ],
						[ 103.7463254340869, 1.3404418262100655 ],
						[ 103.7463605220279, 1.3404635954927995 ],
						[ 103.74638750548348, 1.3404708584956095 ],
						[ 103.74637801503626, 1.3405181834963649 ],
						[ 103.74541873335257, 1.341234314431481 ],
						[ 103.74469543784143, 1.3402529182167269 ],
						[ 103.74500056951891, 1.3400238540533964 ],
						[ 103.74502854206484, 1.3400119626891587 ],
						[ 103.74557528466588, 1.3395961018867382 ]
					]
				]
			},
			"properties" : {
				"OBJECTID" : 5477,
				"DESCRIPTION" : "SITE AREA:17915.3, FOR ENQUIRIES, PLEASE CALL  HDB AT 6490-1111 OR EMAIL at HDBMAILBOX@HDB.GOV.SG",
				"INC_CRC" : "7B4CB938E658301B",
				"FMEL_UPD_D" : "20250214152432",
				"NAME" : "TOH GUAN ROAD",
				"SHAPE.AREA" : 17915.2719055,
				"SHAPE.LEN" : 534.61169649517
			}
		},
		{
			"type" : "Feature",
			"geometry" : {
				"type" : "Polygon",
				"coordinates" : [
					[
						[ 103.91134467555712, 1.4012550466303964 ],
						[ 103.91158404189083, 1.401592999123711 ],
						[ 103.91104174191416, 1.4019820517351762 ],
						[ 103.91047825544666, 1.4012318107588624 ],
						[ 103.91062344301326, 1.4011276278221678 ],
						[ 103.9110418305618, 1.4008274738324857 ],
						[ 103.91134467555712, 1.4012550466303964 ]
					]
				]
			},
			"properties" : {
				"OBJECTID" : 5478,
				"DESCRIPTION" : "SITE AREA:7855.6, FOR ENQUIRIES, PLEASE CALL  HDB AT 6490-1111 OR EMAIL at HDBMAILBOX@HDB.GOV.SG",
				"INC_CRC" : "38DC1ED05EC1A1CB",
				"FMEL_UPD_D" : "20250214152432",
				"NAME" : "EDGEPLAINS(INFRONT TO BLK 621) ",
				"SHAPE.AREA" : 7855.589886675,
				"SHAPE.LEN" : 359.082403984847
			}
		},
		{
			"type" : "Feature",
			"geometry" : {
				"type" : "Polygon",
				"coordinates" : [
					[
						[ 103.77308754031986, 1.2903333988687729 ],
						[ 103.77319359884171, 1.290557820316927 ],
						[ 103.77300636373587, 1.2906251186510884 ],
						[ 103.7727244498769, 1.2897201370960958 ],
						[ 103.77310973766703, 1.2896162764338668 ],
						[ 103.77312274349046, 1.2896399150195126 ],
						[ 103.7731725295062, 1.2897307867366017 ],
						[ 103.77318191885855, 1.2897478251847492 ],
						[ 103.77323774281699, 1.2898496308095846 ],
						[ 103.77332838380947, 1.2900126175097446 ],
						[ 103.77340723024247, 1.2901509093538208 ],
						[ 103.7735397611476, 1.2904333988440078 ],
						[ 103.77340254557119, 1.2904827187230898 ],
						[ 103.77348715495452, 1.2904420767839915 ],
						[ 103.77337148250372, 1.2901970455592333 ],
						[ 103.77308754031986, 1.2903333988687729 ]
					]
				]
			},
			"properties" : {
				"OBJECTID" : 5479,
				"DESCRIPTION" : "SITE AREA:4568.6, FOR ENQUIRIES, PLEASE CALL SLA AT 6323-9829 OR EMAIL at SLA_ENQUIRY@SLA.GOV.SG",
				"INC_CRC" : "AB450DE0BACA2D35",
				"FMEL_UPD_D" : "20250214152432",
				"NAME" : "PASIR PANJANG RD / HENG MUI KENG TERRACE",
				"SHAPE.AREA" : 4568.613656615,
				"SHAPE.LEN" : 392.829145537741
			}
		},
		{
			"type" : "Feature",
			"geometry" : {
				"type" : "Polygon",
				"coordinates" : [
					[
						[ 103.79537214482855, 1.2847958812784612 ],
						[ 103.79542752799334, 1.28510831479149 ],
						[ 103.79524351033062, 1.285192645854474 ],
						[ 103.79523898651415, 1.2851703414397984 ],
						[ 103.79523985897931, 1.2851108252114578 ],
						[ 103.7952236593161, 1.2850429885715164 ],
						[ 103.7951925531441, 1.2849575346830207 ],
						[ 103.79514459021821, 1.2848825169093694 ],
						[ 103.79507616968189, 1.2848454803356886 ],
						[ 103.79503080037814, 1.2847414659534202 ],
						[ 103.79521881551958, 1.2846030385808507 ],
						[ 103.79537214482855, 1.2847958812784612 ]
					]
				]
			},
			"properties" : {
				"OBJECTID" : 5480,
				"DESCRIPTION" : "SITE AREA:1445.8, FOR ENQUIRIES, PLEASE CALL SLA AT 6323-9829 OR EMAIL at SLA_ENQUIRY@SLA.GOV.SG",
				"INC_CRC" : "67C48C609F9AD960",
				"FMEL_UPD_D" : "20250214152432",
				"NAME" : "WINCESTER ROAD (NEXT TO HSE 11)",
				"SHAPE.AREA" : 1445.8207556,
				"SHAPE.LEN" : 168.779659938443
			}
		},
		{
			"type" : "Feature",
			"geometry" : {
				"type" : "MultiPolygon",
				"coordinates" : [
					[
						[
							[ 103.70042798801107, 1.353677174988869 ],
							[ 103.70041479089011, 1.3536761025920523 ],
							[ 103.7004222223459, 1.3536697028323315 ],
							[ 103.70042798801107, 1.353677174988869 ]
						]
					],
					[
						[
							[ 103.70112777877117, 1.3539317479725588 ],
							[ 103.700967466534, 1.3537288482731615 ],
							[ 103.70086181627117, 1.3536799164843707 ],
							[ 103.70076187651571, 1.3536780127325525 ],
							[ 103.70060852256563, 1.3534792246257572 ],
							[ 103.70074166704073, 1.3533952529012654 ],
							[ 103.70065205977781, 1.3532791188492583 ],
							[ 103.70065148653553, 1.3532783799539645 ],
							[ 103.70065709192538, 1.3532754121465078 ],
							[ 103.70112777877117, 1.3539317479725588 ]
						]
					],
					[
						[
							[ 103.70018892598317, 1.3538843918117138 ],
							[ 103.70001765197608, 1.3540324354349587 ],
							[ 103.69995329410416, 1.354084703992942 ],
							[ 103.69984195731534, 1.3541751340197719 ],
							[ 103.699661994764, 1.354312360963009 ],
							[ 103.69947795302927, 1.3544439625327804 ],
							[ 103.69928999385809, 1.3545698483010065 ],
							[ 103.69912132771644, 1.3546790858252034 ],
							[ 103.69912548708741, 1.3546967572886774 ],
							[ 103.69910510567644, 1.354733437071514 ],
							[ 103.6990865482925, 1.354771093666652 ],
							[ 103.69906985088414, 1.3548096185527307 ],
							[ 103.69905506736966, 1.3548489303402347 ],
							[ 103.69904222471195, 1.354888920507264 ],
							[ 103.69903134987244, 1.3549295076627939 ],
							[ 103.6990224787997, 1.354970583285436 ],
							[ 103.69901562947105, 1.3550120388528129 ],
							[ 103.69901081986232, 1.3550537929733528 ],
							[ 103.6990080589652, 1.3550957371241847 ],
							[ 103.6990073557714, 1.3551377627823828 ],
							[ 103.69900870130088, 1.3551797704676496 ],
							[ 103.69901211353049, 1.3552216607012033 ],
							[ 103.69901756550891, 1.3552633340017013 ],
							[ 103.69902505724227, 1.3553046818457446 ],
							[ 103.69903456177873, 1.3553456137956166 ],
							[ 103.6990519186411, 1.355406713453916 ],
							[ 103.69907220486844, 1.355466899870076 ],
							[ 103.69909537554129, 1.3555260192999725 ],
							[ 103.69912137675358, 1.3555839360862953 ],
							[ 103.69915013662794, 1.3556405145706387 ],
							[ 103.69918160125822, 1.3556956190956575 ],
							[ 103.6992156807953, 1.3557491230455656 ],
							[ 103.69925251001571, 1.355801171125703 ],
							[ 103.69959402851913, 1.356259900583405 ],
							[ 103.6996335532296, 1.3563158466087977 ],
							[ 103.69966234878189, 1.3563612254727775 ],
							[ 103.69952183693857, 1.3564587775085593 ],
							[ 103.69897770280677, 1.355797239908623 ],
							[ 103.69878515574955, 1.3555268882500338 ],
							[ 103.69874759508629, 1.3554753320960093 ],
							[ 103.69882544627407, 1.3554151149902878 ],
							[ 103.69881616209808, 1.3554029607519442 ],
							[ 103.69889120517759, 1.355344493426981 ],
							[ 103.6986658615499, 1.3550575539335392 ],
							[ 103.69865625714614, 1.3550353151374515 ],
							[ 103.69865626037664, 1.3549768210108069 ],
							[ 103.6986668287245, 1.354954104031385 ],
							[ 103.69868316570907, 1.3549338020207804 ],
							[ 103.69869949333429, 1.3549202646364193 ],
							[ 103.69999954699706, 1.3540132800470475 ],
							[ 103.7003782193632, 1.3537101172453219 ],
							[ 103.70018892598317, 1.3538843918117138 ]
						]
					]
				]
			},
			"properties" : {
				"OBJECTID" : 5481,
				"DESCRIPTION" : "SITE AREA:6799.6, FOR ENQUIRIES, PLEASE CALL  HDB AT 6490-1111 OR EMAIL at HDBMAILBOX@HDB.GOV.SG",
				"INC_CRC" : "192063BDB9F58197",
				"FMEL_UPD_D" : "20250214152432",
				"NAME" : "JURONG WEST ST 25 (BESIDE WESTWOOD SEC SCH)",
				"SHAPE.AREA" : 6799.6485537,
				"SHAPE.LEN" : 1062.77605418996
			}
		},
		{
			"type" : "Feature",
			"geometry" : {
				"type" : "Polygon",
				"coordinates" : [
					[
						[ 103.83134822982774, 1.423182412901031 ],
						[ 103.83135860851453, 1.423223461986249 ],
						[ 103.83135950689595, 1.4234695303533307 ],
						[ 103.83136537462714, 1.4235477487896748 ],
						[ 103.83137579822174, 1.4236168421983912 ],
						[ 103.83139393172374, 1.4236888657524909 ],
						[ 103.8314188945196, 1.423758094827758 ],
						[ 103.83117356126208, 1.4237415357071739 ],
						[ 103.83097968178124, 1.4232693128768803 ],
						[ 103.83101578716894, 1.4232541919496995 ],
						[ 103.83120337701278, 1.4231893854164765 ],
						[ 103.83133002440583, 1.4231544409105434 ],
						[ 103.83134822982774, 1.423182412901031 ]
					]
				]
			},
			"properties" : {
				"OBJECTID" : 5482,
				"DESCRIPTION" : "SITE AREA:2026.5, FOR ENQUIRIES, PLEASE CALL  HDB AT 6490-1111 OR EMAIL at HDBMAILBOX@HDB.GOV.SG",
				"INC_CRC" : "78204EBB239B24FF",
				"FMEL_UPD_D" : "20250214152432",
				"NAME" : "YISHUN RING RD /AVE 3 (BESIDE INDIAN TEMPLE)",
				"SHAPE.AREA" : 2026.462848,
				"SHAPE.LEN" : 193.249837490641
			}
		},
		{
			"type" : "Feature",
			"geometry" : {
				"type" : "Polygon",
				"coordinates" : [
					[
						[ 103.84283996304227, 1.3578527943488818 ],
						[ 103.84286460184818, 1.3578856588522714 ],
						[ 103.84284405190596, 1.357952274412813 ],
						[ 103.84282679981698, 1.3580489419879156 ],
						[ 103.84282256795187, 1.3581465410067166 ],
						[ 103.8428304308787, 1.3582680151968005 ],
						[ 103.84285282361344, 1.3583877348623146 ],
						[ 103.84288916208133, 1.3585034481379132 ],
						[ 103.8429346658839, 1.3586080286509437 ],
						[ 103.84291350481396, 1.3586496023650474 ],
						[ 103.84247546310299, 1.3587366220116381 ],
						[ 103.84248934255908, 1.3578353233912155 ],
						[ 103.84283996304227, 1.3578527943488818 ]
					]
				]
			},
			"properties" : {
				"OBJECTID" : 5483,
				"DESCRIPTION" : "SITE AREA:3927.4, FOR ENQUIRIES, PLEASE CALL  HDB AT 6490-1111 OR EMAIL at HDBMAILBOX@HDB.GOV.SG",
				"INC_CRC" : "394C063BEA0DCBBE",
				"FMEL_UPD_D" : "20250214152432",
				"NAME" : "BISHAN ST 22 (NEXT TO BLK 264/265/266)",
				"SHAPE.AREA" : 3927.419132,
				"SHAPE.LEN" : 280.497076036816
			}
		},
		{
			"type" : "Feature",
			"geometry" : {
				"type" : "Polygon",
				"coordinates" : [
					[
						[ 103.89651733210758, 1.3644550588963669 ],
						[ 103.89660720907888, 1.364539967234016 ],
						[ 103.89647308359882, 1.3646834842676174 ],
						[ 103.89593847105762, 1.3646610339329364 ],
						[ 103.89594338302328, 1.3645372444895472 ],
						[ 103.89596735613762, 1.3645111077482255 ],
						[ 103.89599079498515, 1.3643260652600966 ],
						[ 103.89595607974775, 1.3641882139976511 ],
						[ 103.89596485773417, 1.3641487563757393 ],
						[ 103.89599738526105, 1.3641246270977554 ],
						[ 103.89606379769083, 1.3640972502647433 ],
						[ 103.89608318837251, 1.3640814595643085 ],
						[ 103.89609158120017, 1.3640893906144669 ],
						[ 103.89610910275232, 1.3640694127585633 ],
						[ 103.89651733210758, 1.3644550588963669 ]
					]
				]
			},
			"properties" : {
				"OBJECTID" : 5484,
				"DESCRIPTION" : "SITE AREA:3152.1, FOR ENQUIRIES, PLEASE CALL  HDB AT 6490-1111 OR EMAIL at HDBMAILBOX@HDB.GOV.SG",
				"INC_CRC" : "D95CA8AD57BBCB5E",
				"FMEL_UPD_D" : "20250214152432",
				"NAME" : "HOUGANG AVE 7 (FRONTING BLK 316)",
				"SHAPE.AREA" : 3152.1204595,
				"SHAPE.LEN" : 235.303493376587
			}
		},
		{
			"type" : "Feature",
			"geometry" : {
				"type" : "Polygon",
				"coordinates" : [
					[
						[ 103.89575387117733, 1.378261177136977 ],
						[ 103.89574491365606, 1.3776187535851425 ],
						[ 103.8958950956592, 1.3776167473608198 ],
						[ 103.89589509655784, 1.3776167500738994 ],
						[ 103.89588625011237, 1.3776168687792536 ],
						[ 103.89589501897137, 1.3782593013774345 ],
						[ 103.89592426122154, 1.3782589144410085 ],
						[ 103.89592426122164, 1.3782589180584743 ],
						[ 103.89575387117733, 1.378261177136977 ]
					]
				]
			},
			"properties" : {
				"OBJECTID" : 5485,
				"DESCRIPTION" : "SITE AREA:1116.8, FOR ENQUIRIES, PLEASE CALL  HDB AT 6490-1111 OR EMAIL at HDBMAILBOX@HDB.GOV.SG",
				"INC_CRC" : "AE35102749B79F99",
				"FMEL_UPD_D" : "20250214152432",
				"NAME" : "HOUGANG AVE 10 (FACING BLK 453)",
				"SHAPE.AREA" : 1116.79991074,
				"SHAPE.LEN" : 182.005333741335
			}
		},
		{
			"type" : "Feature",
			"geometry" : {
				"type" : "Polygon",
				"coordinates" : [
					[
						[ 103.89104228189814, 1.3766615043320958 ],
						[ 103.89123622200049, 1.3767116465719962 ],
						[ 103.89142890409045, 1.376761029160948 ],
						[ 103.8913146354353, 1.3772491261286863 ],
						[ 103.89090093270995, 1.3772547071006527 ],
						[ 103.89089239892856, 1.3766163078760785 ],
						[ 103.89104228189814, 1.3766615043320958 ]
					]
				]
			},
			"properties" : {
				"OBJECTID" : 5486,
				"DESCRIPTION" : "SITE AREA:3322, FOR ENQUIRIES, PLEASE CALL  HDB AT 6490-1111 OR EMAIL at HDBMAILBOX@HDB.GOV.SG",
				"INC_CRC" : "188F08DFD50725A3",
				"FMEL_UPD_D" : "20250214152432",
				"NAME" : "HOUGANG AVE 8 (BLK 534 & 542)",
				"SHAPE.AREA" : 3322.012233,
				"SHAPE.LEN" : 233.914799913827
			}
		},
		{
			"type" : "Feature",
			"geometry" : {
				"type" : "Polygon",
				"coordinates" : [
					[
						[ 103.7186712441406, 1.3455272500841782 ],
						[ 103.71906445380638, 1.3455274495220408 ],
						[ 103.71906273998115, 1.3458615390950222 ],
						[ 103.71904007825383, 1.3458626413489418 ],
						[ 103.71892056937652, 1.3458719868203357 ],
						[ 103.71880239884777, 1.345892157569928 ],
						[ 103.71868651016217, 1.3459229727698652 ],
						[ 103.71863680997464, 1.3459411481075148 ],
						[ 103.71858134271623, 1.3459233114505886 ],
						[ 103.71854167505609, 1.3458430745185463 ],
						[ 103.71846888925026, 1.3457038173109297 ],
						[ 103.71846912174666, 1.345343736292342 ],
						[ 103.71867145941467, 1.3453429319428207 ],
						[ 103.7186712441406, 1.3455272500841782 ]
					]
				]
			},
			"properties" : {
				"OBJECTID" : 5487,
				"DESCRIPTION" : "SITE AREA:3030.9, FOR ENQUIRIES, PLEASE CALL  HDB AT 6490-1111 OR EMAIL at HDBMAILBOX@HDB.GOV.SG",
				"INC_CRC" : "8454EDBE7C563461",
				"FMEL_UPD_D" : "20250214152432",
				"NAME" : "JURONG WEST ST 52",
				"SHAPE.AREA" : 3030.864007,
				"SHAPE.LEN" : 245.635388097493
			}
		},
		{
			"type" : "Feature",
			"geometry" : {
				"type" : "Polygon",
				"coordinates" : [
					[
						[ 103.76014267444147, 1.319032348737983 ],
						[ 103.75989882829542, 1.318819721030054 ],
						[ 103.75964024992874, 1.318594237328179 ],
						[ 103.75964877733325, 1.3185889108787239 ],
						[ 103.75966526595548, 1.3185816493275453 ],
						[ 103.7601448374297, 1.3189955728430591 ],
						[ 103.76014528677973, 1.318993022550097 ],
						[ 103.75966549070512, 1.3185778419621488 ],
						[ 103.75964781598645, 1.3185854200053742 ],
						[ 103.75963856115094, 1.3185773075853706 ],
						[ 103.75962905337339, 1.3185844707686927 ],
						[ 103.75962499292599, 1.3185809336804528 ],
						[ 103.7598816129163, 1.3184839211516155 ],
						[ 103.75992728482379, 1.3185328214644203 ],
						[ 103.75996907489525, 1.3185850678078537 ],
						[ 103.76000673154773, 1.3186402712981802 ],
						[ 103.76003966172343, 1.318698911230878 ],
						[ 103.76018638678998, 1.3189832385483957 ],
						[ 103.76014267444147, 1.319032348737983 ]
					],
					[
						[ 103.76012231347909, 1.3189023593868308 ],
						[ 103.76013632989822, 1.3189357850923107 ],
						[ 103.76013792035386, 1.3189350887791644 ],
						[ 103.76012404770394, 1.3189016269033846 ],
						[ 103.76012231347909, 1.3189023593868308 ]
					]
				]
			},
			"properties" : {
				"OBJECTID" : 5488,
				"DESCRIPTION" : "SITE AREA:1328.2, FOR ENQUIRIES, PLEASE CALL  HDB AT 6490-1111 OR EMAIL at HDBMAILBOX@HDB.GOV.SG",
				"INC_CRC" : "7D8C5437C1CA5158",
				"FMEL_UPD_D" : "20250214152432",
				"NAME" : "JLN LEMPENG (JUNCTION OF LEMPENG & FABER DR)",
				"SHAPE.AREA" : 1328.1896382,
				"SHAPE.LEN" : 334.878126124423
			}
		},
		{
			"type" : "Feature",
			"geometry" : {
				"type" : "Polygon",
				"coordinates" : [
					[
						[ 103.748730379603, 1.3635853217962284 ],
						[ 103.74873118732823, 1.3636135379611019 ],
						[ 103.74872587071485, 1.363787718152745 ],
						[ 103.748717461685, 1.3640003698511447 ],
						[ 103.7483573523999, 1.3639858782259988 ],
						[ 103.74837382869933, 1.3635709840450034 ],
						[ 103.748730379603, 1.3635853217962284 ]
					]
				]
			},
			"properties" : {
				"OBJECTID" : 5489,
				"DESCRIPTION" : "SITE AREA:1838.8, FOR ENQUIRIES, PLEASE CALL  HDB AT 6490-1111 OR EMAIL at HDBMAILBOX@HDB.GOV.SG",
				"INC_CRC" : "D290C3915E12D8A4",
				"FMEL_UPD_D" : "20250214152432",
				"NAME" : "BT BATOK ST 32",
				"SHAPE.AREA" : 1838.785167,
				"SHAPE.LEN" : 171.656079291067
			}
		},
		{
			"type" : "Feature",
			"geometry" : {
				"type" : "Polygon",
				"coordinates" : [
					[
						[ 103.86635172983766, 1.324978735973031 ],
						[ 103.86634032459047, 1.324985983702836 ],
						[ 103.86632735319199, 1.3249953494751592 ],
						[ 103.86629200883232, 1.325014526997191 ],
						[ 103.86626909945052, 1.3250255578372336 ],
						[ 103.86624495002627, 1.325033710101556 ],
						[ 103.86622009879513, 1.3250391140113613 ],
						[ 103.86619470299591, 1.3250411555011006 ],
						[ 103.86616926136102, 1.3250424825432587 ],
						[ 103.86614379186035, 1.325043005605512 ],
						[ 103.86611834390419, 1.3250419487424707 ],
						[ 103.8660931924342, 1.3250381073370234 ],
						[ 103.86608018760425, 1.3250334789726725 ],
						[ 103.86605656627867, 1.3250225617988503 ],
						[ 103.86604450941569, 1.3250173672895473 ],
						[ 103.8660023201532, 1.3249895287981834 ],
						[ 103.86597708127452, 1.3249666134415636 ],
						[ 103.86595180286032, 1.3249437279292204 ],
						[ 103.8659277581438, 1.3249195337848747 ],
						[ 103.86590400096112, 1.3248950484311186 ],
						[ 103.86588037945883, 1.3248704310380983 ],
						[ 103.86585704638915, 1.3248455378098736 ],
						[ 103.86611004950623, 1.3246432814794606 ],
						[ 103.86635172983766, 1.324978735973031 ]
					]
				]
			},
			"properties" : {
				"OBJECTID" : 5490,
				"DESCRIPTION" : "SITE AREA:1322, FOR ENQUIRIES, PLEASE CALL  HDB AT 6490-1111 OR EMAIL at HDBMAILBOX@HDB.GOV.SG",
				"INC_CRC" : "AD285F4B66F6E941",
				"FMEL_UPD_D" : "20250214152432",
				"NAME" : "WHAMPOA SOUTH(Near blk 49)",
				"SHAPE.AREA" : 1322.00906451,
				"SHAPE.LEN" : 146.389374033784
			}
		},
		{
			"type" : "Feature",
			"geometry" : {
				"type" : "Polygon",
				"coordinates" : [
					[
						[ 103.83760606373157, 1.2749949517571915 ],
						[ 103.83730485046077, 1.2752187518261304 ],
						[ 103.83729556585212, 1.275197359991363 ],
						[ 103.83728507540874, 1.2751765397170765 ],
						[ 103.83727336116011, 1.2751563922921738 ],
						[ 103.83726049229361, 1.275136972882803 ],
						[ 103.83724649935958, 1.275118356551185 ],
						[ 103.83723148119712, 1.275100566810633 ],
						[ 103.83718529278417, 1.2750647097135785 ],
						[ 103.83695484132481, 1.2748749878430186 ],
						[ 103.83676577112679, 1.2747183141056853 ],
						[ 103.83648751846329, 1.274492562355104 ],
						[ 103.8364406956284, 1.2743928019110655 ],
						[ 103.83672502834138, 1.2743665207036547 ],
						[ 103.83687828262933, 1.2743526294498606 ],
						[ 103.8368792601891, 1.2743179334859027 ],
						[ 103.83760606373157, 1.2749949517571915 ]
					]
				]
			},
			"properties" : {
				"OBJECTID" : 5491,
				"DESCRIPTION" : "SITE AREA:4808.8, FOR ENQUIRIES, PLEASE CALL  HDB AT 6490-1111 OR EMAIL at HDBMAILBOX@HDB.GOV.SG",
				"INC_CRC" : "34E230B356AEE5C8",
				"FMEL_UPD_D" : "20250214152432",
				"NAME" : "SPOTTISWOODE PARK RD(Near blk 109)",
				"SHAPE.AREA" : 4808.77432503,
				"SHAPE.LEN" : 338.96610507315
			}
		},
		{
			"type" : "Feature",
			"geometry" : {
				"type" : "Polygon",
				"coordinates" : [
					[
						[ 103.8568455194714, 1.3250010960986311 ],
						[ 103.85681404335915, 1.3250254690235277 ],
						[ 103.8570410748032, 1.325322442076023 ],
						[ 103.85603177217571, 1.3261036480151978 ],
						[ 103.8559728123183, 1.3261672290033137 ],
						[ 103.85554745056315, 1.3256034881978982 ],
						[ 103.85597280477204, 1.325336448079759 ],
						[ 103.85607387909052, 1.3252898217293645 ],
						[ 103.85612862740257, 1.3252262407778024 ],
						[ 103.85668032285744, 1.324789650909256 ],
						[ 103.8568455194714, 1.3250010960986311 ]
					]
				]
			},
			"properties" : {
				"OBJECTID" : 5492,
				"DESCRIPTION" : "SITE AREA:10969, FOR ENQUIRIES, PLEASE CALL  HDB AT 6490-1111 OR EMAIL at HDBMAILBOX@HDB.GOV.SG",
				"INC_CRC" : "C6EE5C75D4A3EE04",
				"FMEL_UPD_D" : "20250214152432",
				"NAME" : "WHAMPOA RD(Near Whampoa Community Club)",
				"SHAPE.AREA" : 10969.04084388,
				"SHAPE.LEN" : 460.758629698534
			}
		},
		{
			"type" : "Feature",
			"geometry" : {
				"type" : "MultiPolygon",
				"coordinates" : [
					[
						[
							[ 103.85855009190242, 1.3270033097322267 ],
							[ 103.85851353076801, 1.3271072487211184 ],
							[ 103.85841016067481, 1.3270704150110322 ],
							[ 103.85844477200537, 1.3269720017107205 ],
							[ 103.85845026213067, 1.3269677330540903 ],
							[ 103.85855009190242, 1.3270033097322267 ]
						]
					],
					[
						[
							[ 103.85891767552387, 1.3281613537348396 ],
							[ 103.85891085558906, 1.3281708405895447 ],
							[ 103.85788782910205, 1.3278003961938711 ],
							[ 103.85784663015258, 1.3277791802137313 ],
							[ 103.8578457765211, 1.3277787370836298 ],
							[ 103.85781101111787, 1.3277466234462156 ],
							[ 103.85778568046085, 1.327706325215531 ],
							[ 103.85777141096614, 1.3276611071315634 ],
							[ 103.85776919106978, 1.327613646103658 ],
							[ 103.8577800002283, 1.3275672520962927 ],
							[ 103.85779630856514, 1.3275232546000948 ],
							[ 103.85781064022609, 1.3274940163524358 ],
							[ 103.85782415422487, 1.3274671113733156 ],
							[ 103.85782525044021, 1.327464931843893 ],
							[ 103.85784550361271, 1.327439401431555 ],
							[ 103.85786944089267, 1.327417271392852 ],
							[ 103.85799951467538, 1.327316424403106 ],
							[ 103.85832309069127, 1.3270661201663054 ],
							[ 103.85857660983507, 1.3271598730453795 ],
							[ 103.85844094986473, 1.3275373742715004 ],
							[ 103.85851039942345, 1.3275631750804726 ],
							[ 103.85864977925542, 1.3271713848531148 ],
							[ 103.85867256594904, 1.327107337523227 ],
							[ 103.85867401231519, 1.3270771950389588 ],
							[ 103.85866543980936, 1.3270482012008937 ],
							[ 103.85864682151625, 1.327024389474952 ],
							[ 103.85853849984048, 1.3269333662992315 ],
							[ 103.85849575559241, 1.3269325437654065 ],
							[ 103.85858702106198, 1.3268619752661326 ],
							[ 103.85891392158437, 1.3266091206108162 ],
							[ 103.85894056357388, 1.3265946052829791 ],
							[ 103.85897058423761, 1.3265907704645978 ],
							[ 103.85900039832403, 1.3265956989402126 ],
							[ 103.8590264745346, 1.3266113351303868 ],
							[ 103.85904591050846, 1.3266347398809568 ],
							[ 103.85924758565226, 1.3269794272550075 ],
							[ 103.85929427521678, 1.3270436637737424 ],
							[ 103.85930609133497, 1.327055691696924 ],
							[ 103.85930607337794, 1.3270570392002399 ],
							[ 103.85891767552387, 1.3281613537348396 ]
						],
						[
							[ 103.85874867906789, 1.3276503171918337 ],
							[ 103.85878091036552, 1.3276637014530002 ],
							[ 103.85891749561517, 1.3272680405602963 ],
							[ 103.85888848117618, 1.327257432666405 ],
							[ 103.85874867906789, 1.3276503171918337 ]
						]
					]
				]
			},
			"properties" : {
				"OBJECTID" : 5493,
				"DESCRIPTION" : "SITE AREA:15876.5, FOR ENQUIRIES, PLEASE CALL  HDB AT 6490-1111 OR EMAIL at HDBMAILBOX@HDB.GOV.SG",
				"INC_CRC" : "315981A2EBC5717D",
				"FMEL_UPD_D" : "20250214152432",
				"NAME" : "JLN TENTERAM(Near blk 33)",
				"SHAPE.AREA" : 15876.457264,
				"SHAPE.LEN" : 812.286171083894
			}
		},
		{
			"type" : "Feature",
			"geometry" : {
				"type" : "Polygon",
				"coordinates" : [
					[
						[ 103.85080368851895, 1.3085377596908174 ],
						[ 103.85095412842705, 1.3087395043086743 ],
						[ 103.85114144410718, 1.308973952289633 ],
						[ 103.85123733449878, 1.309104634109447 ],
						[ 103.85141499174739, 1.309340534547497 ],
						[ 103.85155187788648, 1.309519742456955 ],
						[ 103.85163234363993, 1.3096230384017318 ],
						[ 103.85185949883324, 1.3099175249948294 ],
						[ 103.85217936722287, 1.3103323998917822 ],
						[ 103.85184625914087, 1.3105867006955718 ],
						[ 103.85179009032593, 1.3105137279267403 ],
						[ 103.85178047577493, 1.3105028032726942 ],
						[ 103.8515943216763, 1.3102590060144628 ],
						[ 103.85140764646323, 1.3100162668517974 ],
						[ 103.85123824155, 1.3097964712821941 ],
						[ 103.85103429614531, 1.3095307975252157 ],
						[ 103.85085439615253, 1.3092964417307287 ],
						[ 103.85067561040152, 1.3090633248942554 ],
						[ 103.85046541115383, 1.308787757381243 ],
						[ 103.85047168276898, 1.3087508502147631 ],
						[ 103.85066141908588, 1.30859130088276 ],
						[ 103.85074809883719, 1.3085216307353802 ],
						[ 103.85080368851895, 1.3085377596908174 ]
					]
				]
			},
			"properties" : {
				"OBJECTID" : 5494,
				"DESCRIPTION" : "SITE AREA:11858.8, FOR ENQUIRIES, PLEASE CALL  HDB AT 6490-1111 OR EMAIL at HDBMAILBOX@HDB.GOV.SG",
				"INC_CRC" : "6ADFCB65577B5C60",
				"FMEL_UPD_D" : "20250214152432",
				"NAME" : "RACE COURSE RD/NORTHUMBERLAND RD",
				"SHAPE.AREA" : 11858.805867475,
				"SHAPE.LEN" : 598.991172776459
			}
		},
		{
			"type" : "Feature",
			"geometry" : {
				"type" : "Polygon",
				"coordinates" : [
					[
						[ 103.89319334889107, 1.3669549145615072 ],
						[ 103.89287357434955, 1.3672846897834283 ],
						[ 103.89248612001907, 1.3669014571638785 ],
						[ 103.89250782846987, 1.3668617821847169 ],
						[ 103.89291528898315, 1.366679904483007 ],
						[ 103.89319334889107, 1.3669549145615072 ]
					]
				]
			},
			"properties" : {
				"OBJECTID" : 5495,
				"DESCRIPTION" : "SITE AREA:2720.6, FOR ENQUIRIES, PLEASE CALL  HDB AT 6490-1111 OR EMAIL at HDBMAILBOX@HDB.GOV.SG",
				"INC_CRC" : "4F76A6AAE6385668",
				"FMEL_UPD_D" : "20250214152432",
				"NAME" : "LORONG LOW KOON (NEXT TO HOLY INNOCENT PR SCH)",
				"SHAPE.AREA" : 2720.596079,
				"SHAPE.LEN" : 209.40749543529
			}
		},
		{
			"type" : "Feature",
			"geometry" : {
				"type" : "Polygon",
				"coordinates" : [
					[
						[ 103.91681924993094, 1.3958419107701638 ],
						[ 103.9168208325961, 1.395874965185757 ],
						[ 103.9169247849737, 1.3960090785204502 ],
						[ 103.91695637039936, 1.3960194142608022 ],
						[ 103.91716004725015, 1.3962840028095076 ],
						[ 103.91714505758516, 1.3962963035899698 ],
						[ 103.91717490087731, 1.3963378489605034 ],
						[ 103.91742824002569, 1.3966657619163525 ],
						[ 103.91742982270056, 1.3966988163307499 ],
						[ 103.91753377515005, 1.396832929633102 ],
						[ 103.9175399224043, 1.396834940714993 ],
						[ 103.91767718379316, 1.3970300683779149 ],
						[ 103.91769747502408, 1.3970666039138653 ],
						[ 103.91771179978525, 1.3971058979726232 ],
						[ 103.91771628518131, 1.397147480425515 ],
						[ 103.91771264742182, 1.39718918978278 ],
						[ 103.91770155140243, 1.3972295428649182 ],
						[ 103.91768292517992, 1.3972669570390452 ],
						[ 103.9176566428796, 1.3972993794053292 ],
						[ 103.9176252654568, 1.3973269003073503 ],
						[ 103.91728527852523, 1.3975714432967652 ],
						[ 103.91677051552398, 1.3979318377924081 ],
						[ 103.91668175842028, 1.3978082163358063 ],
						[ 103.91566158529648, 1.3963874627848627 ],
						[ 103.91571751439658, 1.3963794192160948 ],
						[ 103.91576742763577, 1.3963492759361618 ],
						[ 103.91586725520655, 1.3962688944242674 ],
						[ 103.91597706614088, 1.396218654074437 ],
						[ 103.91605692761759, 1.3961483207357008 ],
						[ 103.9161467717584, 1.396088034515144 ],
						[ 103.91621665036175, 1.3960277480952585 ],
						[ 103.91631647770912, 1.3959674615145243 ],
						[ 103.91641630594984, 1.3959071749297693 ],
						[ 103.91659599508782, 1.3957866015553566 ],
						[ 103.91681924993094, 1.3958419107701638 ]
					]
				]
			},
			"properties" : {
				"OBJECTID" : 5496,
				"DESCRIPTION" : "SITE AREA:28697.2, FOR ENQUIRIES, PLEASE CALL  HDB AT 6490-1111 OR EMAIL at HDBMAILBOX@HDB.GOV.SG",
				"INC_CRC" : "CBF593E4CD9292EE",
				"FMEL_UPD_D" : "20250214152432",
				"NAME" : "PUNGGOL CENTRAL (INFRONT BLK 642A)",
				"SHAPE.AREA" : 28697.1802048,
				"SHAPE.LEN" : 680.577210882242
			}
		},
		{
			"type" : "Feature",
			"geometry" : {
				"type" : "Polygon",
				"coordinates" : [
					[
						[ 103.96239720704172, 1.3655650837615148 ],
						[ 103.96242687104906, 1.3655750292363846 ],
						[ 103.9625803570247, 1.3657271246781224 ],
						[ 103.96273878105022, 1.3658868327596807 ],
						[ 103.96279683770211, 1.3659421458190284 ],
						[ 103.96279644415114, 1.3659425419509177 ],
						[ 103.96250939453604, 1.366232052816005 ],
						[ 103.96249807320532, 1.3662434755205912 ],
						[ 103.962493391422, 1.3662387821350495 ],
						[ 103.96207525073, 1.3658195451984825 ],
						[ 103.96231076763688, 1.3655818543975538 ],
						[ 103.96236381751132, 1.3655538886591843 ],
						[ 103.96239720704172, 1.3655650837615148 ]
					]
				]
			},
			"properties" : {
				"OBJECTID" : 5497,
				"DESCRIPTION" : "SITE AREA:3089.1, FOR ENQUIRIES, PLEASE CALL  HDB AT 6490-1111 OR EMAIL at HDBMAILBOX@HDB.GOV.SG",
				"INC_CRC" : "95C0EFB4D3178E62",
				"FMEL_UPD_D" : "20250214152432",
				"NAME" : "PASIR RIS DR 2 (BLK 208)",
				"SHAPE.AREA" : 3089.067253965,
				"SHAPE.LEN" : 222.491925617308
			}
		}
	]
}